gene_id	gene_symbol	description	category	log2FoldChange	pvalue	padj	significant
MMAR_2313	mps1	Peptide synthetase Mps1 (GPL biosynthesis / biofilm)	Biofilm_GPL	2.5531	1.0000e-15	6.8571e-15	YES
MMAR_2314	mps2	Peptide synthetase Mps2 (GPL biosynthesis / biofilm)	Biofilm_GPL	2.8150	1.0000e-15	6.8571e-15	YES
MMAR_2315	fmt	Formyltransferase (glycopeptidolipid modification)	Biofilm_GPL	1.9528	1.0000e-15	6.8571e-15	YES
MMAR_1762	fadD28	Fatty acyl-AMP ligase (PDMS surface attachment)	Biofilm_GPL	2.1428	1.0000e-15	6.8571e-15	YES
MMAR_1764	drrA	Daunorubicin resistance ABC transporter DrrA	Biofilm_GPL	1.8664	1.0000e-15	6.8571e-15	YES
MMAR_1765	drrB	ABC transporter transmembrane permease DrrB	Biofilm_GPL	1.7724	1.0000e-15	6.8571e-15	YES
MMAR_5284	groEL1	Chaperonin GroEL1 (biofilm maturation & mycolic acid association)	Biofilm_GPL	2.1324	1.0000e-15	6.8571e-15	YES
MMAR_1537	kasA	Beta-ketoacyl-ACP synthase KasA (FAS-II elongation)	Cell_Wall_Lipids	1.6146	1.0000e-15	6.8571e-15	YES
MMAR_1536	kasB	Beta-ketoacyl-ACP synthase KasB (meromycolate maturation)	Cell_Wall_Lipids	1.8389	1.0000e-15	6.8571e-15	YES
MMAR_1535	acpM	Acyl carrier protein AcpM (meromycolic chain carrier)	Cell_Wall_Lipids	1.6406	1.0000e-15	6.8571e-15	YES
MMAR_2760	inhA	Enoyl-ACP reductase InhA (FAS-II cycle)	Cell_Wall_Lipids	1.4162	1.0000e-15	6.8571e-15	YES
MMAR_1534	fabD	Malonyl-CoA:ACP transacylase FabD	Cell_Wall_Lipids	1.5095	1.0000e-15	6.8571e-15	YES
MMAR_5207	fbpA	Antigen 85A mycolyltransferase FbpA (cord factor synthesis)	Cell_Wall_Lipids	2.1991	1.0000e-15	6.8571e-15	YES
MMAR_2434	fbpB	Antigen 85B mycolyltransferase FbpB	Cell_Wall_Lipids	2.0237	1.0000e-15	6.8571e-15	YES
MMAR_0344	fbpC	Antigen 85C mycolyltransferase FbpC	Cell_Wall_Lipids	1.9445	1.0000e-15	6.8571e-15	YES
MMAR_0392	mmpL3	Trehalose monomycolate flippase MmpL3	Cell_Wall_Lipids	2.0109	1.0000e-15	6.8571e-15	YES
MMAR_4996	mmpL8	Sulfolipid transporter MmpL8	Cell_Wall_Lipids	1.4754	1.0000e-15	6.8571e-15	YES
MMAR_5439	esxA	6 kDa early secretory antigenic target ESAT-6	ESX_Secretion	2.3956	1.0000e-15	6.8571e-15	YES
MMAR_5440	esxB	10 kDa culture filtrate antigen CFP-10	ESX_Secretion	2.2914	1.0000e-15	6.8571e-15	YES
MMAR_5444	eccA1	ESX-1 ATPase EccA1	ESX_Secretion	1.8056	1.0000e-15	6.8571e-15	YES
MMAR_5445	eccB1	ESX-1 membrane protein EccB1	ESX_Secretion	1.7453	1.0000e-15	6.8571e-15	YES
MMAR_5446	eccC1	ESX-1 core ATPase EccC1	ESX_Secretion	2.0396	1.0000e-15	6.8571e-15	YES
MMAR_5447	eccD1	ESX-1 transmembrane channel EccD1	ESX_Secretion	2.2119	1.0000e-15	6.8571e-15	YES
MMAR_5448	eccE1	ESX-1 membrane complex subunit EccE1	ESX_Secretion	1.7191	1.0000e-15	6.8571e-15	YES
MMAR_5449	mycP1	Subtilisin-like protease MycP1	ESX_Secretion	1.6558	1.0000e-15	6.8571e-15	YES
MMAR_5434	espA	ESX-1 substrate EspA (virulence factor)	ESX_Secretion	2.0561	1.0000e-15	6.8571e-15	YES
MMAR_4531	dosR	DevR/DosR two-component transcriptional response regulator	DosR_Stress	2.6754	1.0000e-15	6.8571e-15	YES
MMAR_4532	dosS	DosS histidine kinase sensor (redox / oxygen unweighting)	DosR_Stress	2.6269	1.0000e-15	6.8571e-15	YES
MMAR_2030	hspX	Alpha-crystallin small heat shock protein HspX / Acr	DosR_Stress	3.2784	1.0000e-15	6.8571e-15	YES
MMAR_4533	tgs1	Triacylglycerol synthase Tgs1 (lipid droplet dormancy)	DosR_Stress	2.5000	1.0000e-15	6.8571e-15	YES
MMAR_2028	fdxA	Ferredoxin FdxA (anaerobic electron transfer)	DosR_Stress	2.1816	1.0000e-15	6.8571e-15	YES
MMAR_1416	narG	Nitrate reductase alpha subunit NarG	DosR_Stress	1.9865	1.0000e-15	6.8571e-15	YES
MMAR_1804	sigE	ECF RNA polymerase sigma factor SigE (envelope stress)	DosR_Stress	1.8109	1.0000e-15	6.8571e-15	YES
MMAR_4571	sigH	ECF RNA polymerase sigma factor SigH (oxidative stress)	DosR_Stress	2.2289	1.0000e-15	6.8571e-15	YES
MMAR_4670	whiB3	Redox-sensing transcription regulator WhiB3	DosR_Stress	2.3590	1.0000e-15	6.8571e-15	YES
MMAR_2761	katG	Catalase-peroxidase KatG	Oxidative_Stress	2.1130	1.0000e-15	6.8571e-15	YES
MMAR_5238	sodA	Superoxide dismutase SodA (Mn/Fe cofactor)	Oxidative_Stress	2.4791	1.0000e-15	6.8571e-15	YES
MMAR_0638	sodC	Superoxide dismutase SodC (Cu/Zn envelope enzyme)	Oxidative_Stress	1.9385	1.0000e-15	6.8571e-15	YES
MMAR_3514	ahpC	Alkyl hydroperoxide reductase subunit C	Oxidative_Stress	2.2431	1.0000e-15	6.8571e-15	YES
MMAR_3513	ahpD	Alkyl hydroperoxide reductase subunit D	Oxidative_Stress	1.8154	1.0000e-15	6.8571e-15	YES
MMAR_3978	trxB2	Thioredoxin reductase TrxB2	Oxidative_Stress	1.9719	1.0000e-15	6.8571e-15	YES
MMAR_3979	trxC	Thioredoxin TrxC	Oxidative_Stress	1.7883	1.0000e-15	6.8571e-15	YES
MMAR_1120	clpP1	ATP-dependent Clp protease proteolytic subunit 1	Simulator_Divergent	1.9439	1.0000e-15	6.8571e-15	YES
MMAR_1121	clpP2	ATP-dependent Clp protease proteolytic subunit 2	Simulator_Divergent	1.8006	1.0000e-15	6.8571e-15	YES
MMAR_3120	dnaK	Molecular chaperone DnaK (Hsp70 family)	Simulator_Divergent	2.3073	1.0000e-15	6.8571e-15	YES
MMAR_3121	grpE	Heat shock protein GrpE (DnaK nucleotide exchange)	Simulator_Divergent	2.1783	1.0000e-15	6.8571e-15	YES
MMAR_1340	recA	Recombinase RecA (DNA repair & shear stress)	Simulator_Divergent	1.7912	1.0000e-15	6.8571e-15	YES
MMAR_0820	icl1	Isocitrate lyase Icl1 (glyoxylate shunt)	Simulator_Divergent	0.5446	1.0000e-15	6.8571e-15	NO
MMAR_0911	atpB	ATP synthase F1 beta subunit	Downregulated_Metabolism	-1.0446	1.0000e-15	6.8571e-15	YES
MMAR_0912	atpD	ATP synthase F1 delta subunit	Downregulated_Metabolism	-0.7762	1.0000e-15	6.8571e-15	YES
MMAR_2350	nuoA	NADH-quinone oxidoreductase subunit A	Downregulated_Metabolism	-1.3324	1.0000e-15	6.8571e-15	YES
MMAR_2351	nuoB	NADH-quinone oxidoreductase subunit B	Downregulated_Metabolism	-1.1053	1.0000e-15	6.8571e-15	YES
MMAR_2352	nuoD	NADH-quinone oxidoreductase subunit D	Downregulated_Metabolism	-1.3767	1.0000e-15	6.8571e-15	YES
MMAR_4100	gltA	Citrate synthase GltA	Downregulated_Metabolism	-1.4488	1.0000e-15	6.8571e-15	YES
MMAR_4101	icd1	Isocitrate dehydrogenase Icd1	Downregulated_Metabolism	-1.1434	1.0000e-15	6.8571e-15	YES
MMAR_1890	eno	Enolase Eno (glycolytic enzyme)	Downregulated_Metabolism	-0.8391	1.0000e-15	6.8571e-15	YES
MMAR_0081	mmp_81	Hypothetical protein / putative uncharacterized oxidoreductase MMAR_0081	Background_Genome	-0.8745	1.0000e-15	6.8571e-15	YES
MMAR_0106	mmp_106	Hypothetical protein / putative uncharacterized oxidoreductase MMAR_0106	Background_Genome	-0.6789	1.0000e-15	6.8571e-15	NO
MMAR_0110	mmp_110	Hypothetical protein / putative uncharacterized oxidoreductase MMAR_0110	Background_Genome	0.3635	1.0000e-15	6.8571e-15	NO
MMAR_0112	mmp_112	Hypothetical protein / putative uncharacterized oxidoreductase MMAR_0112	Background_Genome	0.2690	1.0000e-15	6.8571e-15	NO
MMAR_0113	mmp_113	Hypothetical protein / putative uncharacterized oxidoreductase MMAR_0113	Background_Genome	0.4768	1.0000e-15	6.8571e-15	NO
MMAR_0114	mmp_114	Hypothetical protein / putative uncharacterized oxidoreductase MMAR_0114	Background_Genome	0.5895	1.0000e-15	6.8571e-15	NO
MMAR_0119	mmp_119	Hypothetical protein / putative uncharacterized oxidoreductase MMAR_0119	Background_Genome	-0.7627	1.0000e-15	6.8571e-15	YES
MMAR_0122	mmp_122	Hypothetical protein / putative uncharacterized oxidoreductase MMAR_0122	Background_Genome	0.6499	1.0000e-15	6.8571e-15	NO
MMAR_0128	mmp_128	Hypothetical protein / putative uncharacterized oxidoreductase MMAR_0128	Background_Genome	0.7896	1.0000e-15	6.8571e-15	YES
MMAR_0151	mmp_151	Hypothetical protein / putative uncharacterized oxidoreductase MMAR_0151	Background_Genome	-0.5730	1.0000e-15	6.8571e-15	NO
MMAR_0164	mmp_164	Hypothetical protein / putative uncharacterized oxidoreductase MMAR_0164	Background_Genome	0.6729	1.0000e-15	6.8571e-15	NO
MMAR_0165	mmp_165	Hypothetical protein / putative uncharacterized oxidoreductase MMAR_0165	Background_Genome	0.8776	1.0000e-15	6.8571e-15	YES
MMAR_0169	mmp_169	Hypothetical protein / putative uncharacterized oxidoreductase MMAR_0169	Background_Genome	-0.7182	1.0000e-15	6.8571e-15	NO
MMAR_0172	mmp_172	Hypothetical protein / putative uncharacterized oxidoreductase MMAR_0172	Background_Genome	1.0711	1.0000e-15	6.8571e-15	YES
MMAR_0186	mmp_186	Hypothetical protein / putative uncharacterized oxidoreductase MMAR_0186	Background_Genome	-0.9007	1.0000e-15	6.8571e-15	YES
MMAR_0198	mmp_198	Hypothetical protein / putative uncharacterized oxidoreductase MMAR_0198	Background_Genome	-0.7368	1.0000e-15	6.8571e-15	NO
MMAR_0201	mmp_201	Hypothetical protein / putative uncharacterized oxidoreductase MMAR_0201	Background_Genome	-0.5248	1.0000e-15	6.8571e-15	NO
MMAR_0224	mmp_224	Hypothetical protein / putative uncharacterized oxidoreductase MMAR_0224	Background_Genome	0.6384	1.0000e-15	6.8571e-15	NO
MMAR_0228	mmp_228	Hypothetical protein / putative uncharacterized oxidoreductase MMAR_0228	Background_Genome	-0.5470	1.0000e-15	6.8571e-15	NO
MMAR_0249	mmp_249	Hypothetical protein / putative uncharacterized oxidoreductase MMAR_0249	Background_Genome	0.7907	1.0000e-15	6.8571e-15	YES
MMAR_0252	mmp_252	Hypothetical protein / putative uncharacterized oxidoreductase MMAR_0252	Background_Genome	-0.2326	1.0000e-15	6.8571e-15	NO
MMAR_0257	mmp_257	Hypothetical protein / putative uncharacterized oxidoreductase MMAR_0257	Background_Genome	-0.2603	1.0000e-15	6.8571e-15	NO
MMAR_0266	mmp_266	Hypothetical protein / putative uncharacterized oxidoreductase MMAR_0266	Background_Genome	-0.7218	1.0000e-15	6.8571e-15	NO
MMAR_0268	mmp_268	Hypothetical protein / putative uncharacterized oxidoreductase MMAR_0268	Background_Genome	0.4668	1.0000e-15	6.8571e-15	NO
MMAR_0284	mmp_284	Hypothetical protein / putative uncharacterized oxidoreductase MMAR_0284	Background_Genome	-0.7849	1.0000e-15	6.8571e-15	YES
MMAR_0286	mmp_286	Hypothetical protein / putative uncharacterized oxidoreductase MMAR_0286	Background_Genome	-0.7857	1.0000e-15	6.8571e-15	YES
MMAR_0316	mmp_316	Hypothetical protein / putative uncharacterized oxidoreductase MMAR_0316	Background_Genome	-0.4203	1.0000e-15	6.8571e-15	NO
MMAR_0317	mmp_317	Hypothetical protein / putative uncharacterized oxidoreductase MMAR_0317	Background_Genome	0.7500	1.0000e-15	6.8571e-15	YES
MMAR_0341	mmp_341	Hypothetical protein / putative uncharacterized oxidoreductase MMAR_0341	Background_Genome	0.5474	1.0000e-15	6.8571e-15	NO
MMAR_0377	mmp_377	Hypothetical protein / putative uncharacterized oxidoreductase MMAR_0377	Background_Genome	-0.6173	1.0000e-15	6.8571e-15	NO
MMAR_0379	mmp_379	Hypothetical protein / putative uncharacterized oxidoreductase MMAR_0379	Background_Genome	-0.5662	1.0000e-15	6.8571e-15	NO
MMAR_0385	mmp_385	Hypothetical protein / putative uncharacterized oxidoreductase MMAR_0385	Background_Genome	0.4531	1.0000e-15	6.8571e-15	NO
MMAR_0387	mmp_387	Hypothetical protein / putative uncharacterized oxidoreductase MMAR_0387	Background_Genome	0.3921	1.0000e-15	6.8571e-15	NO
MMAR_0400	mmp_400	Hypothetical protein / putative uncharacterized oxidoreductase MMAR_0400	Background_Genome	-0.5527	1.0000e-15	6.8571e-15	NO
MMAR_0408	mmp_408	Hypothetical protein / putative uncharacterized oxidoreductase MMAR_0408	Background_Genome	-0.2913	1.0000e-15	6.8571e-15	NO
MMAR_0427	mmp_427	Hypothetical protein / putative uncharacterized oxidoreductase MMAR_0427	Background_Genome	1.2593	1.0000e-15	6.8571e-15	YES
MMAR_0430	mmp_430	Hypothetical protein / putative uncharacterized oxidoreductase MMAR_0430	Background_Genome	-0.5236	1.0000e-15	6.8571e-15	NO
MMAR_0432	mmp_432	Hypothetical protein / putative uncharacterized oxidoreductase MMAR_0432	Background_Genome	-0.5792	1.0000e-15	6.8571e-15	NO
MMAR_0442	mmp_442	Hypothetical protein / putative uncharacterized oxidoreductase MMAR_0442	Background_Genome	0.5817	1.0000e-15	6.8571e-15	NO
MMAR_0447	mmp_447	Hypothetical protein / putative uncharacterized oxidoreductase MMAR_0447	Background_Genome	-0.7370	1.0000e-15	6.8571e-15	NO
MMAR_0453	mmp_453	Hypothetical protein / putative uncharacterized oxidoreductase MMAR_0453	Background_Genome	0.7998	1.0000e-15	6.8571e-15	YES
MMAR_0463	mmp_463	Hypothetical protein / putative uncharacterized oxidoreductase MMAR_0463	Background_Genome	-0.7417	1.0000e-15	6.8571e-15	NO
MMAR_0466	mmp_466	Hypothetical protein / putative uncharacterized oxidoreductase MMAR_0466	Background_Genome	-1.2595	1.0000e-15	6.8571e-15	YES
MMAR_0476	mmp_476	Hypothetical protein / putative uncharacterized oxidoreductase MMAR_0476	Background_Genome	-0.4965	1.0000e-15	6.8571e-15	NO
MMAR_0484	mmp_484	Hypothetical protein / putative uncharacterized oxidoreductase MMAR_0484	Background_Genome	-0.8608	1.0000e-15	6.8571e-15	YES
MMAR_0486	mmp_486	Hypothetical protein / putative uncharacterized oxidoreductase MMAR_0486	Background_Genome	-0.3747	1.0000e-15	6.8571e-15	NO
MMAR_0492	mmp_492	Hypothetical protein / putative uncharacterized oxidoreductase MMAR_0492	Background_Genome	1.1545	1.0000e-15	6.8571e-15	YES
MMAR_0500	mmp_500	Hypothetical protein / putative uncharacterized oxidoreductase MMAR_0500	Background_Genome	-0.5870	1.0000e-15	6.8571e-15	NO
MMAR_0515	mmp_515	Hypothetical protein / putative uncharacterized oxidoreductase MMAR_0515	Background_Genome	0.3628	1.0000e-15	6.8571e-15	NO
MMAR_0520	mmp_520	Hypothetical protein / putative uncharacterized oxidoreductase MMAR_0520	Background_Genome	-0.9123	1.0000e-15	6.8571e-15	YES
MMAR_0528	mmp_528	Hypothetical protein / putative uncharacterized oxidoreductase MMAR_0528	Background_Genome	-0.4247	1.0000e-15	6.8571e-15	NO
MMAR_0532	mmp_532	Hypothetical protein / putative uncharacterized oxidoreductase MMAR_0532	Background_Genome	-1.0657	1.0000e-15	6.8571e-15	YES
MMAR_0533	mmp_533	Hypothetical protein / putative uncharacterized oxidoreductase MMAR_0533	Background_Genome	-0.6857	1.0000e-15	6.8571e-15	NO
MMAR_0539	mmp_539	Hypothetical protein / putative uncharacterized oxidoreductase MMAR_0539	Background_Genome	0.6049	1.0000e-15	6.8571e-15	NO
MMAR_0544	mmp_544	Hypothetical protein / putative uncharacterized oxidoreductase MMAR_0544	Background_Genome	-0.3703	1.0000e-15	6.8571e-15	NO
MMAR_0546	mmp_546	Hypothetical protein / putative uncharacterized oxidoreductase MMAR_0546	Background_Genome	0.3442	1.0000e-15	6.8571e-15	NO
MMAR_0549	mmp_549	Hypothetical protein / putative uncharacterized oxidoreductase MMAR_0549	Background_Genome	-0.7412	1.0000e-15	6.8571e-15	NO
MMAR_0564	mmp_564	Hypothetical protein / putative uncharacterized oxidoreductase MMAR_0564	Background_Genome	0.7111	1.0000e-15	6.8571e-15	NO
MMAR_0566	mmp_566	Hypothetical protein / putative uncharacterized oxidoreductase MMAR_0566	Background_Genome	-0.9802	1.0000e-15	6.8571e-15	YES
MMAR_0578	mmp_578	Hypothetical protein / putative uncharacterized oxidoreductase MMAR_0578	Background_Genome	0.8353	1.0000e-15	6.8571e-15	YES
MMAR_0624	mmp_624	Hypothetical protein / putative uncharacterized oxidoreductase MMAR_0624	Background_Genome	-0.5644	1.0000e-15	6.8571e-15	NO
MMAR_0679	mmp_679	Hypothetical protein / putative uncharacterized oxidoreductase MMAR_0679	Background_Genome	-0.8805	1.0000e-15	6.8571e-15	YES
MMAR_0681	mmp_681	Hypothetical protein / putative uncharacterized oxidoreductase MMAR_0681	Background_Genome	-0.7423	1.0000e-15	6.8571e-15	NO
MMAR_0696	mmp_696	Hypothetical protein / putative uncharacterized oxidoreductase MMAR_0696	Background_Genome	0.5921	1.0000e-15	6.8571e-15	NO
MMAR_0723	mmp_723	Hypothetical protein / putative uncharacterized oxidoreductase MMAR_0723	Background_Genome	0.5862	1.0000e-15	6.8571e-15	NO
MMAR_0735	mmp_735	Hypothetical protein / putative uncharacterized oxidoreductase MMAR_0735	Background_Genome	-0.3682	1.0000e-15	6.8571e-15	NO
MMAR_0738	mmp_738	Hypothetical protein / putative uncharacterized oxidoreductase MMAR_0738	Background_Genome	1.1319	1.0000e-15	6.8571e-15	YES
MMAR_0744	mmp_744	Hypothetical protein / putative uncharacterized oxidoreductase MMAR_0744	Background_Genome	0.4554	1.0000e-15	6.8571e-15	NO
MMAR_0745	mmp_745	Hypothetical protein / putative uncharacterized oxidoreductase MMAR_0745	Background_Genome	0.6517	1.0000e-15	6.8571e-15	NO
MMAR_0748	mmp_748	Hypothetical protein / putative uncharacterized oxidoreductase MMAR_0748	Background_Genome	0.3068	1.0000e-15	6.8571e-15	NO
MMAR_0755	mmp_755	Hypothetical protein / putative uncharacterized oxidoreductase MMAR_0755	Background_Genome	0.6963	1.0000e-15	6.8571e-15	NO
MMAR_0766	mmp_766	Hypothetical protein / putative uncharacterized oxidoreductase MMAR_0766	Background_Genome	-0.6540	1.0000e-15	6.8571e-15	NO
MMAR_0792	mmp_792	Hypothetical protein / putative uncharacterized oxidoreductase MMAR_0792	Background_Genome	-1.0850	1.0000e-15	6.8571e-15	YES
MMAR_0802	mmp_802	Hypothetical protein / putative uncharacterized oxidoreductase MMAR_0802	Background_Genome	-0.7440	1.0000e-15	6.8571e-15	NO
MMAR_0806	mmp_806	Hypothetical protein / putative uncharacterized oxidoreductase MMAR_0806	Background_Genome	0.5097	1.0000e-15	6.8571e-15	NO
MMAR_0812	mmp_812	Hypothetical protein / putative uncharacterized oxidoreductase MMAR_0812	Background_Genome	0.9802	1.0000e-15	6.8571e-15	YES
MMAR_0829	mmp_829	Hypothetical protein / putative uncharacterized oxidoreductase MMAR_0829	Background_Genome	-1.0281	1.0000e-15	6.8571e-15	YES
MMAR_0837	mmp_837	Hypothetical protein / putative uncharacterized oxidoreductase MMAR_0837	Background_Genome	-0.7928	1.0000e-15	6.8571e-15	YES
MMAR_0842	mmp_842	Hypothetical protein / putative uncharacterized oxidoreductase MMAR_0842	Background_Genome	0.5623	1.0000e-15	6.8571e-15	NO
MMAR_0858	mmp_858	Hypothetical protein / putative uncharacterized oxidoreductase MMAR_0858	Background_Genome	-0.3938	1.0000e-15	6.8571e-15	NO
MMAR_0860	mmp_860	Hypothetical protein / putative uncharacterized oxidoreductase MMAR_0860	Background_Genome	0.6594	1.0000e-15	6.8571e-15	NO
MMAR_0875	mmp_875	Hypothetical protein / putative uncharacterized oxidoreductase MMAR_0875	Background_Genome	-0.7298	1.0000e-15	6.8571e-15	NO
MMAR_0898	mmp_898	Hypothetical protein / putative uncharacterized oxidoreductase MMAR_0898	Background_Genome	-0.3445	1.0000e-15	6.8571e-15	NO
MMAR_0899	mmp_899	Hypothetical protein / putative uncharacterized oxidoreductase MMAR_0899	Background_Genome	-0.9069	1.0000e-15	6.8571e-15	YES
MMAR_0920	mmp_920	Hypothetical protein / putative uncharacterized oxidoreductase MMAR_0920	Background_Genome	-0.5797	1.0000e-15	6.8571e-15	NO
MMAR_0928	mmp_928	Hypothetical protein / putative uncharacterized oxidoreductase MMAR_0928	Background_Genome	-0.3842	1.0000e-15	6.8571e-15	NO
MMAR_0937	mmp_937	Hypothetical protein / putative uncharacterized oxidoreductase MMAR_0937	Background_Genome	0.5451	1.0000e-15	6.8571e-15	NO
MMAR_0955	mmp_955	Hypothetical protein / putative uncharacterized oxidoreductase MMAR_0955	Background_Genome	0.7757	1.0000e-15	6.8571e-15	YES
MMAR_0965	mmp_965	Hypothetical protein / putative uncharacterized oxidoreductase MMAR_0965	Background_Genome	-0.7266	1.0000e-15	6.8571e-15	NO
MMAR_0970	mmp_970	Hypothetical protein / putative uncharacterized oxidoreductase MMAR_0970	Background_Genome	-0.7628	1.0000e-15	6.8571e-15	YES
MMAR_0975	mmp_975	Hypothetical protein / putative uncharacterized oxidoreductase MMAR_0975	Background_Genome	-0.4150	1.0000e-15	6.8571e-15	NO
MMAR_0979	mmp_979	Hypothetical protein / putative uncharacterized oxidoreductase MMAR_0979	Background_Genome	1.0251	1.0000e-15	6.8571e-15	YES
MMAR_0981	mmp_981	Hypothetical protein / putative uncharacterized oxidoreductase MMAR_0981	Background_Genome	0.8357	1.0000e-15	6.8571e-15	YES
MMAR_0984	mmp_984	Hypothetical protein / putative uncharacterized oxidoreductase MMAR_0984	Background_Genome	0.9172	1.0000e-15	6.8571e-15	YES
MMAR_0987	mmp_987	Hypothetical protein / putative uncharacterized oxidoreductase MMAR_0987	Background_Genome	0.8779	1.0000e-15	6.8571e-15	YES
MMAR_1006	mmp_1006	Hypothetical protein / putative uncharacterized oxidoreductase MMAR_1006	Background_Genome	0.3732	1.0000e-15	6.8571e-15	NO
MMAR_1032	mmp_1032	Hypothetical protein / putative uncharacterized oxidoreductase MMAR_1032	Background_Genome	0.8858	1.0000e-15	6.8571e-15	YES
MMAR_1044	mmp_1044	Hypothetical protein / putative uncharacterized oxidoreductase MMAR_1044	Background_Genome	-0.4729	1.0000e-15	6.8571e-15	NO
MMAR_1056	mmp_1056	Hypothetical protein / putative uncharacterized oxidoreductase MMAR_1056	Background_Genome	-0.3858	1.0000e-15	6.8571e-15	NO
MMAR_1067	mmp_1067	Hypothetical protein / putative uncharacterized oxidoreductase MMAR_1067	Background_Genome	0.7156	1.0000e-15	6.8571e-15	NO
MMAR_1068	mmp_1068	Hypothetical protein / putative uncharacterized oxidoreductase MMAR_1068	Background_Genome	0.6070	1.0000e-15	6.8571e-15	NO
MMAR_1070	mmp_1070	Hypothetical protein / putative uncharacterized oxidoreductase MMAR_1070	Background_Genome	-1.0681	1.0000e-15	6.8571e-15	YES
MMAR_1075	mmp_1075	Hypothetical protein / putative uncharacterized oxidoreductase MMAR_1075	Background_Genome	-0.6859	1.0000e-15	6.8571e-15	NO
MMAR_1078	mmp_1078	Hypothetical protein / putative uncharacterized oxidoreductase MMAR_1078	Background_Genome	-0.8701	1.0000e-15	6.8571e-15	YES
MMAR_1081	mmp_1081	Hypothetical protein / putative uncharacterized oxidoreductase MMAR_1081	Background_Genome	-0.5737	1.0000e-15	6.8571e-15	NO
MMAR_1085	mmp_1085	Hypothetical protein / putative uncharacterized oxidoreductase MMAR_1085	Background_Genome	-0.6363	1.0000e-15	6.8571e-15	NO
MMAR_1090	mmp_1090	Hypothetical protein / putative uncharacterized oxidoreductase MMAR_1090	Background_Genome	0.9196	1.0000e-15	6.8571e-15	YES
MMAR_1095	mmp_1095	Hypothetical protein / putative uncharacterized oxidoreductase MMAR_1095	Background_Genome	-0.5441	1.0000e-15	6.8571e-15	NO
MMAR_1099	mmp_1099	Hypothetical protein / putative uncharacterized oxidoreductase MMAR_1099	Background_Genome	0.8673	1.0000e-15	6.8571e-15	YES
MMAR_1100	mmp_1100	Hypothetical protein / putative uncharacterized oxidoreductase MMAR_1100	Background_Genome	-0.6120	1.0000e-15	6.8571e-15	NO
MMAR_1115	mmp_1115	Hypothetical protein / putative uncharacterized oxidoreductase MMAR_1115	Background_Genome	-0.4782	1.0000e-15	6.8571e-15	NO
MMAR_1128	mmp_1128	Hypothetical protein / putative uncharacterized oxidoreductase MMAR_1128	Background_Genome	0.8490	1.0000e-15	6.8571e-15	YES
MMAR_1138	mmp_1138	Hypothetical protein / putative uncharacterized oxidoreductase MMAR_1138	Background_Genome	-0.4344	1.0000e-15	6.8571e-15	NO
MMAR_1144	mmp_1144	Hypothetical protein / putative uncharacterized oxidoreductase MMAR_1144	Background_Genome	-0.6375	1.0000e-15	6.8571e-15	NO
MMAR_1151	mmp_1151	Hypothetical protein / putative uncharacterized oxidoreductase MMAR_1151	Background_Genome	0.7539	1.0000e-15	6.8571e-15	YES
MMAR_1152	mmp_1152	Hypothetical protein / putative uncharacterized oxidoreductase MMAR_1152	Background_Genome	-0.5954	1.0000e-15	6.8571e-15	NO
MMAR_1153	mmp_1153	Hypothetical protein / putative uncharacterized oxidoreductase MMAR_1153	Background_Genome	-0.4520	1.0000e-15	6.8571e-15	NO
MMAR_1185	mmp_1185	Hypothetical protein / putative uncharacterized oxidoreductase MMAR_1185	Background_Genome	0.9789	1.0000e-15	6.8571e-15	YES
MMAR_1196	mmp_1196	Hypothetical protein / putative uncharacterized oxidoreductase MMAR_1196	Background_Genome	-0.3563	1.0000e-15	6.8571e-15	NO
MMAR_0223	mmp_223	Hypothetical protein / putative uncharacterized oxidoreductase MMAR_0223	Background_Genome	-0.4571	1.2686e-15	8.6495e-15	NO
MMAR_0982	mmp_982	Hypothetical protein / putative uncharacterized oxidoreductase MMAR_0982	Background_Genome	0.7564	1.3318e-15	9.0293e-15	YES
MMAR_1017	mmp_1017	Hypothetical protein / putative uncharacterized oxidoreductase MMAR_1017	Background_Genome	-0.5496	2.5819e-15	1.7406e-14	NO
MMAR_1110	mmp_1110	Hypothetical protein / putative uncharacterized oxidoreductase MMAR_1110	Background_Genome	0.4557	3.5768e-15	2.3978e-14	NO
MMAR_0143	mmp_143	Hypothetical protein / putative uncharacterized oxidoreductase MMAR_0143	Background_Genome	-0.3549	7.3940e-15	4.9293e-14	NO
MMAR_0548	mmp_548	Hypothetical protein / putative uncharacterized oxidoreductase MMAR_0548	Background_Genome	0.5553	1.0207e-14	6.7668e-14	NO
MMAR_1071	mmp_1071	Hypothetical protein / putative uncharacterized oxidoreductase MMAR_1071	Background_Genome	0.5934	1.9962e-14	1.3162e-13	NO
MMAR_0691	mmp_691	Hypothetical protein / putative uncharacterized oxidoreductase MMAR_0691	Background_Genome	-0.5635	2.0629e-14	1.3527e-13	NO
MMAR_0749	mmp_749	Hypothetical protein / putative uncharacterized oxidoreductase MMAR_0749	Background_Genome	-0.6858	2.1297e-14	1.3889e-13	NO
MMAR_1048	mmp_1048	Hypothetical protein / putative uncharacterized oxidoreductase MMAR_1048	Background_Genome	-0.7183	2.1449e-14	1.3913e-13	NO
MMAR_0791	mmp_791	Hypothetical protein / putative uncharacterized oxidoreductase MMAR_0791	Background_Genome	0.6914	2.4017e-14	1.5495e-13	NO
MMAR_0210	mmp_210	Hypothetical protein / putative uncharacterized oxidoreductase MMAR_0210	Background_Genome	0.6477	3.2089e-14	2.0592e-13	NO
MMAR_0942	mmp_942	Hypothetical protein / putative uncharacterized oxidoreductase MMAR_0942	Background_Genome	0.4221	7.5584e-14	4.8245e-13	NO
MMAR_0449	mmp_449	Hypothetical protein / putative uncharacterized oxidoreductase MMAR_0449	Background_Genome	0.7119	7.6459e-14	4.8546e-13	NO
MMAR_0508	mmp_508	Hypothetical protein / putative uncharacterized oxidoreductase MMAR_0508	Background_Genome	0.2445	7.7155e-14	4.8729e-13	NO
MMAR_0514	mmp_514	Hypothetical protein / putative uncharacterized oxidoreductase MMAR_0514	Background_Genome	-0.5561	8.7155e-14	5.4757e-13	NO
MMAR_0479	mmp_479	Hypothetical protein / putative uncharacterized oxidoreductase MMAR_0479	Background_Genome	-0.5834	9.1334e-14	5.7084e-13	NO
MMAR_0714	mmp_714	Hypothetical protein / putative uncharacterized oxidoreductase MMAR_0714	Background_Genome	-0.3590	9.4104e-14	5.8510e-13	NO
MMAR_0510	mmp_510	Hypothetical protein / putative uncharacterized oxidoreductase MMAR_0510	Background_Genome	-0.3917	9.5062e-14	5.8801e-13	NO
MMAR_0801	mmp_801	Hypothetical protein / putative uncharacterized oxidoreductase MMAR_0801	Background_Genome	-0.8003	1.2928e-13	7.9559e-13	YES
MMAR_0173	mmp_173	Hypothetical protein / putative uncharacterized oxidoreductase MMAR_0173	Background_Genome	-0.6457	1.4665e-13	8.9786e-13	NO
MMAR_0956	mmp_956	Hypothetical protein / putative uncharacterized oxidoreductase MMAR_0956	Background_Genome	0.6631	1.5383e-13	9.3701e-13	NO
MMAR_0952	mmp_952	Hypothetical protein / putative uncharacterized oxidoreductase MMAR_0952	Background_Genome	0.6575	1.5492e-13	9.3889e-13	NO
MMAR_1150	mmp_1150	Hypothetical protein / putative uncharacterized oxidoreductase MMAR_1150	Background_Genome	0.4228	1.7329e-13	1.0450e-12	NO
MMAR_0873	mmp_873	Hypothetical protein / putative uncharacterized oxidoreductase MMAR_0873	Background_Genome	-0.5260	2.1269e-13	1.2762e-12	NO
MMAR_0162	mmp_162	Hypothetical protein / putative uncharacterized oxidoreductase MMAR_0162	Background_Genome	-0.7029	2.1566e-13	1.2875e-12	NO
MMAR_0870	mmp_870	Hypothetical protein / putative uncharacterized oxidoreductase MMAR_0870	Background_Genome	-0.3301	2.6358e-13	1.5658e-12	NO
MMAR_0176	mmp_176	Hypothetical protein / putative uncharacterized oxidoreductase MMAR_0176	Background_Genome	-0.5558	5.9552e-13	3.5203e-12	NO
MMAR_0966	mmp_966	Hypothetical protein / putative uncharacterized oxidoreductase MMAR_0966	Background_Genome	0.5199	6.4778e-13	3.8105e-12	NO
MMAR_0847	mmp_847	Hypothetical protein / putative uncharacterized oxidoreductase MMAR_0847	Background_Genome	0.6032	8.1530e-13	4.7725e-12	NO
MMAR_1114	mmp_1114	Hypothetical protein / putative uncharacterized oxidoreductase MMAR_1114	Background_Genome	-0.8101	1.0167e-12	5.9226e-12	YES
MMAR_1026	mmp_1026	Hypothetical protein / putative uncharacterized oxidoreductase MMAR_1026	Background_Genome	-0.4538	1.1551e-12	6.6964e-12	NO
MMAR_0353	mmp_353	Hypothetical protein / putative uncharacterized oxidoreductase MMAR_0353	Background_Genome	-0.3319	1.6921e-12	9.7622e-12	NO
MMAR_0926	mmp_926	Hypothetical protein / putative uncharacterized oxidoreductase MMAR_0926	Background_Genome	-0.8121	1.8814e-12	1.0802e-11	YES
MMAR_0145	mmp_145	Hypothetical protein / putative uncharacterized oxidoreductase MMAR_0145	Background_Genome	0.6064	2.3609e-12	1.3491e-11	NO
MMAR_0225	mmp_225	Hypothetical protein / putative uncharacterized oxidoreductase MMAR_0225	Background_Genome	0.5632	2.4988e-12	1.4211e-11	NO
MMAR_0197	mmp_197	Hypothetical protein / putative uncharacterized oxidoreductase MMAR_0197	Background_Genome	0.3155	2.7126e-12	1.5354e-11	NO
MMAR_0364	mmp_364	Hypothetical protein / putative uncharacterized oxidoreductase MMAR_0364	Background_Genome	0.6743	3.0140e-12	1.6980e-11	NO
MMAR_1012	mmp_1012	Hypothetical protein / putative uncharacterized oxidoreductase MMAR_1012	Background_Genome	-0.5775	3.5273e-12	1.9779e-11	NO
MMAR_0097	mmp_97	Hypothetical protein / putative uncharacterized oxidoreductase MMAR_0097	Background_Genome	0.4194	3.7766e-12	2.1079e-11	NO
MMAR_1029	mmp_1029	Hypothetical protein / putative uncharacterized oxidoreductase MMAR_1029	Background_Genome	-0.5136	4.9782e-12	2.7656e-11	NO
MMAR_0622	mmp_622	Hypothetical protein / putative uncharacterized oxidoreductase MMAR_0622	Background_Genome	0.6019	1.0309e-11	5.7008e-11	NO
MMAR_1107	mmp_1107	Hypothetical protein / putative uncharacterized oxidoreductase MMAR_1107	Background_Genome	-0.4727	1.1932e-11	6.5678e-11	NO
MMAR_0137	mmp_137	Hypothetical protein / putative uncharacterized oxidoreductase MMAR_0137	Background_Genome	-0.2370	1.2474e-11	6.8353e-11	NO
MMAR_0850	mmp_850	Hypothetical protein / putative uncharacterized oxidoreductase MMAR_0850	Background_Genome	0.4924	1.7799e-11	9.7084e-11	NO
MMAR_0195	mmp_195	Hypothetical protein / putative uncharacterized oxidoreductase MMAR_0195	Background_Genome	0.5868	2.4816e-11	1.3475e-10	NO
MMAR_0855	mmp_855	Hypothetical protein / putative uncharacterized oxidoreductase MMAR_0855	Background_Genome	-0.8242	2.7680e-11	1.4962e-10	YES
MMAR_0178	mmp_178	Hypothetical protein / putative uncharacterized oxidoreductase MMAR_0178	Background_Genome	-0.6379	3.1356e-11	1.6873e-10	NO
MMAR_0448	mmp_448	Hypothetical protein / putative uncharacterized oxidoreductase MMAR_0448	Background_Genome	-0.6581	3.7116e-11	1.9884e-10	NO
MMAR_0574	mmp_574	Hypothetical protein / putative uncharacterized oxidoreductase MMAR_0574	Background_Genome	0.3811	4.0098e-11	2.1386e-10	NO
MMAR_0632	mmp_632	Hypothetical protein / putative uncharacterized oxidoreductase MMAR_0632	Background_Genome	0.3379	4.9533e-11	2.6301e-10	NO
MMAR_0120	mmp_120	Hypothetical protein / putative uncharacterized oxidoreductase MMAR_0120	Background_Genome	0.2259	5.3526e-11	2.8296e-10	NO
MMAR_0599	mmp_599	Hypothetical protein / putative uncharacterized oxidoreductase MMAR_0599	Background_Genome	-0.5122	5.4949e-11	2.8921e-10	NO
MMAR_0724	mmp_724	Hypothetical protein / putative uncharacterized oxidoreductase MMAR_0724	Background_Genome	0.5228	5.5517e-11	2.9092e-10	NO
MMAR_0391	mmp_391	Hypothetical protein / putative uncharacterized oxidoreductase MMAR_0391	Background_Genome	0.4009	5.6906e-11	2.9690e-10	NO
MMAR_0192	mmp_192	Hypothetical protein / putative uncharacterized oxidoreductase MMAR_0192	Background_Genome	1.1133	5.7335e-11	2.9784e-10	YES
MMAR_0177	mmp_177	Hypothetical protein / putative uncharacterized oxidoreductase MMAR_0177	Background_Genome	0.5112	7.3408e-11	3.7877e-10	NO
MMAR_0726	mmp_726	Hypothetical protein / putative uncharacterized oxidoreductase MMAR_0726	Background_Genome	0.3794	7.3545e-11	3.7877e-10	NO
MMAR_0652	mmp_652	Hypothetical protein / putative uncharacterized oxidoreductase MMAR_0652	Background_Genome	0.6142	7.8095e-11	4.0049e-10	NO
MMAR_0628	mmp_628	Hypothetical protein / putative uncharacterized oxidoreductase MMAR_0628	Background_Genome	0.6275	8.2240e-11	4.1995e-10	NO
MMAR_0608	mmp_608	Hypothetical protein / putative uncharacterized oxidoreductase MMAR_0608	Background_Genome	-0.4232	8.5164e-11	4.3304e-10	NO
MMAR_0656	mmp_656	Hypothetical protein / putative uncharacterized oxidoreductase MMAR_0656	Background_Genome	0.4671	9.5149e-11	4.8177e-10	NO
MMAR_0778	mmp_778	Hypothetical protein / putative uncharacterized oxidoreductase MMAR_0778	Background_Genome	-0.6120	1.0452e-10	5.2700e-10	NO
MMAR_0603	mmp_603	Hypothetical protein / putative uncharacterized oxidoreductase MMAR_0603	Background_Genome	-0.4697	1.2401e-10	6.2264e-10	NO
MMAR_0497	mmp_497	Hypothetical protein / putative uncharacterized oxidoreductase MMAR_0497	Background_Genome	0.5578	1.4728e-10	7.3640e-10	NO
MMAR_0348	mmp_348	Hypothetical protein / putative uncharacterized oxidoreductase MMAR_0348	Background_Genome	0.7536	1.7757e-10	8.8419e-10	YES
MMAR_0910	mmp_910	Hypothetical protein / putative uncharacterized oxidoreductase MMAR_0910	Background_Genome	0.4073	2.4204e-10	1.2002e-09	NO
MMAR_0095	mmp_95	Hypothetical protein / putative uncharacterized oxidoreductase MMAR_0095	Background_Genome	0.5630	2.5063e-10	1.2377e-09	NO
MMAR_0365	mmp_365	Hypothetical protein / putative uncharacterized oxidoreductase MMAR_0365	Background_Genome	0.6595	2.5223e-10	1.2405e-09	NO
MMAR_0436	mmp_436	Hypothetical protein / putative uncharacterized oxidoreductase MMAR_0436	Background_Genome	-0.5077	2.6517e-10	1.2988e-09	NO
MMAR_0813	mmp_813	Hypothetical protein / putative uncharacterized oxidoreductase MMAR_0813	Background_Genome	0.5297	3.3023e-10	1.6109e-09	NO
MMAR_0642	mmp_642	Hypothetical protein / putative uncharacterized oxidoreductase MMAR_0642	Background_Genome	-0.3248	3.4786e-10	1.6900e-09	NO
MMAR_0793	mmp_793	Hypothetical protein / putative uncharacterized oxidoreductase MMAR_0793	Background_Genome	-0.3504	3.5690e-10	1.7269e-09	NO
MMAR_1122	mmp_1122	Hypothetical protein / putative uncharacterized oxidoreductase MMAR_1122	Background_Genome	-0.3053	3.6639e-10	1.7658e-09	NO
MMAR_0905	mmp_905	Hypothetical protein / putative uncharacterized oxidoreductase MMAR_0905	Background_Genome	-0.5621	3.8961e-10	1.8701e-09	NO
MMAR_0602	mmp_602	Hypothetical protein / putative uncharacterized oxidoreductase MMAR_0602	Background_Genome	-0.4634	4.2829e-10	2.0476e-09	NO
MMAR_1057	mmp_1057	Hypothetical protein / putative uncharacterized oxidoreductase MMAR_1057	Background_Genome	0.4759	4.4886e-10	2.1374e-09	NO
MMAR_0167	mmp_167	Hypothetical protein / putative uncharacterized oxidoreductase MMAR_0167	Background_Genome	-0.3336	4.9517e-10	2.3486e-09	NO
MMAR_0961	mmp_961	Hypothetical protein / putative uncharacterized oxidoreductase MMAR_0961	Background_Genome	-0.7460	5.3124e-10	2.5098e-09	NO
MMAR_0346	mmp_346	Hypothetical protein / putative uncharacterized oxidoreductase MMAR_0346	Background_Genome	-0.4682	6.0135e-10	2.8299e-09	NO
MMAR_1195	mmp_1195	Hypothetical protein / putative uncharacterized oxidoreductase MMAR_1195	Background_Genome	0.5644	6.0678e-10	2.8443e-09	NO
MMAR_0859	mmp_859	Hypothetical protein / putative uncharacterized oxidoreductase MMAR_0859	Background_Genome	-0.4793	6.3187e-10	2.9504e-09	NO
MMAR_1162	mmp_1162	Hypothetical protein / putative uncharacterized oxidoreductase MMAR_1162	Background_Genome	-0.6857	6.7346e-10	3.1324e-09	NO
MMAR_0658	mmp_658	Hypothetical protein / putative uncharacterized oxidoreductase MMAR_0658	Background_Genome	0.6044	7.4495e-10	3.4515e-09	NO
MMAR_0302	mmp_302	Hypothetical protein / putative uncharacterized oxidoreductase MMAR_0302	Background_Genome	-0.6468	8.0143e-10	3.6989e-09	NO
MMAR_0200	mmp_200	Hypothetical protein / putative uncharacterized oxidoreductase MMAR_0200	Background_Genome	0.2703	8.8344e-10	4.0618e-09	NO
MMAR_0555	mmp_555	Hypothetical protein / putative uncharacterized oxidoreductase MMAR_0555	Background_Genome	0.5213	9.1105e-10	4.1727e-09	NO
MMAR_0687	mmp_687	Hypothetical protein / putative uncharacterized oxidoreductase MMAR_0687	Background_Genome	0.6432	9.2094e-10	4.2020e-09	NO
MMAR_1060	mmp_1060	Hypothetical protein / putative uncharacterized oxidoreductase MMAR_1060	Background_Genome	0.5655	9.5995e-10	4.3634e-09	NO
MMAR_0469	mmp_469	Hypothetical protein / putative uncharacterized oxidoreductase MMAR_0469	Background_Genome	-0.4740	1.4460e-09	6.5481e-09	NO
MMAR_0240	mmp_240	Hypothetical protein / putative uncharacterized oxidoreductase MMAR_0240	Background_Genome	0.5083	1.7252e-09	7.7829e-09	NO
MMAR_0207	mmp_207	Hypothetical protein / putative uncharacterized oxidoreductase MMAR_0207	Background_Genome	-0.6532	1.8061e-09	8.1171e-09	NO
MMAR_0523	mmp_523	Hypothetical protein / putative uncharacterized oxidoreductase MMAR_0523	Background_Genome	-0.3938	2.0152e-09	9.0235e-09	NO
MMAR_0077	mmp_77	Hypothetical protein / putative uncharacterized oxidoreductase MMAR_0077	Background_Genome	0.3981	2.0520e-09	9.1539e-09	NO
MMAR_0872	mmp_872	Hypothetical protein / putative uncharacterized oxidoreductase MMAR_0872	Background_Genome	-0.4513	2.2994e-09	1.0220e-08	NO
MMAR_1064	mmp_1064	Hypothetical protein / putative uncharacterized oxidoreductase MMAR_1064	Background_Genome	-0.2634	2.3723e-09	1.0505e-08	NO
MMAR_0851	mmp_851	Hypothetical protein / putative uncharacterized oxidoreductase MMAR_0851	Background_Genome	-0.4654	2.6418e-09	1.1655e-08	NO
MMAR_0600	mmp_600	Hypothetical protein / putative uncharacterized oxidoreductase MMAR_0600	Background_Genome	-0.5091	2.9374e-09	1.2865e-08	NO
MMAR_0788	mmp_788	Hypothetical protein / putative uncharacterized oxidoreductase MMAR_0788	Background_Genome	0.5291	2.9354e-09	1.2865e-08	NO
MMAR_0941	mmp_941	Hypothetical protein / putative uncharacterized oxidoreductase MMAR_0941	Background_Genome	-0.4238	3.3348e-09	1.4552e-08	NO
MMAR_0526	mmp_526	Hypothetical protein / putative uncharacterized oxidoreductase MMAR_0526	Background_Genome	-0.5209	3.3786e-09	1.4689e-08	NO
MMAR_0096	mmp_96	Hypothetical protein / putative uncharacterized oxidoreductase MMAR_0096	Background_Genome	-0.4475	3.5616e-09	1.5374e-08	NO
MMAR_0259	mmp_259	Hypothetical protein / putative uncharacterized oxidoreductase MMAR_0259	Background_Genome	0.6138	3.5580e-09	1.5374e-08	NO
MMAR_1147	mmp_1147	Hypothetical protein / putative uncharacterized oxidoreductase MMAR_1147	Background_Genome	0.5007	3.9017e-09	1.6782e-08	NO
MMAR_0919	mmp_919	Hypothetical protein / putative uncharacterized oxidoreductase MMAR_0919	Background_Genome	-0.4245	4.2780e-09	1.8334e-08	NO
MMAR_1063	mmp_1063	Hypothetical protein / putative uncharacterized oxidoreductase MMAR_1063	Background_Genome	-0.4603	4.3843e-09	1.8723e-08	NO
MMAR_0516	mmp_516	Hypothetical protein / putative uncharacterized oxidoreductase MMAR_0516	Background_Genome	0.4911	4.7552e-09	2.0163e-08	NO
MMAR_0834	mmp_834	Hypothetical protein / putative uncharacterized oxidoreductase MMAR_0834	Background_Genome	0.5732	4.7417e-09	2.0163e-08	NO
MMAR_0072	mmp_72	Hypothetical protein / putative uncharacterized oxidoreductase MMAR_0072	Background_Genome	-0.3468	4.8675e-09	2.0567e-08	NO
MMAR_1179	mmp_1179	Hypothetical protein / putative uncharacterized oxidoreductase MMAR_1179	Background_Genome	-0.4581	5.0002e-09	2.1053e-08	NO
MMAR_0649	mmp_649	Hypothetical protein / putative uncharacterized oxidoreductase MMAR_0649	Background_Genome	0.3071	5.1329e-09	2.1537e-08	NO
MMAR_0612	mmp_612	Hypothetical protein / putative uncharacterized oxidoreductase MMAR_0612	Background_Genome	0.3483	5.2360e-09	2.1893e-08	NO
MMAR_1157	mmp_1157	Hypothetical protein / putative uncharacterized oxidoreductase MMAR_1157	Background_Genome	-0.4714	5.6996e-09	2.3749e-08	NO
MMAR_0688	mmp_688	Hypothetical protein / putative uncharacterized oxidoreductase MMAR_0688	Background_Genome	0.5731	5.9429e-09	2.4676e-08	NO
MMAR_0402	mmp_402	Hypothetical protein / putative uncharacterized oxidoreductase MMAR_0402	Background_Genome	-0.3407	6.2808e-09	2.5990e-08	NO
MMAR_1005	mmp_1005	Hypothetical protein / putative uncharacterized oxidoreductase MMAR_1005	Background_Genome	-0.4270	7.1358e-09	2.9426e-08	NO
MMAR_0494	mmp_494	Hypothetical protein / putative uncharacterized oxidoreductase MMAR_0494	Background_Genome	0.5046	7.3769e-09	3.0316e-08	NO
MMAR_0784	mmp_784	Hypothetical protein / putative uncharacterized oxidoreductase MMAR_0784	Background_Genome	-0.6292	8.0087e-09	3.2800e-08	NO
MMAR_1040	mmp_1040	Hypothetical protein / putative uncharacterized oxidoreductase MMAR_1040	Background_Genome	-0.5501	8.1448e-09	3.3244e-08	NO
MMAR_0775	mmp_775	Hypothetical protein / putative uncharacterized oxidoreductase MMAR_0775	Background_Genome	-0.4362	9.1227e-09	3.7109e-08	NO
MMAR_0319	mmp_319	Hypothetical protein / putative uncharacterized oxidoreductase MMAR_0319	Background_Genome	0.4444	1.0504e-08	4.2583e-08	NO
MMAR_1098	mmp_1098	Hypothetical protein / putative uncharacterized oxidoreductase MMAR_1098	Background_Genome	-0.5068	1.2029e-08	4.8603e-08	NO
MMAR_0421	mmp_421	Hypothetical protein / putative uncharacterized oxidoreductase MMAR_0421	Background_Genome	0.4099	1.5067e-08	6.0673e-08	NO
MMAR_0347	mmp_347	Hypothetical protein / putative uncharacterized oxidoreductase MMAR_0347	Background_Genome	0.4169	1.5653e-08	6.2822e-08	NO
MMAR_1088	mmp_1088	Hypothetical protein / putative uncharacterized oxidoreductase MMAR_1088	Background_Genome	-0.7009	1.5874e-08	6.3494e-08	NO
MMAR_0878	mmp_878	Hypothetical protein / putative uncharacterized oxidoreductase MMAR_0878	Background_Genome	-0.3727	1.7129e-08	6.8287e-08	NO
MMAR_0343	mmp_343	Hypothetical protein / putative uncharacterized oxidoreductase MMAR_0343	Background_Genome	0.6213	1.7374e-08	6.9038e-08	NO
MMAR_1119	mmp_1119	Hypothetical protein / putative uncharacterized oxidoreductase MMAR_1119	Background_Genome	-0.6675	2.3799e-08	9.4255e-08	NO
MMAR_0616	mmp_616	Hypothetical protein / putative uncharacterized oxidoreductase MMAR_0616	Background_Genome	-0.4907	2.7125e-08	1.0707e-07	NO
MMAR_0506	mmp_506	Hypothetical protein / putative uncharacterized oxidoreductase MMAR_0506	Background_Genome	0.5634	2.9610e-08	1.1650e-07	NO
MMAR_0487	mmp_487	Hypothetical protein / putative uncharacterized oxidoreductase MMAR_0487	Background_Genome	0.3953	3.3942e-08	1.3310e-07	NO
MMAR_0407	mmp_407	Hypothetical protein / putative uncharacterized oxidoreductase MMAR_0407	Background_Genome	0.3690	3.4286e-08	1.3402e-07	NO
MMAR_0839	mmp_839	Hypothetical protein / putative uncharacterized oxidoreductase MMAR_0839	Background_Genome	0.2350	3.8419e-08	1.4968e-07	NO
MMAR_0808	mmp_808	Hypothetical protein / putative uncharacterized oxidoreductase MMAR_0808	Background_Genome	-0.4629	4.0635e-08	1.5781e-07	NO
MMAR_0179	mmp_179	Hypothetical protein / putative uncharacterized oxidoreductase MMAR_0179	Background_Genome	0.5658	6.0151e-08	2.3284e-07	NO
MMAR_0573	mmp_573	Hypothetical protein / putative uncharacterized oxidoreductase MMAR_0573	Background_Genome	0.3453	6.3451e-08	2.4483e-07	NO
MMAR_0459	mmp_459	Hypothetical protein / putative uncharacterized oxidoreductase MMAR_0459	Background_Genome	-0.3105	6.4732e-08	2.4897e-07	NO
MMAR_0423	mmp_423	Hypothetical protein / putative uncharacterized oxidoreductase MMAR_0423	Background_Genome	0.3219	6.5182e-08	2.4990e-07	NO
MMAR_0458	mmp_458	Hypothetical protein / putative uncharacterized oxidoreductase MMAR_0458	Background_Genome	0.3323	6.8231e-08	2.6076e-07	NO
MMAR_0769	mmp_769	Hypothetical protein / putative uncharacterized oxidoreductase MMAR_0769	Background_Genome	0.3628	7.3278e-08	2.7915e-07	NO
MMAR_0103	mmp_103	Hypothetical protein / putative uncharacterized oxidoreductase MMAR_0103	Background_Genome	0.3857	8.2402e-08	3.1193e-07	NO
MMAR_1096	mmp_1096	Hypothetical protein / putative uncharacterized oxidoreductase MMAR_1096	Background_Genome	-0.3127	8.2193e-08	3.1193e-07	NO
MMAR_0994	mmp_994	Hypothetical protein / putative uncharacterized oxidoreductase MMAR_0994	Background_Genome	0.5326	9.0306e-08	3.4078e-07	NO
MMAR_1163	mmp_1163	Hypothetical protein / putative uncharacterized oxidoreductase MMAR_1163	Background_Genome	-0.1618	9.3655e-08	3.5231e-07	NO
MMAR_0625	mmp_625	Hypothetical protein / putative uncharacterized oxidoreductase MMAR_0625	Background_Genome	0.3724	1.0176e-07	3.8160e-07	NO
MMAR_0467	mmp_467	Hypothetical protein / putative uncharacterized oxidoreductase MMAR_0467	Background_Genome	-0.3512	1.1737e-07	4.3877e-07	NO
MMAR_0496	mmp_496	Hypothetical protein / putative uncharacterized oxidoreductase MMAR_0496	Background_Genome	-0.4118	1.2465e-07	4.6453e-07	NO
MMAR_0280	mmp_280	Hypothetical protein / putative uncharacterized oxidoreductase MMAR_0280	Background_Genome	0.3408	1.3634e-07	5.0652e-07	NO
MMAR_0232	mmp_232	Hypothetical protein / putative uncharacterized oxidoreductase MMAR_0232	Background_Genome	0.5564	1.4087e-07	5.2175e-07	NO
MMAR_0916	mmp_916	Hypothetical protein / putative uncharacterized oxidoreductase MMAR_0916	Background_Genome	-0.2514	1.7070e-07	6.3028e-07	NO
MMAR_0140	mmp_140	Hypothetical protein / putative uncharacterized oxidoreductase MMAR_0140	Background_Genome	0.4898	1.7630e-07	6.4895e-07	NO
MMAR_0818	mmp_818	Hypothetical protein / putative uncharacterized oxidoreductase MMAR_0818	Background_Genome	0.6313	1.8647e-07	6.8428e-07	NO
MMAR_0079	mmp_79	Hypothetical protein / putative uncharacterized oxidoreductase MMAR_0079	Background_Genome	0.3156	1.9222e-07	7.0324e-07	NO
MMAR_0082	mmp_82	Hypothetical protein / putative uncharacterized oxidoreductase MMAR_0082	Background_Genome	-0.3780	1.9993e-07	7.2924e-07	NO
MMAR_0358	mmp_358	Hypothetical protein / putative uncharacterized oxidoreductase MMAR_0358	Background_Genome	-0.5506	2.2338e-07	8.1230e-07	NO
MMAR_0741	mmp_741	Hypothetical protein / putative uncharacterized oxidoreductase MMAR_0741	Background_Genome	0.6518	2.3238e-07	8.4248e-07	NO
MMAR_1043	mmp_1043	Hypothetical protein / putative uncharacterized oxidoreductase MMAR_1043	Background_Genome	0.3329	2.4111e-07	8.7149e-07	NO
MMAR_4420	cydA	Cytochrome bd ubiquinol oxidase subunit I	Simulator_Divergent	0.5713	2.5136e-07	9.0579e-07	NO
MMAR_1169	mmp_1169	Hypothetical protein / putative uncharacterized oxidoreductase MMAR_1169	Background_Genome	-0.1728	2.5452e-07	9.1443e-07	NO
MMAR_1031	mmp_1031	Hypothetical protein / putative uncharacterized oxidoreductase MMAR_1031	Background_Genome	0.3841	3.1451e-07	1.1266e-06	NO
MMAR_1065	mmp_1065	Hypothetical protein / putative uncharacterized oxidoreductase MMAR_1065	Background_Genome	0.2772	3.2410e-07	1.1572e-06	NO
MMAR_1189	mmp_1189	Hypothetical protein / putative uncharacterized oxidoreductase MMAR_1189	Background_Genome	0.3991	3.2498e-07	1.1572e-06	NO
MMAR_1145	mmp_1145	Hypothetical protein / putative uncharacterized oxidoreductase MMAR_1145	Background_Genome	0.4309	3.4027e-07	1.2081e-06	NO
MMAR_0157	mmp_157	Hypothetical protein / putative uncharacterized oxidoreductase MMAR_0157	Background_Genome	-0.3921	3.5359e-07	1.2517e-06	NO
MMAR_1190	mmp_1190	Hypothetical protein / putative uncharacterized oxidoreductase MMAR_1190	Background_Genome	-0.4667	3.7886e-07	1.3372e-06	NO
MMAR_0330	mmp_330	Hypothetical protein / putative uncharacterized oxidoreductase MMAR_0330	Background_Genome	0.5034	3.9528e-07	1.3910e-06	NO
MMAR_0088	mmp_88	Hypothetical protein / putative uncharacterized oxidoreductase MMAR_0088	Background_Genome	0.2818	3.9802e-07	1.3966e-06	NO
MMAR_0287	mmp_287	Hypothetical protein / putative uncharacterized oxidoreductase MMAR_0287	Background_Genome	0.3241	4.0500e-07	1.4169e-06	NO
MMAR_0798	mmp_798	Hypothetical protein / putative uncharacterized oxidoreductase MMAR_0798	Background_Genome	0.3390	4.1296e-07	1.4406e-06	NO
MMAR_0711	mmp_711	Hypothetical protein / putative uncharacterized oxidoreductase MMAR_0711	Background_Genome	0.6288	4.2969e-07	1.4902e-06	NO
MMAR_0908	mmp_908	Hypothetical protein / putative uncharacterized oxidoreductase MMAR_0908	Background_Genome	0.4335	4.2849e-07	1.4902e-06	NO
MMAR_0242	mmp_242	Hypothetical protein / putative uncharacterized oxidoreductase MMAR_0242	Background_Genome	0.3085	4.3328e-07	1.4984e-06	NO
MMAR_0371	mmp_371	Hypothetical protein / putative uncharacterized oxidoreductase MMAR_0371	Background_Genome	-0.4234	4.3615e-07	1.5040e-06	NO
MMAR_0831	mmp_831	Hypothetical protein / putative uncharacterized oxidoreductase MMAR_0831	Background_Genome	-0.3029	4.7123e-07	1.6203e-06	NO
MMAR_1039	mmp_1039	Hypothetical protein / putative uncharacterized oxidoreductase MMAR_1039	Background_Genome	0.6764	5.0589e-07	1.7345e-06	NO
MMAR_0370	mmp_370	Hypothetical protein / putative uncharacterized oxidoreductase MMAR_0370	Background_Genome	-0.2274	5.2014e-07	1.7782e-06	NO
MMAR_0752	mmp_752	Hypothetical protein / putative uncharacterized oxidoreductase MMAR_0752	Background_Genome	0.3336	5.2914e-07	1.8039e-06	NO
MMAR_0582	mmp_582	Hypothetical protein / putative uncharacterized oxidoreductase MMAR_0582	Background_Genome	0.7225	5.6060e-07	1.9057e-06	NO
MMAR_0797	mmp_797	Hypothetical protein / putative uncharacterized oxidoreductase MMAR_0797	Background_Genome	0.3163	5.8525e-07	1.9839e-06	NO
MMAR_1018	mmp_1018	Hypothetical protein / putative uncharacterized oxidoreductase MMAR_1018	Background_Genome	0.4231	6.4989e-07	2.1968e-06	NO
MMAR_0666	mmp_666	Hypothetical protein / putative uncharacterized oxidoreductase MMAR_0666	Background_Genome	-0.2860	7.1525e-07	2.4110e-06	NO
MMAR_0309	mmp_309	Hypothetical protein / putative uncharacterized oxidoreductase MMAR_0309	Background_Genome	-0.4482	7.1961e-07	2.4188e-06	NO
MMAR_0285	mmp_285	Hypothetical protein / putative uncharacterized oxidoreductase MMAR_0285	Background_Genome	-0.5327	7.5002e-07	2.5140e-06	NO
MMAR_0768	mmp_768	Hypothetical protein / putative uncharacterized oxidoreductase MMAR_0768	Background_Genome	0.5599	8.5703e-07	2.8647e-06	NO
MMAR_0843	mmp_843	Hypothetical protein / putative uncharacterized oxidoreductase MMAR_0843	Background_Genome	0.3436	9.5030e-07	3.1677e-06	NO
MMAR_0440	mmp_440	Hypothetical protein / putative uncharacterized oxidoreductase MMAR_0440	Background_Genome	-0.5391	9.6235e-07	3.1978e-06	NO
MMAR_0936	mmp_936	Hypothetical protein / putative uncharacterized oxidoreductase MMAR_0936	Background_Genome	-0.4053	9.6468e-07	3.1978e-06	NO
MMAR_0307	mmp_307	Hypothetical protein / putative uncharacterized oxidoreductase MMAR_0307	Background_Genome	0.6364	1.0155e-06	3.3571e-06	NO
MMAR_1149	mmp_1149	Hypothetical protein / putative uncharacterized oxidoreductase MMAR_1149	Background_Genome	0.6175	1.1068e-06	3.6487e-06	NO
MMAR_1038	mmp_1038	Hypothetical protein / putative uncharacterized oxidoreductase MMAR_1038	Background_Genome	0.3419	1.1515e-06	3.7859e-06	NO
MMAR_0413	mmp_413	Hypothetical protein / putative uncharacterized oxidoreductase MMAR_0413	Background_Genome	-0.5530	1.2425e-06	4.0738e-06	NO
MMAR_1143	mmp_1143	Hypothetical protein / putative uncharacterized oxidoreductase MMAR_1143	Background_Genome	-0.4320	1.3167e-06	4.3054e-06	NO
MMAR_0914	mmp_914	Hypothetical protein / putative uncharacterized oxidoreductase MMAR_0914	Background_Genome	-0.4786	1.5449e-06	5.0376e-06	NO
MMAR_0101	mmp_101	Hypothetical protein / putative uncharacterized oxidoreductase MMAR_0101	Background_Genome	0.3612	1.5774e-06	5.1297e-06	NO
MMAR_0725	mmp_725	Hypothetical protein / putative uncharacterized oxidoreductase MMAR_0725	Background_Genome	0.4206	1.6013e-06	5.1934e-06	NO
MMAR_0541	mmp_541	Hypothetical protein / putative uncharacterized oxidoreductase MMAR_0541	Background_Genome	0.5684	1.7442e-06	5.6415e-06	NO
MMAR_0910	atpA	ATP synthase F1 alpha subunit	Downregulated_Metabolism	-0.7529	1.8268e-06	5.8930e-06	YES
MMAR_1140	mmp_1140	Hypothetical protein / putative uncharacterized oxidoreductase MMAR_1140	Background_Genome	-0.3957	1.9433e-06	6.2520e-06	NO
MMAR_0591	mmp_591	Hypothetical protein / putative uncharacterized oxidoreductase MMAR_0591	Background_Genome	-0.6314	2.1377e-06	6.8591e-06	NO
MMAR_0121	mmp_121	Hypothetical protein / putative uncharacterized oxidoreductase MMAR_0121	Background_Genome	-0.3839	2.1508e-06	6.8685e-06	NO
MMAR_0663	mmp_663	Hypothetical protein / putative uncharacterized oxidoreductase MMAR_0663	Background_Genome	-0.4415	2.1521e-06	6.8685e-06	NO
MMAR_0897	mmp_897	Hypothetical protein / putative uncharacterized oxidoreductase MMAR_0897	Background_Genome	-0.5341	2.2093e-06	7.0322e-06	NO
MMAR_0083	mmp_83	Hypothetical protein / putative uncharacterized oxidoreductase MMAR_0083	Background_Genome	0.2819	2.3290e-06	7.3743e-06	NO
MMAR_1072	mmp_1072	Hypothetical protein / putative uncharacterized oxidoreductase MMAR_1072	Background_Genome	0.2041	2.3243e-06	7.3743e-06	NO
MMAR_0263	mmp_263	Hypothetical protein / putative uncharacterized oxidoreductase MMAR_0263	Background_Genome	-0.4246	2.3353e-06	7.3746e-06	NO
MMAR_1019	mmp_1019	Hypothetical protein / putative uncharacterized oxidoreductase MMAR_1019	Background_Genome	0.3721	2.4265e-06	7.6425e-06	NO
MMAR_1046	mmp_1046	Hypothetical protein / putative uncharacterized oxidoreductase MMAR_1046	Background_Genome	0.3315	2.4396e-06	7.6636e-06	NO
MMAR_0250	mmp_250	Hypothetical protein / putative uncharacterized oxidoreductase MMAR_0250	Background_Genome	-0.5042	2.6248e-06	8.2240e-06	NO
MMAR_0354	mmp_354	Hypothetical protein / putative uncharacterized oxidoreductase MMAR_0354	Background_Genome	-0.4493	2.6869e-06	8.3966e-06	NO
MMAR_0071	mmp_71	Hypothetical protein / putative uncharacterized oxidoreductase MMAR_0071	Background_Genome	0.2490	2.7833e-06	8.6751e-06	NO
MMAR_0160	mmp_160	Hypothetical protein / putative uncharacterized oxidoreductase MMAR_0160	Background_Genome	-0.2094	3.3550e-06	1.0430e-05	NO
MMAR_1002	mmp_1002	Hypothetical protein / putative uncharacterized oxidoreductase MMAR_1002	Background_Genome	0.5300	3.3852e-06	1.0497e-05	NO
MMAR_0827	mmp_827	Hypothetical protein / putative uncharacterized oxidoreductase MMAR_0827	Background_Genome	-0.4498	3.4833e-06	1.0773e-05	NO
MMAR_1089	mmp_1089	Hypothetical protein / putative uncharacterized oxidoreductase MMAR_1089	Background_Genome	-0.4981	3.5277e-06	1.0882e-05	NO
MMAR_0708	mmp_708	Hypothetical protein / putative uncharacterized oxidoreductase MMAR_0708	Background_Genome	0.4029	3.5539e-06	1.0935e-05	NO
MMAR_1027	mmp_1027	Hypothetical protein / putative uncharacterized oxidoreductase MMAR_1027	Background_Genome	0.3657	3.8371e-06	1.1776e-05	NO
MMAR_0251	mmp_251	Hypothetical protein / putative uncharacterized oxidoreductase MMAR_0251	Background_Genome	0.1355	4.1780e-06	1.2790e-05	NO
MMAR_0435	mmp_435	Hypothetical protein / putative uncharacterized oxidoreductase MMAR_0435	Background_Genome	-0.3608	4.2138e-06	1.2867e-05	NO
MMAR_0776	mmp_776	Hypothetical protein / putative uncharacterized oxidoreductase MMAR_0776	Background_Genome	0.4303	4.4935e-06	1.3686e-05	NO
MMAR_0565	mmp_565	Hypothetical protein / putative uncharacterized oxidoreductase MMAR_0565	Background_Genome	0.5726	4.7299e-06	1.4369e-05	NO
MMAR_1124	mmp_1124	Hypothetical protein / putative uncharacterized oxidoreductase MMAR_1124	Background_Genome	-0.4364	4.9855e-06	1.5108e-05	NO
MMAR_0845	mmp_845	Hypothetical protein / putative uncharacterized oxidoreductase MMAR_0845	Background_Genome	-0.5813	5.2503e-06	1.5870e-05	NO
MMAR_0141	mmp_141	Hypothetical protein / putative uncharacterized oxidoreductase MMAR_0141	Background_Genome	-0.3589	5.3473e-06	1.6122e-05	NO
MMAR_0129	mmp_129	Hypothetical protein / putative uncharacterized oxidoreductase MMAR_0129	Background_Genome	0.4876	5.6239e-06	1.6855e-05	NO
MMAR_0519	mmp_519	Hypothetical protein / putative uncharacterized oxidoreductase MMAR_0519	Background_Genome	0.4082	5.6324e-06	1.6855e-05	NO
MMAR_0737	mmp_737	Hypothetical protein / putative uncharacterized oxidoreductase MMAR_0737	Background_Genome	0.2586	5.6045e-06	1.6855e-05	NO
MMAR_0424	mmp_424	Hypothetical protein / putative uncharacterized oxidoreductase MMAR_0424	Background_Genome	-0.3175	5.6692e-06	1.6923e-05	NO
MMAR_0415	mmp_415	Hypothetical protein / putative uncharacterized oxidoreductase MMAR_0415	Background_Genome	-0.6185	5.8776e-06	1.7502e-05	NO
MMAR_0368	mmp_368	Hypothetical protein / putative uncharacterized oxidoreductase MMAR_0368	Background_Genome	-0.7483	6.1808e-06	1.8359e-05	NO
MMAR_0820	mmp_820	Hypothetical protein / putative uncharacterized oxidoreductase MMAR_0820	Background_Genome	-0.4433	6.2790e-06	1.8604e-05	NO
MMAR_0854	mmp_854	Hypothetical protein / putative uncharacterized oxidoreductase MMAR_0854	Background_Genome	0.5683	6.3339e-06	1.8721e-05	NO
MMAR_0326	mmp_326	Hypothetical protein / putative uncharacterized oxidoreductase MMAR_0326	Background_Genome	-0.4293	6.4302e-06	1.8959e-05	NO
MMAR_0185	mmp_185	Hypothetical protein / putative uncharacterized oxidoreductase MMAR_0185	Background_Genome	-0.6284	6.4536e-06	1.8981e-05	NO
MMAR_0692	mmp_692	Hypothetical protein / putative uncharacterized oxidoreductase MMAR_0692	Background_Genome	0.4939	6.9675e-06	2.0443e-05	NO
MMAR_1184	mmp_1184	Hypothetical protein / putative uncharacterized oxidoreductase MMAR_1184	Background_Genome	0.6473	7.2707e-06	2.1280e-05	NO
MMAR_0930	mmp_930	Hypothetical protein / putative uncharacterized oxidoreductase MMAR_0930	Background_Genome	-0.2451	7.5576e-06	2.2066e-05	NO
MMAR_0787	mmp_787	Hypothetical protein / putative uncharacterized oxidoreductase MMAR_0787	Background_Genome	-0.3723	7.9196e-06	2.3067e-05	NO
MMAR_1066	mmp_1066	Hypothetical protein / putative uncharacterized oxidoreductase MMAR_1066	Background_Genome	0.1728	9.0910e-06	2.6414e-05	NO
MMAR_0598	mmp_598	Hypothetical protein / putative uncharacterized oxidoreductase MMAR_0598	Background_Genome	-0.2160	9.8257e-06	2.8480e-05	NO
MMAR_0694	mmp_694	Hypothetical protein / putative uncharacterized oxidoreductase MMAR_0694	Background_Genome	-0.3526	1.0168e-05	2.9401e-05	NO
MMAR_0276	mmp_276	Hypothetical protein / putative uncharacterized oxidoreductase MMAR_0276	Background_Genome	0.2559	1.0717e-05	3.0840e-05	NO
MMAR_0308	mmp_308	Hypothetical protein / putative uncharacterized oxidoreductase MMAR_0308	Background_Genome	-0.4294	1.0698e-05	3.0840e-05	NO
MMAR_0130	mmp_130	Hypothetical protein / putative uncharacterized oxidoreductase MMAR_0130	Background_Genome	-0.2718	1.0862e-05	3.1183e-05	NO
MMAR_0107	mmp_107	Hypothetical protein / putative uncharacterized oxidoreductase MMAR_0107	Background_Genome	-0.3410	1.0958e-05	3.1383e-05	NO
MMAR_0821	mmp_821	Hypothetical protein / putative uncharacterized oxidoreductase MMAR_0821	Background_Genome	-0.3484	1.1013e-05	3.1466e-05	NO
MMAR_0800	mmp_800	Hypothetical protein / putative uncharacterized oxidoreductase MMAR_0800	Background_Genome	0.4418	1.2507e-05	3.5649e-05	NO
MMAR_0411	mmp_411	Hypothetical protein / putative uncharacterized oxidoreductase MMAR_0411	Background_Genome	-0.3509	1.2597e-05	3.5822e-05	NO
MMAR_0131	mmp_131	Hypothetical protein / putative uncharacterized oxidoreductase MMAR_0131	Background_Genome	0.5157	1.4670e-05	4.1577e-05	NO
MMAR_0886	mmp_886	Hypothetical protein / putative uncharacterized oxidoreductase MMAR_0886	Background_Genome	0.3546	1.4691e-05	4.1577e-05	NO
MMAR_0328	mmp_328	Hypothetical protein / putative uncharacterized oxidoreductase MMAR_0328	Background_Genome	0.3427	1.5183e-05	4.2869e-05	NO
MMAR_0181	mmp_181	Hypothetical protein / putative uncharacterized oxidoreductase MMAR_0181	Background_Genome	-0.3441	1.5336e-05	4.3199e-05	NO
MMAR_0434	mmp_434	Hypothetical protein / putative uncharacterized oxidoreductase MMAR_0434	Background_Genome	-0.2517	1.5403e-05	4.3286e-05	NO
MMAR_0659	mmp_659	Hypothetical protein / putative uncharacterized oxidoreductase MMAR_0659	Background_Genome	-0.3564	1.6270e-05	4.5616e-05	NO
MMAR_0804	mmp_804	Hypothetical protein / putative uncharacterized oxidoreductase MMAR_0804	Background_Genome	-0.4261	1.6405e-05	4.5889e-05	NO
MMAR_0838	mmp_838	Hypothetical protein / putative uncharacterized oxidoreductase MMAR_0838	Background_Genome	0.3411	1.7125e-05	4.7790e-05	NO
MMAR_0191	mmp_191	Hypothetical protein / putative uncharacterized oxidoreductase MMAR_0191	Background_Genome	0.3747	1.7254e-05	4.8039e-05	NO
MMAR_0868	mmp_868	Hypothetical protein / putative uncharacterized oxidoreductase MMAR_0868	Background_Genome	-0.7724	1.7417e-05	4.8380e-05	YES
MMAR_0588	mmp_588	Hypothetical protein / putative uncharacterized oxidoreductase MMAR_0588	Background_Genome	0.3509	1.9065e-05	5.2837e-05	NO
MMAR_0923	mmp_923	Hypothetical protein / putative uncharacterized oxidoreductase MMAR_0923	Background_Genome	0.3761	1.9138e-05	5.2915e-05	NO
MMAR_0614	mmp_614	Hypothetical protein / putative uncharacterized oxidoreductase MMAR_0614	Background_Genome	-0.3276	1.9895e-05	5.4882e-05	NO
MMAR_0721	mmp_721	Hypothetical protein / putative uncharacterized oxidoreductase MMAR_0721	Background_Genome	0.3332	2.0282e-05	5.5821e-05	NO
MMAR_0193	mmp_193	Hypothetical protein / putative uncharacterized oxidoreductase MMAR_0193	Background_Genome	0.2634	2.4719e-05	6.7877e-05	NO
MMAR_0335	mmp_335	Hypothetical protein / putative uncharacterized oxidoreductase MMAR_0335	Background_Genome	0.3765	2.4831e-05	6.8031e-05	NO
MMAR_0844	mmp_844	Hypothetical protein / putative uncharacterized oxidoreductase MMAR_0844	Background_Genome	-0.3271	2.5622e-05	7.0036e-05	NO
MMAR_0464	mmp_464	Hypothetical protein / putative uncharacterized oxidoreductase MMAR_0464	Background_Genome	-0.4228	2.6576e-05	7.2480e-05	NO
MMAR_0758	mmp_758	Hypothetical protein / putative uncharacterized oxidoreductase MMAR_0758	Background_Genome	0.3376	2.8122e-05	7.6522e-05	NO
MMAR_0392	mmp_392	Hypothetical protein / putative uncharacterized oxidoreductase MMAR_0392	Background_Genome	0.2030	2.8400e-05	7.7062e-05	NO
MMAR_0675	mmp_675	Hypothetical protein / putative uncharacterized oxidoreductase MMAR_0675	Background_Genome	-0.4047	2.8449e-05	7.7062e-05	NO
MMAR_0538	mmp_538	Hypothetical protein / putative uncharacterized oxidoreductase MMAR_0538	Background_Genome	0.3531	3.0127e-05	8.1423e-05	NO
MMAR_0327	mmp_327	Hypothetical protein / putative uncharacterized oxidoreductase MMAR_0327	Background_Genome	-0.2868	3.0775e-05	8.2988e-05	NO
MMAR_0461	mmp_461	Hypothetical protein / putative uncharacterized oxidoreductase MMAR_0461	Background_Genome	0.5158	3.0952e-05	8.3278e-05	NO
MMAR_1001	mmp_1001	Hypothetical protein / putative uncharacterized oxidoreductase MMAR_1001	Background_Genome	-0.2169	3.5484e-05	9.5258e-05	NO
MMAR_0846	mmp_846	Hypothetical protein / putative uncharacterized oxidoreductase MMAR_0846	Background_Genome	0.2771	3.8065e-05	1.0196e-04	NO
MMAR_0945	mmp_945	Hypothetical protein / putative uncharacterized oxidoreductase MMAR_0945	Background_Genome	-0.4891	3.8395e-05	1.0261e-04	NO
MMAR_1170	mmp_1170	Hypothetical protein / putative uncharacterized oxidoreductase MMAR_1170	Background_Genome	0.3699	3.8531e-05	1.0275e-04	NO
MMAR_1020	mmp_1020	Hypothetical protein / putative uncharacterized oxidoreductase MMAR_1020	Background_Genome	-0.4580	3.9626e-05	1.0543e-04	NO
MMAR_0716	mmp_716	Hypothetical protein / putative uncharacterized oxidoreductase MMAR_0716	Background_Genome	0.3169	4.2369e-05	1.1248e-04	NO
MMAR_0795	mmp_795	Hypothetical protein / putative uncharacterized oxidoreductase MMAR_0795	Background_Genome	-0.4562	4.3235e-05	1.1453e-04	NO
MMAR_0633	mmp_633	Hypothetical protein / putative uncharacterized oxidoreductase MMAR_0633	Background_Genome	-0.2498	4.3892e-05	1.1601e-04	NO
MMAR_1118	mmp_1118	Hypothetical protein / putative uncharacterized oxidoreductase MMAR_1118	Background_Genome	-0.2526	4.5260e-05	1.1937e-04	NO
MMAR_0988	mmp_988	Hypothetical protein / putative uncharacterized oxidoreductase MMAR_0988	Background_Genome	-0.4473	4.5501e-05	1.1974e-04	NO
MMAR_0864	mmp_864	Hypothetical protein / putative uncharacterized oxidoreductase MMAR_0864	Background_Genome	-0.0890	4.8467e-05	1.2727e-04	NO
MMAR_0372	mmp_372	Hypothetical protein / putative uncharacterized oxidoreductase MMAR_0372	Background_Genome	-0.3699	5.0514e-05	1.3235e-04	NO
MMAR_0513	mmp_513	Hypothetical protein / putative uncharacterized oxidoreductase MMAR_0513	Background_Genome	-0.3408	5.1452e-05	1.3451e-04	NO
MMAR_1131	mmp_1131	Hypothetical protein / putative uncharacterized oxidoreductase MMAR_1131	Background_Genome	0.1565	5.3560e-05	1.3972e-04	NO
MMAR_0785	mmp_785	Hypothetical protein / putative uncharacterized oxidoreductase MMAR_0785	Background_Genome	0.2602	5.4418e-05	1.4165e-04	NO
MMAR_1074	mmp_1074	Hypothetical protein / putative uncharacterized oxidoreductase MMAR_1074	Background_Genome	-0.3894	5.5374e-05	1.4383e-04	NO
MMAR_0596	mmp_596	Hypothetical protein / putative uncharacterized oxidoreductase MMAR_0596	Background_Genome	0.5475	5.9537e-05	1.5431e-04	NO
MMAR_1167	mmp_1167	Hypothetical protein / putative uncharacterized oxidoreductase MMAR_1167	Background_Genome	-0.3880	6.0859e-05	1.5739e-04	NO
MMAR_1199	mmp_1199	Hypothetical protein / putative uncharacterized oxidoreductase MMAR_1199	Background_Genome	0.2060	6.1092e-05	1.5766e-04	NO
MMAR_0507	mmp_507	Hypothetical protein / putative uncharacterized oxidoreductase MMAR_0507	Background_Genome	0.3694	6.2138e-05	1.6001e-04	NO
MMAR_0460	mmp_460	Hypothetical protein / putative uncharacterized oxidoreductase MMAR_0460	Background_Genome	0.4207	6.6182e-05	1.7006e-04	NO
MMAR_0409	mmp_409	Hypothetical protein / putative uncharacterized oxidoreductase MMAR_0409	Background_Genome	0.1927	6.8278e-05	1.7507e-04	NO
MMAR_0138	mmp_138	Hypothetical protein / putative uncharacterized oxidoreductase MMAR_0138	Background_Genome	-0.4549	7.8941e-05	2.0198e-04	NO
MMAR_0425	mmp_425	Hypothetical protein / putative uncharacterized oxidoreductase MMAR_0425	Background_Genome	0.7871	8.1384e-05	2.0779e-04	YES
MMAR_1168	mmp_1168	Hypothetical protein / putative uncharacterized oxidoreductase MMAR_1168	Background_Genome	0.2831	8.2758e-05	2.1085e-04	NO
MMAR_1129	mmp_1129	Hypothetical protein / putative uncharacterized oxidoreductase MMAR_1129	Background_Genome	-0.2826	8.4867e-05	2.1576e-04	NO
MMAR_0561	mmp_561	Hypothetical protein / putative uncharacterized oxidoreductase MMAR_0561	Background_Genome	-0.3292	8.8471e-05	2.2445e-04	NO
MMAR_0969	mmp_969	Hypothetical protein / putative uncharacterized oxidoreductase MMAR_0969	Background_Genome	-0.6892	9.1255e-05	2.3103e-04	NO
MMAR_1010	mmp_1010	Hypothetical protein / putative uncharacterized oxidoreductase MMAR_1010	Background_Genome	0.2864	9.2714e-05	2.3422e-04	NO
MMAR_1125	mmp_1125	Hypothetical protein / putative uncharacterized oxidoreductase MMAR_1125	Background_Genome	0.4022	9.4709e-05	2.3876e-04	NO
MMAR_0811	mmp_811	Hypothetical protein / putative uncharacterized oxidoreductase MMAR_0811	Background_Genome	0.5355	9.6827e-05	2.4359e-04	NO
MMAR_0822	mmp_822	Hypothetical protein / putative uncharacterized oxidoreductase MMAR_0822	Background_Genome	-0.4481	9.7059e-05	2.4366e-04	NO
MMAR_0814	mmp_814	Hypothetical protein / putative uncharacterized oxidoreductase MMAR_0814	Background_Genome	-0.4636	1.0459e-04	2.6203e-04	NO
MMAR_0935	mmp_935	Hypothetical protein / putative uncharacterized oxidoreductase MMAR_0935	Background_Genome	0.3857	1.0797e-04	2.6993e-04	NO
MMAR_0786	mmp_786	Hypothetical protein / putative uncharacterized oxidoreductase MMAR_0786	Background_Genome	-0.4248	1.1005e-04	2.7455e-04	NO
MMAR_0653	mmp_653	Hypothetical protein / putative uncharacterized oxidoreductase MMAR_0653	Background_Genome	0.3476	1.1297e-04	2.8125e-04	NO
MMAR_0640	mmp_640	Hypothetical protein / putative uncharacterized oxidoreductase MMAR_0640	Background_Genome	0.3084	1.2087e-04	3.0030e-04	NO
MMAR_0499	mmp_499	Hypothetical protein / putative uncharacterized oxidoreductase MMAR_0499	Background_Genome	0.3213	1.2210e-04	3.0273e-04	NO
MMAR_0481	mmp_481	Hypothetical protein / putative uncharacterized oxidoreductase MMAR_0481	Background_Genome	-0.3014	1.2326e-04	3.0498e-04	NO
MMAR_0480	mmp_480	Hypothetical protein / putative uncharacterized oxidoreductase MMAR_0480	Background_Genome	0.2667	1.2569e-04	3.1033e-04	NO
MMAR_0525	mmp_525	Hypothetical protein / putative uncharacterized oxidoreductase MMAR_0525	Background_Genome	-0.2767	1.3044e-04	3.2142e-04	NO
MMAR_0670	mmp_670	Hypothetical protein / putative uncharacterized oxidoreductase MMAR_0670	Background_Genome	0.2344	1.3495e-04	3.3116e-04	NO
MMAR_0733	mmp_733	Hypothetical protein / putative uncharacterized oxidoreductase MMAR_0733	Background_Genome	-0.3614	1.3472e-04	3.3116e-04	NO
MMAR_0623	mmp_623	Hypothetical protein / putative uncharacterized oxidoreductase MMAR_0623	Background_Genome	-0.3525	1.3564e-04	3.3218e-04	NO
MMAR_0135	mmp_135	Hypothetical protein / putative uncharacterized oxidoreductase MMAR_0135	Background_Genome	-0.4311	1.3785e-04	3.3691e-04	NO
MMAR_0746	mmp_746	Hypothetical protein / putative uncharacterized oxidoreductase MMAR_0746	Background_Genome	0.2166	1.4036e-04	3.4235e-04	NO
MMAR_1101	mmp_1101	Hypothetical protein / putative uncharacterized oxidoreductase MMAR_1101	Background_Genome	0.5004	1.4234e-04	3.4647e-04	NO
MMAR_0848	mmp_848	Hypothetical protein / putative uncharacterized oxidoreductase MMAR_0848	Background_Genome	-0.4617	1.5680e-04	3.8090e-04	NO
MMAR_0264	mmp_264	Hypothetical protein / putative uncharacterized oxidoreductase MMAR_0264	Background_Genome	-0.3565	1.6143e-04	3.9135e-04	NO
MMAR_0963	mmp_963	Hypothetical protein / putative uncharacterized oxidoreductase MMAR_0963	Background_Genome	-0.3804	1.6543e-04	4.0022e-04	NO
MMAR_0384	mmp_384	Hypothetical protein / putative uncharacterized oxidoreductase MMAR_0384	Background_Genome	-0.2698	1.7476e-04	4.2195e-04	NO
MMAR_0865	mmp_865	Hypothetical protein / putative uncharacterized oxidoreductase MMAR_0865	Background_Genome	0.1656	1.7770e-04	4.2818e-04	NO
MMAR_1159	mmp_1159	Hypothetical protein / putative uncharacterized oxidoreductase MMAR_1159	Background_Genome	0.5069	1.8148e-04	4.3642e-04	NO
MMAR_0180	mmp_180	Hypothetical protein / putative uncharacterized oxidoreductase MMAR_0180	Background_Genome	0.2506	1.8883e-04	4.5319e-04	NO
MMAR_1200	mmp_1200	Hypothetical protein / putative uncharacterized oxidoreductase MMAR_1200	Background_Genome	-0.3433	1.9053e-04	4.5635e-04	NO
MMAR_0338	mmp_338	Hypothetical protein / putative uncharacterized oxidoreductase MMAR_0338	Background_Genome	0.3431	2.1153e-04	5.0564e-04	NO
MMAR_0243	mmp_243	Hypothetical protein / putative uncharacterized oxidoreductase MMAR_0243	Background_Genome	0.3187	2.1660e-04	5.1673e-04	NO
MMAR_0470	mmp_470	Hypothetical protein / putative uncharacterized oxidoreductase MMAR_0470	Background_Genome	-0.3485	2.1774e-04	5.1843e-04	NO
MMAR_0303	mmp_303	Hypothetical protein / putative uncharacterized oxidoreductase MMAR_0303	Background_Genome	-0.4774	2.1975e-04	5.2217e-04	NO
MMAR_0709	mmp_709	Hypothetical protein / putative uncharacterized oxidoreductase MMAR_0709	Background_Genome	-0.2577	2.2576e-04	5.3540e-04	NO
MMAR_0184	mmp_184	Hypothetical protein / putative uncharacterized oxidoreductase MMAR_0184	Background_Genome	-0.3583	2.2685e-04	5.3691e-04	NO
MMAR_0196	mmp_196	Hypothetical protein / putative uncharacterized oxidoreductase MMAR_0196	Background_Genome	-0.2332	2.4437e-04	5.7577e-04	NO
MMAR_1033	mmp_1033	Hypothetical protein / putative uncharacterized oxidoreductase MMAR_1033	Background_Genome	0.3585	2.4468e-04	5.7577e-04	NO
MMAR_1112	mmp_1112	Hypothetical protein / putative uncharacterized oxidoreductase MMAR_1112	Background_Genome	0.4747	2.4470e-04	5.7577e-04	NO
MMAR_0366	mmp_366	Hypothetical protein / putative uncharacterized oxidoreductase MMAR_0366	Background_Genome	-0.5596	2.4899e-04	5.8471e-04	NO
MMAR_0214	mmp_214	Hypothetical protein / putative uncharacterized oxidoreductase MMAR_0214	Background_Genome	0.6467	2.5553e-04	5.9889e-04	NO
MMAR_0712	mmp_712	Hypothetical protein / putative uncharacterized oxidoreductase MMAR_0712	Background_Genome	-0.3485	2.6362e-04	6.1665e-04	NO
MMAR_0227	mmp_227	Hypothetical protein / putative uncharacterized oxidoreductase MMAR_0227	Background_Genome	0.3921	2.9584e-04	6.9068e-04	NO
MMAR_0301	mmp_301	Hypothetical protein / putative uncharacterized oxidoreductase MMAR_0301	Background_Genome	-0.1781	3.0091e-04	7.0116e-04	NO
MMAR_0562	mmp_562	Hypothetical protein / putative uncharacterized oxidoreductase MMAR_0562	Background_Genome	0.2591	3.0481e-04	7.0885e-04	NO
MMAR_0360	mmp_360	Hypothetical protein / putative uncharacterized oxidoreductase MMAR_0360	Background_Genome	0.1976	3.6225e-04	8.4082e-04	NO
MMAR_0275	mmp_275	Hypothetical protein / putative uncharacterized oxidoreductase MMAR_0275	Background_Genome	-0.4180	3.6637e-04	8.4704e-04	NO
MMAR_0399	mmp_399	Hypothetical protein / putative uncharacterized oxidoreductase MMAR_0399	Background_Genome	-0.2724	3.6705e-04	8.4704e-04	NO
MMAR_1108	mmp_1108	Hypothetical protein / putative uncharacterized oxidoreductase MMAR_1108	Background_Genome	-0.4358	3.6586e-04	8.4704e-04	NO
MMAR_0698	mmp_698	Hypothetical protein / putative uncharacterized oxidoreductase MMAR_0698	Background_Genome	-0.3489	3.6985e-04	8.5186e-04	NO
MMAR_1130	mmp_1130	Hypothetical protein / putative uncharacterized oxidoreductase MMAR_1130	Background_Genome	0.2400	3.7864e-04	8.7043e-04	NO
MMAR_0637	mmp_637	Hypothetical protein / putative uncharacterized oxidoreductase MMAR_0637	Background_Genome	-0.4923	3.9385e-04	9.0368e-04	NO
MMAR_0325	mmp_325	Hypothetical protein / putative uncharacterized oxidoreductase MMAR_0325	Background_Genome	0.2887	4.1870e-04	9.5886e-04	NO
MMAR_0611	mmp_611	Hypothetical protein / putative uncharacterized oxidoreductase MMAR_0611	Background_Genome	0.1474	4.2173e-04	9.6395e-04	NO
MMAR_0133	mmp_133	Hypothetical protein / putative uncharacterized oxidoreductase MMAR_0133	Background_Genome	0.3832	4.2621e-04	9.7234e-04	NO
MMAR_0940	mmp_940	Hypothetical protein / putative uncharacterized oxidoreductase MMAR_0940	Background_Genome	-0.2178	4.2722e-04	9.7279e-04	NO
MMAR_0238	mmp_238	Hypothetical protein / putative uncharacterized oxidoreductase MMAR_0238	Background_Genome	0.1823	4.4681e-04	1.0155e-03	NO
MMAR_0907	mmp_907	Hypothetical protein / putative uncharacterized oxidoreductase MMAR_0907	Background_Genome	-0.2698	4.5042e-04	1.0218e-03	NO
MMAR_0887	mmp_887	Hypothetical protein / putative uncharacterized oxidoreductase MMAR_0887	Background_Genome	-0.3863	4.5432e-04	1.0287e-03	NO
MMAR_0730	mmp_730	Hypothetical protein / putative uncharacterized oxidoreductase MMAR_0730	Background_Genome	0.1510	4.5802e-04	1.0351e-03	NO
MMAR_1113	mmp_1113	Hypothetical protein / putative uncharacterized oxidoreductase MMAR_1113	Background_Genome	0.1781	4.9010e-04	1.1055e-03	NO
MMAR_0731	mmp_731	Hypothetical protein / putative uncharacterized oxidoreductase MMAR_0731	Background_Genome	-0.2775	5.2665e-04	1.1857e-03	NO
MMAR_0093	mmp_93	Hypothetical protein / putative uncharacterized oxidoreductase MMAR_0093	Background_Genome	0.3311	5.3809e-04	1.2092e-03	NO
MMAR_1106	mmp_1106	Hypothetical protein / putative uncharacterized oxidoreductase MMAR_1106	Background_Genome	0.2482	5.4681e-04	1.2265e-03	NO
MMAR_0607	mmp_607	Hypothetical protein / putative uncharacterized oxidoreductase MMAR_0607	Background_Genome	-0.2079	5.6273e-04	1.2598e-03	NO
MMAR_0239	mmp_239	Hypothetical protein / putative uncharacterized oxidoreductase MMAR_0239	Background_Genome	-0.2808	6.1320e-04	1.3689e-03	NO
MMAR_0380	mmp_380	Hypothetical protein / putative uncharacterized oxidoreductase MMAR_0380	Background_Genome	0.2643	6.1371e-04	1.3689e-03	NO
MMAR_0732	mmp_732	Hypothetical protein / putative uncharacterized oxidoreductase MMAR_0732	Background_Genome	-0.1170	6.6069e-04	1.4709e-03	NO
MMAR_1117	mmp_1117	Hypothetical protein / putative uncharacterized oxidoreductase MMAR_1117	Background_Genome	0.5037	6.8859e-04	1.5302e-03	NO
MMAR_0759	mmp_759	Hypothetical protein / putative uncharacterized oxidoreductase MMAR_0759	Background_Genome	0.3887	7.0168e-04	1.5564e-03	NO
MMAR_0304	mmp_304	Hypothetical protein / putative uncharacterized oxidoreductase MMAR_0304	Background_Genome	0.4419	7.1243e-04	1.5773e-03	NO
MMAR_0247	mmp_247	Hypothetical protein / putative uncharacterized oxidoreductase MMAR_0247	Background_Genome	-0.3419	7.2386e-04	1.5997e-03	NO
MMAR_0636	mmp_636	Hypothetical protein / putative uncharacterized oxidoreductase MMAR_0636	Background_Genome	-0.3767	7.7523e-04	1.7101e-03	NO
MMAR_0585	mmp_585	Hypothetical protein / putative uncharacterized oxidoreductase MMAR_0585	Background_Genome	0.2422	7.9305e-04	1.7462e-03	NO
MMAR_0175	mmp_175	Hypothetical protein / putative uncharacterized oxidoreductase MMAR_0175	Background_Genome	0.4039	8.1464e-04	1.7904e-03	NO
MMAR_1121	mmp_1121	Hypothetical protein / putative uncharacterized oxidoreductase MMAR_1121	Background_Genome	0.3592	8.3612e-04	1.8343e-03	NO
MMAR_0216	mmp_216	Hypothetical protein / putative uncharacterized oxidoreductase MMAR_0216	Background_Genome	0.4538	8.3796e-04	1.8349e-03	NO
MMAR_1024	mmp_1024	Hypothetical protein / putative uncharacterized oxidoreductase MMAR_1024	Background_Genome	0.4321	8.4036e-04	1.8369e-03	NO
MMAR_1158	mmp_1158	Hypothetical protein / putative uncharacterized oxidoreductase MMAR_1158	Background_Genome	-0.4604	8.4436e-04	1.8422e-03	NO
MMAR_0362	mmp_362	Hypothetical protein / putative uncharacterized oxidoreductase MMAR_0362	Background_Genome	-0.4673	8.5016e-04	1.8515e-03	NO
MMAR_0556	mmp_556	Hypothetical protein / putative uncharacterized oxidoreductase MMAR_0556	Background_Genome	0.2783	8.5581e-04	1.8604e-03	NO
MMAR_0401	mmp_401	Hypothetical protein / putative uncharacterized oxidoreductase MMAR_0401	Background_Genome	0.3537	8.5811e-04	1.8621e-03	NO
MMAR_0443	mmp_443	Hypothetical protein / putative uncharacterized oxidoreductase MMAR_0443	Background_Genome	-0.3594	8.7241e-04	1.8897e-03	NO
MMAR_0728	mmp_728	Hypothetical protein / putative uncharacterized oxidoreductase MMAR_0728	Background_Genome	-0.1731	8.9951e-04	1.9449e-03	NO
MMAR_0092	mmp_92	Hypothetical protein / putative uncharacterized oxidoreductase MMAR_0092	Background_Genome	-0.3777	9.1542e-04	1.9757e-03	NO
MMAR_0429	mmp_429	Hypothetical protein / putative uncharacterized oxidoreductase MMAR_0429	Background_Genome	0.4988	9.3720e-04	2.0191e-03	NO
MMAR_0756	mmp_756	Hypothetical protein / putative uncharacterized oxidoreductase MMAR_0756	Background_Genome	-0.4020	9.6132e-04	2.0674e-03	NO
MMAR_0215	mmp_215	Hypothetical protein / putative uncharacterized oxidoreductase MMAR_0215	Background_Genome	0.4154	1.0032e-03	2.1536e-03	NO
MMAR_1171	mmp_1171	Hypothetical protein / putative uncharacterized oxidoreductase MMAR_1171	Background_Genome	0.1306	1.0452e-03	2.2397e-03	NO
MMAR_0290	mmp_290	Hypothetical protein / putative uncharacterized oxidoreductase MMAR_0290	Background_Genome	0.4298	1.0705e-03	2.2899e-03	NO
MMAR_0439	mmp_439	Hypothetical protein / putative uncharacterized oxidoreductase MMAR_0439	Background_Genome	-0.3021	1.1174e-03	2.3858e-03	NO
MMAR_0504	mmp_504	Hypothetical protein / putative uncharacterized oxidoreductase MMAR_0504	Background_Genome	0.1977	1.1243e-03	2.3964e-03	NO
MMAR_0150	mmp_150	Hypothetical protein / putative uncharacterized oxidoreductase MMAR_0150	Background_Genome	0.3795	1.1888e-03	2.5248e-03	NO
MMAR_0816	mmp_816	Hypothetical protein / putative uncharacterized oxidoreductase MMAR_0816	Background_Genome	0.2652	1.1870e-03	2.5248e-03	NO
MMAR_0680	mmp_680	Hypothetical protein / putative uncharacterized oxidoreductase MMAR_0680	Background_Genome	-0.4632	1.2386e-03	2.6259e-03	NO
MMAR_0477	mmp_477	Hypothetical protein / putative uncharacterized oxidoreductase MMAR_0477	Background_Genome	0.3654	1.2410e-03	2.6264e-03	NO
MMAR_0340	mmp_340	Hypothetical protein / putative uncharacterized oxidoreductase MMAR_0340	Background_Genome	-0.2683	1.2532e-03	2.6477e-03	NO
MMAR_0108	mmp_108	Hypothetical protein / putative uncharacterized oxidoreductase MMAR_0108	Background_Genome	0.4790	1.3013e-03	2.7444e-03	NO
MMAR_1007	mmp_1007	Hypothetical protein / putative uncharacterized oxidoreductase MMAR_1007	Background_Genome	-0.1869	1.3152e-03	2.7688e-03	NO
MMAR_0542	mmp_542	Hypothetical protein / putative uncharacterized oxidoreductase MMAR_0542	Background_Genome	-0.3669	1.3496e-03	2.8363e-03	NO
MMAR_0866	mmp_866	Hypothetical protein / putative uncharacterized oxidoreductase MMAR_0866	Background_Genome	-0.2040	1.3865e-03	2.9087e-03	NO
MMAR_0871	mmp_871	Hypothetical protein / putative uncharacterized oxidoreductase MMAR_0871	Background_Genome	-0.3293	1.4275e-03	2.9895e-03	NO
MMAR_0874	mmp_874	Hypothetical protein / putative uncharacterized oxidoreductase MMAR_0874	Background_Genome	-0.3201	1.5386e-03	3.2165e-03	NO
MMAR_0414	mmp_414	Hypothetical protein / putative uncharacterized oxidoreductase MMAR_0414	Background_Genome	-0.4611	1.5443e-03	3.2228e-03	NO
MMAR_0717	mmp_717	Hypothetical protein / putative uncharacterized oxidoreductase MMAR_0717	Background_Genome	-0.3658	1.6070e-03	3.3421e-03	NO
MMAR_1058	mmp_1058	Hypothetical protein / putative uncharacterized oxidoreductase MMAR_1058	Background_Genome	-0.2880	1.6051e-03	3.3421e-03	NO
MMAR_0291	mmp_291	Hypothetical protein / putative uncharacterized oxidoreductase MMAR_0291	Background_Genome	-0.3097	1.6324e-03	3.3891e-03	NO
MMAR_0262	mmp_262	Hypothetical protein / putative uncharacterized oxidoreductase MMAR_0262	Background_Genome	0.3745	1.6491e-03	3.4178e-03	NO
MMAR_0950	mmp_950	Hypothetical protein / putative uncharacterized oxidoreductase MMAR_0950	Background_Genome	0.2849	1.6521e-03	3.4182e-03	NO
MMAR_0685	mmp_685	Hypothetical protein / putative uncharacterized oxidoreductase MMAR_0685	Background_Genome	0.3781	1.7589e-03	3.6328e-03	NO
MMAR_1041	mmp_1041	Hypothetical protein / putative uncharacterized oxidoreductase MMAR_1041	Background_Genome	-0.3524	1.7884e-03	3.6874e-03	NO
MMAR_0958	mmp_958	Hypothetical protein / putative uncharacterized oxidoreductase MMAR_0958	Background_Genome	-0.1304	1.8176e-03	3.7411e-03	NO
MMAR_0139	mmp_139	Hypothetical protein / putative uncharacterized oxidoreductase MMAR_0139	Background_Genome	0.2448	1.9674e-03	4.0427e-03	NO
MMAR_0823	mmp_823	Hypothetical protein / putative uncharacterized oxidoreductase MMAR_0823	Background_Genome	-0.3939	2.0196e-03	4.1428e-03	NO
MMAR_0300	mmp_300	Hypothetical protein / putative uncharacterized oxidoreductase MMAR_0300	Background_Genome	-0.3138	2.0622e-03	4.2230e-03	NO
MMAR_4421	cydB	Cytochrome bd ubiquinol oxidase subunit II	Simulator_Divergent	0.4747	2.1445e-03	4.3766e-03	NO
MMAR_0389	mmp_389	Hypothetical protein / putative uncharacterized oxidoreductase MMAR_0389	Background_Genome	-0.3102	2.1419e-03	4.3766e-03	NO
MMAR_1013	mmp_1013	Hypothetical protein / putative uncharacterized oxidoreductase MMAR_1013	Background_Genome	-0.3537	2.1511e-03	4.3826e-03	NO
MMAR_0917	mmp_917	Hypothetical protein / putative uncharacterized oxidoreductase MMAR_0917	Background_Genome	0.3636	2.1621e-03	4.3974e-03	NO
MMAR_0324	mmp_324	Hypothetical protein / putative uncharacterized oxidoreductase MMAR_0324	Background_Genome	0.3256	2.1758e-03	4.4179e-03	NO
MMAR_0558	mmp_558	Hypothetical protein / putative uncharacterized oxidoreductase MMAR_0558	Background_Genome	0.2072	2.1833e-03	4.4255e-03	NO
MMAR_0388	mmp_388	Hypothetical protein / putative uncharacterized oxidoreductase MMAR_0388	Background_Genome	0.3148	2.2462e-03	4.5454e-03	NO
MMAR_0441	mmp_441	Hypothetical protein / putative uncharacterized oxidoreductase MMAR_0441	Background_Genome	-0.2953	2.3633e-03	4.7744e-03	NO
MMAR_0559	mmp_559	Hypothetical protein / putative uncharacterized oxidoreductase MMAR_0559	Background_Genome	-0.2067	2.4001e-03	4.8405e-03	NO
MMAR_1194	mmp_1194	Hypothetical protein / putative uncharacterized oxidoreductase MMAR_1194	Background_Genome	0.1881	2.4569e-03	4.9468e-03	NO
MMAR_0246	mmp_246	Hypothetical protein / putative uncharacterized oxidoreductase MMAR_0246	Background_Genome	-0.3289	2.5253e-03	5.0760e-03	NO
MMAR_0265	mmp_265	Hypothetical protein / putative uncharacterized oxidoreductase MMAR_0265	Background_Genome	-0.3156	2.5805e-03	5.1783e-03	NO
MMAR_0867	mmp_867	Hypothetical protein / putative uncharacterized oxidoreductase MMAR_0867	Background_Genome	-0.4020	2.6438e-03	5.2963e-03	NO
MMAR_0972	mmp_972	Hypothetical protein / putative uncharacterized oxidoreductase MMAR_0972	Background_Genome	0.3063	2.6933e-03	5.3866e-03	NO
MMAR_0900	mmp_900	Hypothetical protein / putative uncharacterized oxidoreductase MMAR_0900	Background_Genome	-0.4587	2.7237e-03	5.4384e-03	NO
MMAR_1102	mmp_1102	Hypothetical protein / putative uncharacterized oxidoreductase MMAR_1102	Background_Genome	-0.3701	2.8629e-03	5.7068e-03	NO
MMAR_0689	mmp_689	Hypothetical protein / putative uncharacterized oxidoreductase MMAR_0689	Background_Genome	0.3035	2.8698e-03	5.7111e-03	NO
MMAR_0261	mmp_261	Hypothetical protein / putative uncharacterized oxidoreductase MMAR_0261	Background_Genome	-0.2517	2.9295e-03	5.8201e-03	NO
MMAR_1087	mmp_1087	Hypothetical protein / putative uncharacterized oxidoreductase MMAR_1087	Background_Genome	0.1520	3.0214e-03	5.9929e-03	NO
MMAR_0894	mmp_894	Hypothetical protein / putative uncharacterized oxidoreductase MMAR_0894	Background_Genome	0.3437	3.0376e-03	6.0150e-03	NO
MMAR_0729	mmp_729	Hypothetical protein / putative uncharacterized oxidoreductase MMAR_0729	Background_Genome	0.2311	3.0508e-03	6.0312e-03	NO
MMAR_0277	mmp_277	Hypothetical protein / putative uncharacterized oxidoreductase MMAR_0277	Background_Genome	-0.3220	3.1138e-03	6.1456e-03	NO
MMAR_1047	mmp_1047	Hypothetical protein / putative uncharacterized oxidoreductase MMAR_1047	Background_Genome	-0.3293	3.1239e-03	6.1554e-03	NO
MMAR_0577	mmp_577	Hypothetical protein / putative uncharacterized oxidoreductase MMAR_0577	Background_Genome	0.3683	3.1532e-03	6.2031e-03	NO
MMAR_1069	mmp_1069	Hypothetical protein / putative uncharacterized oxidoreductase MMAR_1069	Background_Genome	-0.3526	3.4397e-03	6.7555e-03	NO
MMAR_0393	mmp_393	Hypothetical protein / putative uncharacterized oxidoreductase MMAR_0393	Background_Genome	0.4250	3.5209e-03	6.9038e-03	NO
MMAR_0576	mmp_576	Hypothetical protein / putative uncharacterized oxidoreductase MMAR_0576	Background_Genome	0.2738	3.5332e-03	6.9165e-03	NO
MMAR_0700	mmp_700	Hypothetical protein / putative uncharacterized oxidoreductase MMAR_0700	Background_Genome	-0.3673	3.6933e-03	7.2182e-03	NO
MMAR_0789	mmp_789	Hypothetical protein / putative uncharacterized oxidoreductase MMAR_0789	Background_Genome	-0.2552	3.7261e-03	7.2484e-03	NO
MMAR_0933	mmp_933	Hypothetical protein / putative uncharacterized oxidoreductase MMAR_0933	Background_Genome	0.2123	3.7151e-03	7.2484e-03	NO
MMAR_0986	mmp_986	Hypothetical protein / putative uncharacterized oxidoreductase MMAR_0986	Background_Genome	-0.4045	3.7269e-03	7.2484e-03	NO
MMAR_0606	mmp_606	Hypothetical protein / putative uncharacterized oxidoreductase MMAR_0606	Background_Genome	-0.2596	3.7409e-03	7.2638e-03	NO
MMAR_0626	mmp_626	Hypothetical protein / putative uncharacterized oxidoreductase MMAR_0626	Background_Genome	0.3055	3.7758e-03	7.3199e-03	NO
MMAR_1126	mmp_1126	Hypothetical protein / putative uncharacterized oxidoreductase MMAR_1126	Background_Genome	0.4041	3.7907e-03	7.3369e-03	NO
MMAR_0306	mmp_306	Hypothetical protein / putative uncharacterized oxidoreductase MMAR_0306	Background_Genome	-0.2745	3.8569e-03	7.4409e-03	NO
MMAR_0996	mmp_996	Hypothetical protein / putative uncharacterized oxidoreductase MMAR_0996	Background_Genome	0.1365	3.8510e-03	7.4409e-03	NO
MMAR_1004	mmp_1004	Hypothetical protein / putative uncharacterized oxidoreductase MMAR_1004	Background_Genome	0.3329	4.0667e-03	7.8331e-03	NO
MMAR_0105	mmp_105	Hypothetical protein / putative uncharacterized oxidoreductase MMAR_0105	Background_Genome	-0.1522	4.4119e-03	8.4844e-03	NO
MMAR_0153	mmp_153	Hypothetical protein / putative uncharacterized oxidoreductase MMAR_0153	Background_Genome	0.3305	4.4695e-03	8.5814e-03	NO
MMAR_0553	mmp_553	Hypothetical protein / putative uncharacterized oxidoreductase MMAR_0553	Background_Genome	0.3892	4.5053e-03	8.6363e-03	NO
MMAR_0892	mmp_892	Hypothetical protein / putative uncharacterized oxidoreductase MMAR_0892	Background_Genome	-0.5709	4.5571e-03	8.7218e-03	NO
MMAR_0270	mmp_270	Hypothetical protein / putative uncharacterized oxidoreductase MMAR_0270	Background_Genome	0.2963	4.6046e-03	8.7986e-03	NO
MMAR_0862	mmp_862	Hypothetical protein / putative uncharacterized oxidoreductase MMAR_0862	Background_Genome	-0.1972	4.7307e-03	9.0252e-03	NO
MMAR_0312	mmp_312	Hypothetical protein / putative uncharacterized oxidoreductase MMAR_0312	Background_Genome	-0.3119	4.7890e-03	9.1220e-03	NO
MMAR_0115	mmp_115	Hypothetical protein / putative uncharacterized oxidoreductase MMAR_0115	Background_Genome	0.3627	4.9764e-03	9.4639e-03	NO
MMAR_0299	mmp_299	Hypothetical protein / putative uncharacterized oxidoreductase MMAR_0299	Background_Genome	-0.2359	5.0446e-03	9.5646e-03	NO
MMAR_0856	mmp_856	Hypothetical protein / putative uncharacterized oxidoreductase MMAR_0856	Background_Genome	0.1571	5.0453e-03	9.5646e-03	NO
MMAR_0226	mmp_226	Hypothetical protein / putative uncharacterized oxidoreductase MMAR_0226	Background_Genome	0.2884	5.2928e-03	1.0018e-02	NO
MMAR_0089	mmp_89	Hypothetical protein / putative uncharacterized oxidoreductase MMAR_0089	Background_Genome	-0.2684	5.3281e-03	1.0069e-02	NO
MMAR_0203	mmp_203	Hypothetical protein / putative uncharacterized oxidoreductase MMAR_0203	Background_Genome	0.3178	5.3700e-03	1.0132e-02	NO
MMAR_0118	mmp_118	Hypothetical protein / putative uncharacterized oxidoreductase MMAR_0118	Background_Genome	0.3699	5.4262e-03	1.0222e-02	NO
MMAR_0815	mmp_815	Hypothetical protein / putative uncharacterized oxidoreductase MMAR_0815	Background_Genome	-0.3413	5.5428e-03	1.0425e-02	NO
MMAR_0976	mmp_976	Hypothetical protein / putative uncharacterized oxidoreductase MMAR_0976	Background_Genome	-0.2463	5.6340e-03	1.0580e-02	NO
MMAR_0902	mmp_902	Hypothetical protein / putative uncharacterized oxidoreductase MMAR_0902	Background_Genome	-0.3878	5.8584e-03	1.0985e-02	NO
MMAR_0450	mmp_450	Hypothetical protein / putative uncharacterized oxidoreductase MMAR_0450	Background_Genome	-0.2276	5.9138e-03	1.1071e-02	NO
MMAR_1077	mmp_1077	Hypothetical protein / putative uncharacterized oxidoreductase MMAR_1077	Background_Genome	0.3678	6.2917e-03	1.1760e-02	NO
MMAR_0880	mmp_880	Hypothetical protein / putative uncharacterized oxidoreductase MMAR_0880	Background_Genome	-0.2518	6.3372e-03	1.1827e-02	NO
MMAR_0183	mmp_183	Hypothetical protein / putative uncharacterized oxidoreductase MMAR_0183	Background_Genome	0.1730	6.5636e-03	1.2230e-02	NO
MMAR_0635	mmp_635	Hypothetical protein / putative uncharacterized oxidoreductase MMAR_0635	Background_Genome	0.1393	6.5848e-03	1.2251e-02	NO
MMAR_0084	mmp_84	Hypothetical protein / putative uncharacterized oxidoreductase MMAR_0084	Background_Genome	0.3100	6.8130e-03	1.2656e-02	NO
MMAR_0833	mmp_833	Hypothetical protein / putative uncharacterized oxidoreductase MMAR_0833	Background_Genome	0.3746	7.3885e-03	1.3704e-02	NO
MMAR_0654	mmp_654	Hypothetical protein / putative uncharacterized oxidoreductase MMAR_0654	Background_Genome	-0.2084	7.4980e-03	1.3885e-02	NO
MMAR_0915	mmp_915	Hypothetical protein / putative uncharacterized oxidoreductase MMAR_0915	Background_Genome	-0.1712	7.7494e-03	1.4329e-02	NO
MMAR_1193	mmp_1193	Hypothetical protein / putative uncharacterized oxidoreductase MMAR_1193	Background_Genome	-0.2923	7.8292e-03	1.4454e-02	NO
MMAR_0455	mmp_455	Hypothetical protein / putative uncharacterized oxidoreductase MMAR_0455	Background_Genome	0.2277	8.1403e-03	1.5005e-02	NO
MMAR_0710	mmp_710	Hypothetical protein / putative uncharacterized oxidoreductase MMAR_0710	Background_Genome	0.2329	8.2327e-03	1.5152e-02	NO
MMAR_0349	mmp_349	Hypothetical protein / putative uncharacterized oxidoreductase MMAR_0349	Background_Genome	-0.4037	8.4901e-03	1.5587e-02	NO
MMAR_0646	mmp_646	Hypothetical protein / putative uncharacterized oxidoreductase MMAR_0646	Background_Genome	-0.1307	8.4947e-03	1.5587e-02	NO
MMAR_0929	mmp_929	Hypothetical protein / putative uncharacterized oxidoreductase MMAR_0929	Background_Genome	-0.2331	8.5889e-03	1.5735e-02	NO
MMAR_0819	mmp_819	Hypothetical protein / putative uncharacterized oxidoreductase MMAR_0819	Background_Genome	-0.1924	8.6579e-03	1.5818e-02	NO
MMAR_0954	mmp_954	Hypothetical protein / putative uncharacterized oxidoreductase MMAR_0954	Background_Genome	-0.3420	8.6602e-03	1.5818e-02	NO
MMAR_0852	mmp_852	Hypothetical protein / putative uncharacterized oxidoreductase MMAR_0852	Background_Genome	-0.4179	8.7099e-03	1.5884e-02	NO
MMAR_1111	mmp_1111	Hypothetical protein / putative uncharacterized oxidoreductase MMAR_1111	Background_Genome	-0.2745	8.7568e-03	1.5946e-02	NO
MMAR_0895	mmp_895	Hypothetical protein / putative uncharacterized oxidoreductase MMAR_0895	Background_Genome	0.1822	8.8517e-03	1.6094e-02	NO
MMAR_0524	mmp_524	Hypothetical protein / putative uncharacterized oxidoreductase MMAR_0524	Background_Genome	-0.3015	8.9076e-03	1.6171e-02	NO
MMAR_0697	mmp_697	Hypothetical protein / putative uncharacterized oxidoreductase MMAR_0697	Background_Genome	-0.3281	9.0076e-03	1.6328e-02	NO
MMAR_0237	mmp_237	Hypothetical protein / putative uncharacterized oxidoreductase MMAR_0237	Background_Genome	-0.3018	9.0990e-03	1.6469e-02	NO
MMAR_0597	mmp_597	Hypothetical protein / putative uncharacterized oxidoreductase MMAR_0597	Background_Genome	0.3354	9.7924e-03	1.7697e-02	NO
MMAR_0943	mmp_943	Hypothetical protein / putative uncharacterized oxidoreductase MMAR_0943	Background_Genome	-0.2198	1.0347e-02	1.8671e-02	NO
MMAR_0218	mmp_218	Hypothetical protein / putative uncharacterized oxidoreductase MMAR_0218	Background_Genome	-0.2474	1.0392e-02	1.8724e-02	NO
MMAR_0799	mmp_799	Hypothetical protein / putative uncharacterized oxidoreductase MMAR_0799	Background_Genome	0.2167	1.0421e-02	1.8749e-02	NO
MMAR_0352	mmp_352	Hypothetical protein / putative uncharacterized oxidoreductase MMAR_0352	Background_Genome	-0.1508	1.0582e-02	1.9009e-02	NO
MMAR_0824	mmp_824	Hypothetical protein / putative uncharacterized oxidoreductase MMAR_0824	Background_Genome	-0.3281	1.0707e-02	1.9205e-02	NO
MMAR_0454	mmp_454	Hypothetical protein / putative uncharacterized oxidoreductase MMAR_0454	Background_Genome	-0.1104	1.1359e-02	2.0344e-02	NO
MMAR_0690	mmp_690	Hypothetical protein / putative uncharacterized oxidoreductase MMAR_0690	Background_Genome	-0.3064	1.2127e-02	2.1687e-02	NO
MMAR_0765	mmp_765	Hypothetical protein / putative uncharacterized oxidoreductase MMAR_0765	Background_Genome	0.2129	1.2282e-02	2.1932e-02	NO
MMAR_0171	mmp_171	Hypothetical protein / putative uncharacterized oxidoreductase MMAR_0171	Background_Genome	-0.2293	1.2514e-02	2.2313e-02	NO
MMAR_0154	mmp_154	Hypothetical protein / putative uncharacterized oxidoreductase MMAR_0154	Background_Genome	-0.2148	1.2587e-02	2.2409e-02	NO
MMAR_1030	mmp_1030	Hypothetical protein / putative uncharacterized oxidoreductase MMAR_1030	Background_Genome	-0.2638	1.2739e-02	2.2648e-02	NO
MMAR_1035	mmp_1035	Hypothetical protein / putative uncharacterized oxidoreductase MMAR_1035	Background_Genome	-0.3061	1.3117e-02	2.3285e-02	NO
MMAR_0521	mmp_521	Hypothetical protein / putative uncharacterized oxidoreductase MMAR_0521	Background_Genome	-0.1429	1.3233e-02	2.3439e-02	NO
MMAR_0977	mmp_977	Hypothetical protein / putative uncharacterized oxidoreductase MMAR_0977	Background_Genome	0.2048	1.3243e-02	2.3439e-02	NO
MMAR_1137	mmp_1137	Hypothetical protein / putative uncharacterized oxidoreductase MMAR_1137	Background_Genome	-0.2493	1.3430e-02	2.3736e-02	NO
MMAR_0648	mmp_648	Hypothetical protein / putative uncharacterized oxidoreductase MMAR_0648	Background_Genome	-0.2102	1.3578e-02	2.3962e-02	NO
MMAR_0332	mmp_332	Hypothetical protein / putative uncharacterized oxidoreductase MMAR_0332	Background_Genome	-0.2092	1.3730e-02	2.4193e-02	NO
MMAR_1050	mmp_1050	Hypothetical protein / putative uncharacterized oxidoreductase MMAR_1050	Background_Genome	-0.1345	1.4479e-02	2.5477e-02	NO
MMAR_1003	mmp_1003	Hypothetical protein / putative uncharacterized oxidoreductase MMAR_1003	Background_Genome	-0.1024	1.4663e-02	2.5763e-02	NO
MMAR_0903	mmp_903	Hypothetical protein / putative uncharacterized oxidoreductase MMAR_0903	Background_Genome	-0.2823	1.4799e-02	2.5963e-02	NO
MMAR_1105	mmp_1105	Hypothetical protein / putative uncharacterized oxidoreductase MMAR_1105	Background_Genome	-0.2816	1.5032e-02	2.6333e-02	NO
MMAR_0922	mmp_922	Hypothetical protein / putative uncharacterized oxidoreductase MMAR_0922	Background_Genome	-0.2407	1.5564e-02	2.7225e-02	NO
MMAR_0361	mmp_361	Hypothetical protein / putative uncharacterized oxidoreductase MMAR_0361	Background_Genome	0.1665	1.5942e-02	2.7847e-02	NO
MMAR_1135	mmp_1135	Hypothetical protein / putative uncharacterized oxidoreductase MMAR_1135	Background_Genome	-0.4097	1.6086e-02	2.8057e-02	NO
MMAR_0230	mmp_230	Hypothetical protein / putative uncharacterized oxidoreductase MMAR_0230	Background_Genome	0.2201	1.6315e-02	2.8416e-02	NO
MMAR_0924	mmp_924	Hypothetical protein / putative uncharacterized oxidoreductase MMAR_0924	Background_Genome	0.2229	1.6365e-02	2.8461e-02	NO
MMAR_0337	mmp_337	Hypothetical protein / putative uncharacterized oxidoreductase MMAR_0337	Background_Genome	-0.2403	1.6933e-02	2.9406e-02	NO
MMAR_0703	mmp_703	Hypothetical protein / putative uncharacterized oxidoreductase MMAR_0703	Background_Genome	-0.2754	1.7012e-02	2.9501e-02	NO
MMAR_1197	mmp_1197	Hypothetical protein / putative uncharacterized oxidoreductase MMAR_1197	Background_Genome	-0.2379	1.7044e-02	2.9514e-02	NO
MMAR_0563	mmp_563	Hypothetical protein / putative uncharacterized oxidoreductase MMAR_0563	Background_Genome	-0.2894	1.7070e-02	2.9515e-02	NO
MMAR_0295	mmp_295	Hypothetical protein / putative uncharacterized oxidoreductase MMAR_0295	Background_Genome	0.1580	1.7703e-02	3.0567e-02	NO
MMAR_0451	mmp_451	Hypothetical protein / putative uncharacterized oxidoreductase MMAR_0451	Background_Genome	0.2046	1.7969e-02	3.0981e-02	NO
MMAR_0452	mmp_452	Hypothetical protein / putative uncharacterized oxidoreductase MMAR_0452	Background_Genome	-0.2252	1.8030e-02	3.1041e-02	NO
MMAR_0825	mmp_825	Hypothetical protein / putative uncharacterized oxidoreductase MMAR_0825	Background_Genome	0.2031	1.8083e-02	3.1089e-02	NO
MMAR_0641	mmp_641	Hypothetical protein / putative uncharacterized oxidoreductase MMAR_0641	Background_Genome	-0.2092	1.8431e-02	3.1641e-02	NO
MMAR_0281	mmp_281	Hypothetical protein / putative uncharacterized oxidoreductase MMAR_0281	Background_Genome	0.2038	1.8938e-02	3.2465e-02	NO
MMAR_0274	mmp_274	Hypothetical protein / putative uncharacterized oxidoreductase MMAR_0274	Background_Genome	0.1236	1.8984e-02	3.2497e-02	NO
MMAR_0983	mmp_983	Hypothetical protein / putative uncharacterized oxidoreductase MMAR_0983	Background_Genome	0.3675	1.9821e-02	3.3882e-02	NO
MMAR_0810	mmp_810	Hypothetical protein / putative uncharacterized oxidoreductase MMAR_0810	Background_Genome	0.2697	1.9871e-02	3.3919e-02	NO
MMAR_0655	mmp_655	Hypothetical protein / putative uncharacterized oxidoreductase MMAR_0655	Background_Genome	0.2510	2.0229e-02	3.4481e-02	NO
MMAR_0593	mmp_593	Hypothetical protein / putative uncharacterized oxidoreductase MMAR_0593	Background_Genome	-0.2538	2.0452e-02	3.4811e-02	NO
MMAR_0468	mmp_468	Hypothetical protein / putative uncharacterized oxidoreductase MMAR_0468	Background_Genome	-0.2109	2.0743e-02	3.5256e-02	NO
MMAR_0777	mmp_777	Hypothetical protein / putative uncharacterized oxidoreductase MMAR_0777	Background_Genome	-0.3523	2.1057e-02	3.5741e-02	NO
MMAR_0478	mmp_478	Hypothetical protein / putative uncharacterized oxidoreductase MMAR_0478	Background_Genome	0.3668	2.1172e-02	3.5884e-02	NO
MMAR_0973	mmp_973	Hypothetical protein / putative uncharacterized oxidoreductase MMAR_0973	Background_Genome	-0.2610	2.1293e-02	3.6038e-02	NO
MMAR_0512	mmp_512	Hypothetical protein / putative uncharacterized oxidoreductase MMAR_0512	Background_Genome	0.2256	2.1355e-02	3.6093e-02	NO
MMAR_1092	mmp_1092	Hypothetical protein / putative uncharacterized oxidoreductase MMAR_1092	Background_Genome	0.4162	2.1918e-02	3.6992e-02	NO
MMAR_1161	mmp_1161	Hypothetical protein / putative uncharacterized oxidoreductase MMAR_1161	Background_Genome	0.0806	2.2019e-02	3.7111e-02	NO
MMAR_0540	mmp_540	Hypothetical protein / putative uncharacterized oxidoreductase MMAR_0540	Background_Genome	-0.2911	2.2052e-02	3.7115e-02	NO
MMAR_0668	mmp_668	Hypothetical protein / putative uncharacterized oxidoreductase MMAR_0668	Background_Genome	-0.1242	2.2126e-02	3.7187e-02	NO
MMAR_0742	mmp_742	Hypothetical protein / putative uncharacterized oxidoreductase MMAR_0742	Background_Genome	0.1787	2.2781e-02	3.8233e-02	NO
MMAR_0100	mmp_100	Hypothetical protein / putative uncharacterized oxidoreductase MMAR_0100	Background_Genome	0.3050	2.2947e-02	3.8458e-02	NO
MMAR_0609	mmp_609	Hypothetical protein / putative uncharacterized oxidoreductase MMAR_0609	Background_Genome	-0.1689	2.3695e-02	3.9658e-02	NO
MMAR_0220	mmp_220	Hypothetical protein / putative uncharacterized oxidoreductase MMAR_0220	Background_Genome	0.2797	2.4984e-02	4.1757e-02	NO
MMAR_0147	mmp_147	Hypothetical protein / putative uncharacterized oxidoreductase MMAR_0147	Background_Genome	0.1432	2.5150e-02	4.1975e-02	NO
MMAR_0331	mmp_331	Hypothetical protein / putative uncharacterized oxidoreductase MMAR_0331	Background_Genome	-0.2929	2.6517e-02	4.4194e-02	NO
MMAR_0771	mmp_771	Hypothetical protein / putative uncharacterized oxidoreductase MMAR_0771	Background_Genome	-0.3984	2.7302e-02	4.5440e-02	NO
MMAR_0109	mmp_109	Hypothetical protein / putative uncharacterized oxidoreductase MMAR_0109	Background_Genome	0.2006	2.8353e-02	4.7123e-02	NO
MMAR_0222	mmp_222	Hypothetical protein / putative uncharacterized oxidoreductase MMAR_0222	Background_Genome	0.1794	2.8434e-02	4.7194e-02	NO
MMAR_0471	mmp_471	Hypothetical protein / putative uncharacterized oxidoreductase MMAR_0471	Background_Genome	0.1411	2.8964e-02	4.8007e-02	NO
MMAR_0087	mmp_87	Hypothetical protein / putative uncharacterized oxidoreductase MMAR_0087	Background_Genome	0.1879	2.9426e-02	4.8706e-02	NO
MMAR_1076	mmp_1076	Hypothetical protein / putative uncharacterized oxidoreductase MMAR_1076	Background_Genome	-0.1368	2.9614e-02	4.8949e-02	NO
MMAR_0420	mmp_420	Hypothetical protein / putative uncharacterized oxidoreductase MMAR_0420	Background_Genome	-0.3132	2.9668e-02	4.8970e-02	NO
MMAR_0551	mmp_551	Hypothetical protein / putative uncharacterized oxidoreductase MMAR_0551	Background_Genome	0.2241	2.9779e-02	4.9086e-02	NO
MMAR_0482	mmp_482	Hypothetical protein / putative uncharacterized oxidoreductase MMAR_0482	Background_Genome	-0.1502	3.0812e-02	5.0719e-02	NO
MMAR_0832	mmp_832	Hypothetical protein / putative uncharacterized oxidoreductase MMAR_0832	Background_Genome	0.1624	3.1343e-02	5.1523e-02	NO
MMAR_0437	mmp_437	Hypothetical protein / putative uncharacterized oxidoreductase MMAR_0437	Background_Genome	-0.1616	3.1522e-02	5.1747e-02	NO
MMAR_1061	mmp_1061	Hypothetical protein / putative uncharacterized oxidoreductase MMAR_1061	Background_Genome	-0.1241	3.1925e-02	5.2336e-02	NO
MMAR_0342	mmp_342	Hypothetical protein / putative uncharacterized oxidoreductase MMAR_0342	Background_Genome	0.1703	3.2374e-02	5.3000e-02	NO
MMAR_0472	mmp_472	Hypothetical protein / putative uncharacterized oxidoreductase MMAR_0472	Background_Genome	-0.1956	3.2515e-02	5.3158e-02	NO
MMAR_0357	mmp_357	Hypothetical protein / putative uncharacterized oxidoreductase MMAR_0357	Background_Genome	0.1386	3.2964e-02	5.3775e-02	NO
MMAR_0904	mmp_904	Hypothetical protein / putative uncharacterized oxidoreductase MMAR_0904	Background_Genome	-0.1705	3.2982e-02	5.3775e-02	NO
MMAR_0488	mmp_488	Hypothetical protein / putative uncharacterized oxidoreductase MMAR_0488	Background_Genome	-0.2627	3.3103e-02	5.3899e-02	NO
MMAR_0329	mmp_329	Hypothetical protein / putative uncharacterized oxidoreductase MMAR_0329	Background_Genome	0.2681	3.4392e-02	5.5922e-02	NO
MMAR_0445	mmp_445	Hypothetical protein / putative uncharacterized oxidoreductase MMAR_0445	Background_Genome	0.0937	3.4647e-02	5.6260e-02	NO
MMAR_0881	mmp_881	Hypothetical protein / putative uncharacterized oxidoreductase MMAR_0881	Background_Genome	-0.1500	3.4963e-02	5.6696e-02	NO
MMAR_0217	mmp_217	Hypothetical protein / putative uncharacterized oxidoreductase MMAR_0217	Background_Genome	0.2351	3.6556e-02	5.9120e-02	NO
MMAR_0522	mmp_522	Hypothetical protein / putative uncharacterized oxidoreductase MMAR_0522	Background_Genome	-0.2954	3.6551e-02	5.9120e-02	NO
MMAR_0345	mmp_345	Hypothetical protein / putative uncharacterized oxidoreductase MMAR_0345	Background_Genome	-0.1765	3.6784e-02	5.9328e-02	NO
MMAR_0869	mmp_869	Hypothetical protein / putative uncharacterized oxidoreductase MMAR_0869	Background_Genome	0.2464	3.6747e-02	5.9328e-02	NO
MMAR_1180	mmp_1180	Hypothetical protein / putative uncharacterized oxidoreductase MMAR_1180	Background_Genome	0.2618	3.7201e-02	5.9921e-02	NO
MMAR_0395	mmp_395	Hypothetical protein / putative uncharacterized oxidoreductase MMAR_0395	Background_Genome	-0.2378	3.7465e-02	6.0266e-02	NO
MMAR_0662	mmp_662	Hypothetical protein / putative uncharacterized oxidoreductase MMAR_0662	Background_Genome	-0.2795	3.7699e-02	6.0560e-02	NO
MMAR_0567	mmp_567	Hypothetical protein / putative uncharacterized oxidoreductase MMAR_0567	Background_Genome	-0.2205	3.8224e-02	6.1323e-02	NO
MMAR_0491	mmp_491	Hypothetical protein / putative uncharacterized oxidoreductase MMAR_0491	Background_Genome	0.2802	3.9114e-02	6.2666e-02	NO
MMAR_0125	mmp_125	Hypothetical protein / putative uncharacterized oxidoreductase MMAR_0125	Background_Genome	-0.0796	3.9887e-02	6.3819e-02	NO
MMAR_1164	mmp_1164	Hypothetical protein / putative uncharacterized oxidoreductase MMAR_1164	Background_Genome	0.2626	4.0902e-02	6.5357e-02	NO
MMAR_0509	mmp_509	Hypothetical protein / putative uncharacterized oxidoreductase MMAR_0509	Background_Genome	-0.2523	4.1594e-02	6.6373e-02	NO
MMAR_0944	mmp_944	Hypothetical protein / putative uncharacterized oxidoreductase MMAR_0944	Background_Genome	0.2600	4.2381e-02	6.7540e-02	NO
MMAR_1094	mmp_1094	Hypothetical protein / putative uncharacterized oxidoreductase MMAR_1094	Background_Genome	0.2184	4.3252e-02	6.8836e-02	NO
MMAR_0613	mmp_613	Hypothetical protein / putative uncharacterized oxidoreductase MMAR_0613	Background_Genome	0.1614	4.3515e-02	6.9163e-02	NO
MMAR_0244	mmp_244	Hypothetical protein / putative uncharacterized oxidoreductase MMAR_0244	Background_Genome	0.2186	4.4100e-02	7.0000e-02	NO
MMAR_0605	mmp_605	Hypothetical protein / putative uncharacterized oxidoreductase MMAR_0605	Background_Genome	-0.1945	4.5991e-02	7.2905e-02	NO
MMAR_0256	mmp_256	Hypothetical protein / putative uncharacterized oxidoreductase MMAR_0256	Background_Genome	-0.0783	4.7051e-02	7.4487e-02	NO
MMAR_0615	mmp_615	Hypothetical protein / putative uncharacterized oxidoreductase MMAR_0615	Background_Genome	-0.2130	4.7708e-02	7.5428e-02	NO
MMAR_0807	mmp_807	Hypothetical protein / putative uncharacterized oxidoreductase MMAR_0807	Background_Genome	-0.2519	4.7848e-02	7.5549e-02	NO
MMAR_0518	mmp_518	Hypothetical protein / putative uncharacterized oxidoreductase MMAR_0518	Background_Genome	-0.1968	4.8057e-02	7.5779e-02	NO
MMAR_0890	mmp_890	Hypothetical protein / putative uncharacterized oxidoreductase MMAR_0890	Background_Genome	-0.2127	4.8403e-02	7.6225e-02	NO
MMAR_0219	mmp_219	Hypothetical protein / putative uncharacterized oxidoreductase MMAR_0219	Background_Genome	0.1219	5.0052e-02	7.8718e-02	NO
MMAR_1008	mmp_1008	Hypothetical protein / putative uncharacterized oxidoreductase MMAR_1008	Background_Genome	0.1929	5.0489e-02	7.9302e-02	NO
MMAR_0090	mmp_90	Hypothetical protein / putative uncharacterized oxidoreductase MMAR_0090	Background_Genome	-0.1976	5.0739e-02	7.9590e-02	NO
MMAR_0753	mmp_753	Hypothetical protein / putative uncharacterized oxidoreductase MMAR_0753	Background_Genome	0.1212	5.1209e-02	8.0222e-02	NO
MMAR_1091	mmp_1091	Hypothetical protein / putative uncharacterized oxidoreductase MMAR_1091	Background_Genome	0.3002	5.1689e-02	8.0869e-02	NO
MMAR_0893	mmp_893	Hypothetical protein / putative uncharacterized oxidoreductase MMAR_0893	Background_Genome	-0.1789	5.1845e-02	8.1008e-02	NO
MMAR_0601	mmp_601	Hypothetical protein / putative uncharacterized oxidoreductase MMAR_0601	Background_Genome	-0.1997	5.2299e-02	8.1611e-02	NO
MMAR_0495	mmp_495	Hypothetical protein / putative uncharacterized oxidoreductase MMAR_0495	Background_Genome	0.2205	5.2559e-02	8.1910e-02	NO
MMAR_0882	mmp_882	Hypothetical protein / putative uncharacterized oxidoreductase MMAR_0882	Background_Genome	0.1475	5.2727e-02	8.2065e-02	NO
MMAR_3400	secA	Protein translocase subunit SecA	Housekeeping	-0.2227	5.3156e-02	8.2625e-02	NO
MMAR_0974	mmp_974	Hypothetical protein / putative uncharacterized oxidoreductase MMAR_0974	Background_Genome	0.2676	5.3463e-02	8.2995e-02	NO
MMAR_0132	mmp_132	Hypothetical protein / putative uncharacterized oxidoreductase MMAR_0132	Background_Genome	0.3180	5.3975e-02	8.3683e-02	NO
MMAR_1154	mmp_1154	Hypothetical protein / putative uncharacterized oxidoreductase MMAR_1154	Background_Genome	-0.1849	5.6490e-02	8.7469e-02	NO
MMAR_0971	mmp_971	Hypothetical protein / putative uncharacterized oxidoreductase MMAR_0971	Background_Genome	0.2736	5.9799e-02	9.2473e-02	NO
MMAR_0534	mmp_534	Hypothetical protein / putative uncharacterized oxidoreductase MMAR_0534	Background_Genome	0.2060	6.1031e-02	9.4256e-02	NO
MMAR_0473	mmp_473	Hypothetical protein / putative uncharacterized oxidoreductase MMAR_0473	Background_Genome	0.1736	6.2384e-02	9.6223e-02	NO
MMAR_0835	mmp_835	Hypothetical protein / putative uncharacterized oxidoreductase MMAR_0835	Background_Genome	0.1127	6.2783e-02	9.6713e-02	NO
MMAR_0174	mmp_174	Hypothetical protein / putative uncharacterized oxidoreductase MMAR_0174	Background_Genome	0.2182	6.3766e-02	9.8028e-02	NO
MMAR_0236	mmp_236	Hypothetical protein / putative uncharacterized oxidoreductase MMAR_0236	Background_Genome	0.1398	6.3800e-02	9.8028e-02	NO
MMAR_0297	mmp_297	Hypothetical protein / putative uncharacterized oxidoreductase MMAR_0297	Background_Genome	-0.0858	6.5524e-02	1.0042e-01	NO
MMAR_0344	mmp_344	Hypothetical protein / putative uncharacterized oxidoreductase MMAR_0344	Background_Genome	0.1363	6.5518e-02	1.0042e-01	NO
MMAR_0444	mmp_444	Hypothetical protein / putative uncharacterized oxidoreductase MMAR_0444	Background_Genome	0.1370	6.5872e-02	1.0082e-01	NO
MMAR_0158	mmp_158	Hypothetical protein / putative uncharacterized oxidoreductase MMAR_0158	Background_Genome	0.2224	6.6139e-02	1.0110e-01	NO
MMAR_0885	mmp_885	Hypothetical protein / putative uncharacterized oxidoreductase MMAR_0885	Background_Genome	0.1443	6.7237e-02	1.0265e-01	NO
MMAR_0645	mmp_645	Hypothetical protein / putative uncharacterized oxidoreductase MMAR_0645	Background_Genome	-0.2753	6.7433e-02	1.0282e-01	NO
MMAR_0094	mmp_94	Hypothetical protein / putative uncharacterized oxidoreductase MMAR_0094	Background_Genome	0.1821	6.7856e-02	1.0333e-01	NO
MMAR_0127	mmp_127	Hypothetical protein / putative uncharacterized oxidoreductase MMAR_0127	Background_Genome	0.1862	6.8268e-02	1.0383e-01	NO
MMAR_0715	mmp_715	Hypothetical protein / putative uncharacterized oxidoreductase MMAR_0715	Background_Genome	0.2248	6.8960e-02	1.0475e-01	NO
MMAR_0116	mmp_116	Hypothetical protein / putative uncharacterized oxidoreductase MMAR_0116	Background_Genome	-0.2061	6.9120e-02	1.0486e-01	NO
MMAR_0373	mmp_373	Hypothetical protein / putative uncharacterized oxidoreductase MMAR_0373	Background_Genome	-0.1318	7.0105e-02	1.0612e-01	NO
MMAR_0580	mmp_580	Hypothetical protein / putative uncharacterized oxidoreductase MMAR_0580	Background_Genome	0.0965	7.0147e-02	1.0612e-01	NO
MMAR_0713	mmp_713	Hypothetical protein / putative uncharacterized oxidoreductase MMAR_0713	Background_Genome	0.2752	7.0234e-02	1.0612e-01	NO
MMAR_0989	mmp_989	Hypothetical protein / putative uncharacterized oxidoreductase MMAR_0989	Background_Genome	0.2001	7.0307e-02	1.0612e-01	NO
MMAR_0980	mmp_980	Hypothetical protein / putative uncharacterized oxidoreductase MMAR_0980	Background_Genome	-0.3098	7.2958e-02	1.0999e-01	NO
MMAR_0142	mmp_142	Hypothetical protein / putative uncharacterized oxidoreductase MMAR_0142	Background_Genome	0.2119	7.4828e-02	1.1259e-01	NO
MMAR_0554	mmp_554	Hypothetical protein / putative uncharacterized oxidoreductase MMAR_0554	Background_Genome	-0.2421	7.4870e-02	1.1259e-01	NO
MMAR_0618	mmp_618	Hypothetical protein / putative uncharacterized oxidoreductase MMAR_0618	Background_Genome	-0.1890	7.5589e-02	1.1353e-01	NO
MMAR_1186	mmp_1186	Hypothetical protein / putative uncharacterized oxidoreductase MMAR_1186	Background_Genome	-0.1997	7.5800e-02	1.1370e-01	NO
MMAR_0241	mmp_241	Hypothetical protein / putative uncharacterized oxidoreductase MMAR_0241	Background_Genome	0.1663	7.7705e-02	1.1641e-01	NO
MMAR_0699	mmp_699	Hypothetical protein / putative uncharacterized oxidoreductase MMAR_0699	Background_Genome	-0.1879	7.8602e-02	1.1755e-01	NO
MMAR_1183	mmp_1183	Hypothetical protein / putative uncharacterized oxidoreductase MMAR_1183	Background_Genome	0.0472	7.8659e-02	1.1755e-01	NO
MMAR_0805	mmp_805	Hypothetical protein / putative uncharacterized oxidoreductase MMAR_0805	Background_Genome	-0.2385	7.9227e-02	1.1825e-01	NO
MMAR_0757	mmp_757	Hypothetical protein / putative uncharacterized oxidoreductase MMAR_0757	Background_Genome	0.2031	7.9340e-02	1.1827e-01	NO
MMAR_0740	mmp_740	Hypothetical protein / putative uncharacterized oxidoreductase MMAR_0740	Background_Genome	-0.3022	8.0608e-02	1.1987e-01	NO
MMAR_1042	mmp_1042	Hypothetical protein / putative uncharacterized oxidoreductase MMAR_1042	Background_Genome	-0.1868	8.0614e-02	1.1987e-01	NO
MMAR_1142	mmp_1142	Hypothetical protein / putative uncharacterized oxidoreductase MMAR_1142	Background_Genome	0.1345	8.2891e-02	1.2311e-01	NO
MMAR_0841	mmp_841	Hypothetical protein / putative uncharacterized oxidoreductase MMAR_0841	Background_Genome	0.2029	8.5318e-02	1.2655e-01	NO
MMAR_0535	mmp_535	Hypothetical protein / putative uncharacterized oxidoreductase MMAR_0535	Background_Genome	0.2143	8.5743e-02	1.2703e-01	NO
MMAR_0701	mmp_701	Hypothetical protein / putative uncharacterized oxidoreductase MMAR_0701	Background_Genome	0.1729	8.6906e-02	1.2859e-01	NO
MMAR_0503	mmp_503	Hypothetical protein / putative uncharacterized oxidoreductase MMAR_0503	Background_Genome	-0.1120	8.7750e-02	1.2968e-01	NO
MMAR_0111	mmp_111	Hypothetical protein / putative uncharacterized oxidoreductase MMAR_0111	Background_Genome	0.1675	8.9309e-02	1.3166e-01	NO
MMAR_0204	mmp_204	Hypothetical protein / putative uncharacterized oxidoreductase MMAR_0204	Background_Genome	-0.1719	8.9283e-02	1.3166e-01	NO
MMAR_0790	mmp_790	Hypothetical protein / putative uncharacterized oxidoreductase MMAR_0790	Background_Genome	0.1929	9.2435e-02	1.3610e-01	NO
MMAR_1182	mmp_1182	Hypothetical protein / putative uncharacterized oxidoreductase MMAR_1182	Background_Genome	-0.1281	9.2664e-02	1.3627e-01	NO
MMAR_0091	mmp_91	Hypothetical protein / putative uncharacterized oxidoreductase MMAR_0091	Background_Genome	-0.1687	9.4208e-02	1.3820e-01	NO
MMAR_0170	mmp_170	Hypothetical protein / putative uncharacterized oxidoreductase MMAR_0170	Background_Genome	-0.1583	9.4171e-02	1.3820e-01	NO
MMAR_1028	mmp_1028	Hypothetical protein / putative uncharacterized oxidoreductase MMAR_1028	Background_Genome	0.1950	9.5673e-02	1.4018e-01	NO
MMAR_0836	mmp_836	Hypothetical protein / putative uncharacterized oxidoreductase MMAR_0836	Background_Genome	-0.1919	9.6031e-02	1.4053e-01	NO
MMAR_0557	mmp_557	Hypothetical protein / putative uncharacterized oxidoreductase MMAR_0557	Background_Genome	-0.1848	9.6424e-02	1.4094e-01	NO
MMAR_1155	mmp_1155	Hypothetical protein / putative uncharacterized oxidoreductase MMAR_1155	Background_Genome	0.1696	9.7011e-02	1.4162e-01	NO
MMAR_0190	mmp_190	Hypothetical protein / putative uncharacterized oxidoreductase MMAR_0190	Background_Genome	-0.1657	1.0015e-01	1.4603e-01	NO
MMAR_0502	mmp_502	Hypothetical protein / putative uncharacterized oxidoreductase MMAR_0502	Background_Genome	0.3105	1.0052e-01	1.4639e-01	NO
MMAR_0189	mmp_189	Hypothetical protein / putative uncharacterized oxidoreductase MMAR_0189	Background_Genome	-0.1270	1.0271e-01	1.4939e-01	NO
MMAR_0333	mmp_333	Hypothetical protein / putative uncharacterized oxidoreductase MMAR_0333	Background_Genome	0.2123	1.0305e-01	1.4953e-01	NO
MMAR_0568	mmp_568	Hypothetical protein / putative uncharacterized oxidoreductase MMAR_0568	Background_Genome	0.1711	1.0299e-01	1.4953e-01	NO
MMAR_0382	mmp_382	Hypothetical protein / putative uncharacterized oxidoreductase MMAR_0382	Background_Genome	0.2152	1.0341e-01	1.4987e-01	NO
MMAR_0683	mmp_683	Hypothetical protein / putative uncharacterized oxidoreductase MMAR_0683	Background_Genome	0.2823	1.0359e-01	1.4995e-01	NO
MMAR_0743	mmp_743	Hypothetical protein / putative uncharacterized oxidoreductase MMAR_0743	Background_Genome	-0.1306	1.0405e-01	1.5044e-01	NO
MMAR_0707	mmp_707	Hypothetical protein / putative uncharacterized oxidoreductase MMAR_0707	Background_Genome	-0.2133	1.0605e-01	1.5314e-01	NO
MMAR_1034	mmp_1034	Hypothetical protein / putative uncharacterized oxidoreductase MMAR_1034	Background_Genome	0.1696	1.0714e-01	1.5453e-01	NO
MMAR_0209	mmp_209	Hypothetical protein / putative uncharacterized oxidoreductase MMAR_0209	Background_Genome	-0.1802	1.0830e-01	1.5601e-01	NO
MMAR_0934	mmp_934	Hypothetical protein / putative uncharacterized oxidoreductase MMAR_0934	Background_Genome	0.1496	1.0989e-01	1.5811e-01	NO
MMAR_0294	mmp_294	Hypothetical protein / putative uncharacterized oxidoreductase MMAR_0294	Background_Genome	-0.1881	1.1232e-01	1.6142e-01	NO
MMAR_1086	mmp_1086	Hypothetical protein / putative uncharacterized oxidoreductase MMAR_1086	Background_Genome	0.0948	1.1460e-01	1.6450e-01	NO
MMAR_0682	mmp_682	Hypothetical protein / putative uncharacterized oxidoreductase MMAR_0682	Background_Genome	-0.1362	1.1492e-01	1.6475e-01	NO
MMAR_1037	mmp_1037	Hypothetical protein / putative uncharacterized oxidoreductase MMAR_1037	Background_Genome	-0.1575	1.1545e-01	1.6532e-01	NO
MMAR_0404	mmp_404	Hypothetical protein / putative uncharacterized oxidoreductase MMAR_0404	Background_Genome	0.1340	1.1602e-01	1.6574e-01	NO
MMAR_1160	mmp_1160	Hypothetical protein / putative uncharacterized oxidoreductase MMAR_1160	Background_Genome	-0.0871	1.1600e-01	1.6574e-01	NO
MMAR_0273	mmp_273	Hypothetical protein / putative uncharacterized oxidoreductase MMAR_0273	Background_Genome	0.1873	1.1633e-01	1.6599e-01	NO
MMAR_0948	mmp_948	Hypothetical protein / putative uncharacterized oxidoreductase MMAR_0948	Background_Genome	0.1662	1.1755e-01	1.6753e-01	NO
MMAR_0530	mmp_530	Hypothetical protein / putative uncharacterized oxidoreductase MMAR_0530	Background_Genome	-0.1525	1.1969e-01	1.7037e-01	NO
MMAR_0080	mmp_80	Hypothetical protein / putative uncharacterized oxidoreductase MMAR_0080	Background_Genome	0.1238	1.2089e-01	1.7173e-01	NO
MMAR_0912	mmp_912	Hypothetical protein / putative uncharacterized oxidoreductase MMAR_0912	Background_Genome	-0.1550	1.2092e-01	1.7173e-01	NO
MMAR_0780	mmp_780	Hypothetical protein / putative uncharacterized oxidoreductase MMAR_0780	Background_Genome	0.1674	1.2222e-01	1.7336e-01	NO
MMAR_0888	mmp_888	Hypothetical protein / putative uncharacterized oxidoreductase MMAR_0888	Background_Genome	0.0580	1.2294e-01	1.7418e-01	NO
MMAR_0779	mmp_779	Hypothetical protein / putative uncharacterized oxidoreductase MMAR_0779	Background_Genome	-0.0558	1.2556e-01	1.7767e-01	NO
MMAR_0552	mmp_552	Hypothetical protein / putative uncharacterized oxidoreductase MMAR_0552	Background_Genome	-0.1242	1.2710e-01	1.7964e-01	NO
MMAR_0570	mmp_570	Hypothetical protein / putative uncharacterized oxidoreductase MMAR_0570	Background_Genome	-0.1703	1.2748e-01	1.7976e-01	NO
MMAR_1156	mmp_1156	Hypothetical protein / putative uncharacterized oxidoreductase MMAR_1156	Background_Genome	0.1859	1.2741e-01	1.7976e-01	NO
MMAR_1021	mmp_1021	Hypothetical protein / putative uncharacterized oxidoreductase MMAR_1021	Background_Genome	0.1921	1.2789e-01	1.8013e-01	NO
MMAR_0863	mmp_863	Hypothetical protein / putative uncharacterized oxidoreductase MMAR_0863	Background_Genome	-0.1994	1.2860e-01	1.8092e-01	NO
MMAR_0069	mmp_69	Hypothetical protein / putative uncharacterized oxidoreductase MMAR_0069	Background_Genome	-0.1327	1.3076e-01	1.8373e-01	NO
MMAR_0322	mmp_322	Hypothetical protein / putative uncharacterized oxidoreductase MMAR_0322	Background_Genome	0.1081	1.3212e-01	1.8543e-01	NO
MMAR_0595	mmp_595	Hypothetical protein / putative uncharacterized oxidoreductase MMAR_0595	Background_Genome	0.1336	1.3379e-01	1.8756e-01	NO
MMAR_0739	mmp_739	Hypothetical protein / putative uncharacterized oxidoreductase MMAR_0739	Background_Genome	-0.2564	1.3586e-01	1.9024e-01	NO
MMAR_0719	mmp_719	Hypothetical protein / putative uncharacterized oxidoreductase MMAR_0719	Background_Genome	-0.1656	1.3643e-01	1.9081e-01	NO
MMAR_1023	mmp_1023	Hypothetical protein / putative uncharacterized oxidoreductase MMAR_1023	Background_Genome	0.1303	1.3742e-01	1.9198e-01	NO
MMAR_0763	mmp_763	Hypothetical protein / putative uncharacterized oxidoreductase MMAR_0763	Background_Genome	-0.0575	1.3806e-01	1.9265e-01	NO
MMAR_0586	mmp_586	Hypothetical protein / putative uncharacterized oxidoreductase MMAR_0586	Background_Genome	-0.1383	1.3876e-01	1.9339e-01	NO
MMAR_0932	mmp_932	Hypothetical protein / putative uncharacterized oxidoreductase MMAR_0932	Background_Genome	-0.1233	1.4222e-01	1.9780e-01	NO
MMAR_0960	mmp_960	Hypothetical protein / putative uncharacterized oxidoreductase MMAR_0960	Background_Genome	-0.1455	1.4225e-01	1.9780e-01	NO
MMAR_0767	mmp_767	Hypothetical protein / putative uncharacterized oxidoreductase MMAR_0767	Background_Genome	-0.1845	1.4416e-01	2.0023e-01	NO
MMAR_0543	mmp_543	Hypothetical protein / putative uncharacterized oxidoreductase MMAR_0543	Background_Genome	0.2057	1.4468e-01	2.0071e-01	NO
MMAR_0990	mmp_990	Hypothetical protein / putative uncharacterized oxidoreductase MMAR_0990	Background_Genome	-0.1125	1.4547e-01	2.0157e-01	NO
MMAR_1103	mmp_1103	Hypothetical protein / putative uncharacterized oxidoreductase MMAR_1103	Background_Genome	0.1228	1.4647e-01	2.0273e-01	NO
MMAR_0446	mmp_446	Hypothetical protein / putative uncharacterized oxidoreductase MMAR_0446	Background_Genome	-0.1246	1.4682e-01	2.0298e-01	NO
MMAR_0774	mmp_774	Hypothetical protein / putative uncharacterized oxidoreductase MMAR_0774	Background_Genome	0.2063	1.4785e-01	2.0417e-01	NO
MMAR_0545	mmp_545	Hypothetical protein / putative uncharacterized oxidoreductase MMAR_0545	Background_Genome	-0.1673	1.4819e-01	2.0440e-01	NO
MMAR_0254	mmp_254	Hypothetical protein / putative uncharacterized oxidoreductase MMAR_0254	Background_Genome	-0.1604	1.4919e-01	2.0554e-01	NO
MMAR_0665	mmp_665	Hypothetical protein / putative uncharacterized oxidoreductase MMAR_0665	Background_Genome	0.1636	1.5046e-01	2.0706e-01	NO
MMAR_1079	mmp_1079	Hypothetical protein / putative uncharacterized oxidoreductase MMAR_1079	Background_Genome	-0.1403	1.5082e-01	2.0731e-01	NO
MMAR_1181	mmp_1181	Hypothetical protein / putative uncharacterized oxidoreductase MMAR_1181	Background_Genome	0.1336	1.5223e-01	2.0901e-01	NO
MMAR_0374	mmp_374	Hypothetical protein / putative uncharacterized oxidoreductase MMAR_0374	Background_Genome	-0.1437	1.5648e-01	2.1460e-01	NO
MMAR_1052	mmp_1052	Hypothetical protein / putative uncharacterized oxidoreductase MMAR_1052	Background_Genome	0.1438	1.6004e-01	2.1923e-01	NO
MMAR_1082	mmp_1082	Hypothetical protein / putative uncharacterized oxidoreductase MMAR_1082	Background_Genome	0.0992	1.6100e-01	2.2029e-01	NO
MMAR_0417	mmp_417	Hypothetical protein / putative uncharacterized oxidoreductase MMAR_0417	Background_Genome	0.2191	1.6139e-01	2.2057e-01	NO
MMAR_0431	mmp_431	Hypothetical protein / putative uncharacterized oxidoreductase MMAR_0431	Background_Genome	0.1801	1.6268e-01	2.2209e-01	NO
MMAR_0537	mmp_537	Hypothetical protein / putative uncharacterized oxidoreductase MMAR_0537	Background_Genome	-0.0882	1.6300e-01	2.2228e-01	NO
MMAR_0501	mmp_501	Hypothetical protein / putative uncharacterized oxidoreductase MMAR_0501	Background_Genome	-0.1071	1.6494e-01	2.2466e-01	NO
MMAR_0671	mmp_671	Hypothetical protein / putative uncharacterized oxidoreductase MMAR_0671	Background_Genome	0.2002	1.6657e-01	2.2663e-01	NO
MMAR_1120	mmp_1120	Hypothetical protein / putative uncharacterized oxidoreductase MMAR_1120	Background_Genome	0.1368	1.6772e-01	2.2793e-01	NO
MMAR_0693	mmp_693	Hypothetical protein / putative uncharacterized oxidoreductase MMAR_0693	Background_Genome	0.0918	1.6854e-01	2.2878e-01	NO
MMAR_0857	mmp_857	Hypothetical protein / putative uncharacterized oxidoreductase MMAR_0857	Background_Genome	0.1366	1.6884e-01	2.2893e-01	NO
MMAR_2101	gyrB	DNA gyrase subunit B	Housekeeping	-0.1118	1.7092e-01	2.3150e-01	NO
MMAR_0156	mmp_156	Hypothetical protein / putative uncharacterized oxidoreductase MMAR_0156	Background_Genome	0.1141	1.7141e-01	2.3190e-01	NO
MMAR_0913	mmp_913	Hypothetical protein / putative uncharacterized oxidoreductase MMAR_0913	Background_Genome	0.2244	1.7296e-01	2.3373e-01	NO
MMAR_1127	mmp_1127	Hypothetical protein / putative uncharacterized oxidoreductase MMAR_1127	Background_Genome	-0.1207	1.7340e-01	2.3407e-01	NO
MMAR_0959	mmp_959	Hypothetical protein / putative uncharacterized oxidoreductase MMAR_0959	Background_Genome	-0.2420	1.7620e-01	2.3757e-01	NO
MMAR_0363	mmp_363	Hypothetical protein / putative uncharacterized oxidoreductase MMAR_0363	Background_Genome	-0.0954	1.7725e-01	2.3872e-01	NO
MMAR_0255	mmp_255	Hypothetical protein / putative uncharacterized oxidoreductase MMAR_0255	Background_Genome	-0.1069	1.7794e-01	2.3911e-01	NO
MMAR_0660	mmp_660	Hypothetical protein / putative uncharacterized oxidoreductase MMAR_0660	Background_Genome	-0.1236	1.7781e-01	2.3911e-01	NO
MMAR_1104	mmp_1104	Hypothetical protein / putative uncharacterized oxidoreductase MMAR_1104	Background_Genome	-0.0548	1.7852e-01	2.3963e-01	NO
MMAR_0102	mmp_102	Hypothetical protein / putative uncharacterized oxidoreductase MMAR_0102	Background_Genome	-0.1942	1.8145e-01	2.4328e-01	NO
MMAR_0369	mmp_369	Hypothetical protein / putative uncharacterized oxidoreductase MMAR_0369	Background_Genome	0.0972	1.8244e-01	2.4416e-01	NO
MMAR_0547	mmp_547	Hypothetical protein / putative uncharacterized oxidoreductase MMAR_0547	Background_Genome	0.0573	1.8251e-01	2.4416e-01	NO
MMAR_1011	mmp_1011	Hypothetical protein / putative uncharacterized oxidoreductase MMAR_1011	Background_Genome	-0.1221	1.8287e-01	2.4437e-01	NO
MMAR_0234	mmp_234	Hypothetical protein / putative uncharacterized oxidoreductase MMAR_0234	Background_Genome	-0.1260	1.8563e-01	2.4779e-01	NO
MMAR_0884	mmp_884	Hypothetical protein / putative uncharacterized oxidoreductase MMAR_0884	Background_Genome	-0.1489	1.8758e-01	2.5010e-01	NO
MMAR_2100	gyrA	DNA gyrase subunit A	Housekeeping	0.1486	1.8789e-01	2.5025e-01	NO
MMAR_1198	mmp_1198	Hypothetical protein / putative uncharacterized oxidoreductase MMAR_1198	Background_Genome	0.1422	1.9002e-01	2.5280e-01	NO
MMAR_1134	mmp_1134	Hypothetical protein / putative uncharacterized oxidoreductase MMAR_1134	Background_Genome	-0.1287	1.9024e-01	2.5281e-01	NO
MMAR_0571	mmp_571	Hypothetical protein / putative uncharacterized oxidoreductase MMAR_0571	Background_Genome	-0.1199	1.9330e-01	2.5660e-01	NO
MMAR_0314	mmp_314	Hypothetical protein / putative uncharacterized oxidoreductase MMAR_0314	Background_Genome	-0.1407	1.9537e-01	2.5854e-01	NO
MMAR_0643	mmp_643	Hypothetical protein / putative uncharacterized oxidoreductase MMAR_0643	Background_Genome	-0.1653	1.9516e-01	2.5854e-01	NO
MMAR_0734	mmp_734	Hypothetical protein / putative uncharacterized oxidoreductase MMAR_0734	Background_Genome	-0.1337	1.9542e-01	2.5854e-01	NO
MMAR_0621	mmp_621	Hypothetical protein / putative uncharacterized oxidoreductase MMAR_0621	Background_Genome	-0.0878	1.9747e-01	2.6098e-01	NO
MMAR_1136	mmp_1136	Hypothetical protein / putative uncharacterized oxidoreductase MMAR_1136	Background_Genome	0.1269	1.9876e-01	2.6239e-01	NO
MMAR_0438	mmp_438	Hypothetical protein / putative uncharacterized oxidoreductase MMAR_0438	Background_Genome	0.1353	2.0032e-01	2.6387e-01	NO
MMAR_0849	mmp_849	Hypothetical protein / putative uncharacterized oxidoreductase MMAR_0849	Background_Genome	0.1189	2.0020e-01	2.6387e-01	NO
MMAR_0282	mmp_282	Hypothetical protein / putative uncharacterized oxidoreductase MMAR_0282	Background_Genome	-0.1782	2.0120e-01	2.6474e-01	NO
MMAR_0075	mmp_75	Hypothetical protein / putative uncharacterized oxidoreductase MMAR_0075	Background_Genome	0.1592	2.0700e-01	2.7207e-01	NO
MMAR_0394	mmp_394	Hypothetical protein / putative uncharacterized oxidoreductase MMAR_0394	Background_Genome	0.0853	2.0779e-01	2.7281e-01	NO
MMAR_1172	mmp_1172	Hypothetical protein / putative uncharacterized oxidoreductase MMAR_1172	Background_Genome	0.1160	2.0825e-01	2.7312e-01	NO
MMAR_0962	mmp_962	Hypothetical protein / putative uncharacterized oxidoreductase MMAR_0962	Background_Genome	-0.1763	2.0982e-01	2.7488e-01	NO
MMAR_0762	mmp_762	Hypothetical protein / putative uncharacterized oxidoreductase MMAR_0762	Background_Genome	0.1493	2.1044e-01	2.7539e-01	NO
MMAR_1132	mmp_1132	Hypothetical protein / putative uncharacterized oxidoreductase MMAR_1132	Background_Genome	0.1120	2.1491e-01	2.8092e-01	NO
MMAR_1093	mmp_1093	Hypothetical protein / putative uncharacterized oxidoreductase MMAR_1093	Background_Genome	0.1292	2.1796e-01	2.8461e-01	NO
MMAR_0426	mmp_426	Hypothetical protein / putative uncharacterized oxidoreductase MMAR_0426	Background_Genome	0.1417	2.1969e-01	2.8655e-01	NO
MMAR_0751	mmp_751	Hypothetical protein / putative uncharacterized oxidoreductase MMAR_0751	Background_Genome	-0.1338	2.2136e-01	2.8841e-01	NO
MMAR_0927	mmp_927	Hypothetical protein / putative uncharacterized oxidoreductase MMAR_0927	Background_Genome	-0.1289	2.2328e-01	2.9060e-01	NO
MMAR_1053	mmp_1053	Hypothetical protein / putative uncharacterized oxidoreductase MMAR_1053	Background_Genome	0.0753	2.2364e-01	2.9076e-01	NO
MMAR_0883	mmp_883	Hypothetical protein / putative uncharacterized oxidoreductase MMAR_0883	Background_Genome	-0.0922	2.3016e-01	2.9890e-01	NO
MMAR_0073	mmp_73	Hypothetical protein / putative uncharacterized oxidoreductase MMAR_0073	Background_Genome	0.1338	2.3278e-01	3.0199e-01	NO
MMAR_1054	mmp_1054	Hypothetical protein / putative uncharacterized oxidoreductase MMAR_1054	Background_Genome	0.0857	2.3414e-01	3.0342e-01	NO
MMAR_0457	mmp_457	Hypothetical protein / putative uncharacterized oxidoreductase MMAR_0457	Background_Genome	-0.0519	2.3521e-01	3.0439e-01	NO
MMAR_1059	mmp_1059	Hypothetical protein / putative uncharacterized oxidoreductase MMAR_1059	Background_Genome	0.1660	2.3539e-01	3.0439e-01	NO
MMAR_0876	mmp_876	Hypothetical protein / putative uncharacterized oxidoreductase MMAR_0876	Background_Genome	-0.1003	2.3799e-01	3.0720e-01	NO
MMAR_1177	mmp_1177	Hypothetical protein / putative uncharacterized oxidoreductase MMAR_1177	Background_Genome	-0.0879	2.3808e-01	3.0720e-01	NO
MMAR_0531	mmp_531	Hypothetical protein / putative uncharacterized oxidoreductase MMAR_0531	Background_Genome	0.1260	2.4354e-01	3.1390e-01	NO
MMAR_0359	mmp_359	Hypothetical protein / putative uncharacterized oxidoreductase MMAR_0359	Background_Genome	0.1367	2.4539e-01	3.1562e-01	NO
MMAR_0630	mmp_630	Hypothetical protein / putative uncharacterized oxidoreductase MMAR_0630	Background_Genome	-0.1978	2.4515e-01	3.1562e-01	NO
MMAR_0202	mmp_202	Hypothetical protein / putative uncharacterized oxidoreductase MMAR_0202	Background_Genome	0.0772	2.4756e-01	3.1802e-01	NO
MMAR_0527	mmp_527	Hypothetical protein / putative uncharacterized oxidoreductase MMAR_0527	Background_Genome	-0.1443	2.4779e-01	3.1802e-01	NO
MMAR_0678	mmp_678	Hypothetical protein / putative uncharacterized oxidoreductase MMAR_0678	Background_Genome	0.0942	2.5047e-01	3.2111e-01	NO
MMAR_0702	mmp_702	Hypothetical protein / putative uncharacterized oxidoreductase MMAR_0702	Background_Genome	-0.0761	2.5155e-01	3.2216e-01	NO
MMAR_1173	mmp_1173	Hypothetical protein / putative uncharacterized oxidoreductase MMAR_1173	Background_Genome	-0.1762	2.5317e-01	3.2389e-01	NO
MMAR_0381	mmp_381	Hypothetical protein / putative uncharacterized oxidoreductase MMAR_0381	Background_Genome	0.1064	2.5506e-01	3.2561e-01	NO
MMAR_1146	mmp_1146	Hypothetical protein / putative uncharacterized oxidoreductase MMAR_1146	Background_Genome	0.0986	2.5483e-01	3.2561e-01	NO
MMAR_0485	mmp_485	Hypothetical protein / putative uncharacterized oxidoreductase MMAR_0485	Background_Genome	-0.1213	2.5795e-01	3.2895e-01	NO
MMAR_0946	mmp_946	Hypothetical protein / putative uncharacterized oxidoreductase MMAR_0946	Background_Genome	-0.1018	2.6997e-01	3.4392e-01	NO
MMAR_0581	mmp_581	Hypothetical protein / putative uncharacterized oxidoreductase MMAR_0581	Background_Genome	0.1024	2.7038e-01	3.4407e-01	NO
MMAR_0750	mmp_750	Hypothetical protein / putative uncharacterized oxidoreductase MMAR_0750	Background_Genome	0.0945	2.7222e-01	3.4605e-01	NO
MMAR_0229	mmp_229	Hypothetical protein / putative uncharacterized oxidoreductase MMAR_0229	Background_Genome	0.0849	2.7360e-01	3.4743e-01	NO
MMAR_1123	mmp_1123	Hypothetical protein / putative uncharacterized oxidoreductase MMAR_1123	Background_Genome	-0.2098	2.7464e-01	3.4838e-01	NO
MMAR_0830	mmp_830	Hypothetical protein / putative uncharacterized oxidoreductase MMAR_0830	Background_Genome	-0.0603	2.7567e-01	3.4932e-01	NO
MMAR_0315	mmp_315	Hypothetical protein / putative uncharacterized oxidoreductase MMAR_0315	Background_Genome	-0.1138	2.7720e-01	3.5089e-01	NO
MMAR_0397	mmp_397	Hypothetical protein / putative uncharacterized oxidoreductase MMAR_0397	Background_Genome	0.1217	2.7870e-01	3.5241e-01	NO
MMAR_0320	mmp_320	Hypothetical protein / putative uncharacterized oxidoreductase MMAR_0320	Background_Genome	0.0966	2.7919e-01	3.5267e-01	NO
MMAR_0086	mmp_86	Hypothetical protein / putative uncharacterized oxidoreductase MMAR_0086	Background_Genome	0.0826	2.8058e-01	3.5405e-01	NO
MMAR_0456	mmp_456	Hypothetical protein / putative uncharacterized oxidoreductase MMAR_0456	Background_Genome	-0.1106	2.8193e-01	3.5538e-01	NO
MMAR_0098	mmp_98	Hypothetical protein / putative uncharacterized oxidoreductase MMAR_0098	Background_Genome	0.1155	2.8432e-01	3.5801e-01	NO
MMAR_0292	mmp_292	Hypothetical protein / putative uncharacterized oxidoreductase MMAR_0292	Background_Genome	0.1238	2.9055e-01	3.6547e-01	NO
MMAR_0318	mmp_318	Hypothetical protein / putative uncharacterized oxidoreductase MMAR_0318	Background_Genome	0.1502	2.9104e-01	3.6570e-01	NO
MMAR_0992	mmp_992	Hypothetical protein / putative uncharacterized oxidoreductase MMAR_0992	Background_Genome	-0.0630	2.9677e-01	3.7251e-01	NO
MMAR_1073	mmp_1073	Hypothetical protein / putative uncharacterized oxidoreductase MMAR_1073	Background_Genome	-0.0965	2.9708e-01	3.7252e-01	NO
MMAR_0782	mmp_782	Hypothetical protein / putative uncharacterized oxidoreductase MMAR_0782	Background_Genome	-0.0849	2.9800e-01	3.7328e-01	NO
MMAR_0258	mmp_258	Hypothetical protein / putative uncharacterized oxidoreductase MMAR_0258	Background_Genome	0.2192	2.9993e-01	3.7495e-01	NO
MMAR_0260	mmp_260	Hypothetical protein / putative uncharacterized oxidoreductase MMAR_0260	Background_Genome	0.1747	2.9996e-01	3.7495e-01	NO
MMAR_0351	mmp_351	Hypothetical protein / putative uncharacterized oxidoreductase MMAR_0351	Background_Genome	-0.1065	3.0225e-01	3.7742e-01	NO
MMAR_1016	mmp_1016	Hypothetical protein / putative uncharacterized oxidoreductase MMAR_1016	Background_Genome	0.1173	3.0643e-01	3.8224e-01	NO
MMAR_0288	mmp_288	Hypothetical protein / putative uncharacterized oxidoreductase MMAR_0288	Background_Genome	-0.0936	3.0794e-01	3.8372e-01	NO
MMAR_0279	mmp_279	Hypothetical protein / putative uncharacterized oxidoreductase MMAR_0279	Background_Genome	0.1638	3.1005e-01	3.8596e-01	NO
MMAR_0674	mmp_674	Hypothetical protein / putative uncharacterized oxidoreductase MMAR_0674	Background_Genome	-0.0900	3.1068e-01	3.8633e-01	NO
MMAR_0390	mmp_390	Hypothetical protein / putative uncharacterized oxidoreductase MMAR_0390	Background_Genome	0.0570	3.2170e-01	3.9962e-01	NO
MMAR_0296	mmp_296	Hypothetical protein / putative uncharacterized oxidoreductase MMAR_0296	Background_Genome	-0.1187	3.2616e-01	4.0475e-01	NO
MMAR_1187	mmp_1187	Hypothetical protein / putative uncharacterized oxidoreductase MMAR_1187	Background_Genome	-0.1339	3.3187e-01	4.1141e-01	NO
MMAR_0298	mmp_298	Hypothetical protein / putative uncharacterized oxidoreductase MMAR_0298	Background_Genome	0.0551	3.3223e-01	4.1143e-01	NO
MMAR_0212	mmp_212	Hypothetical protein / putative uncharacterized oxidoreductase MMAR_0212	Background_Genome	0.0672	3.3475e-01	4.1392e-01	NO
MMAR_0879	mmp_879	Hypothetical protein / putative uncharacterized oxidoreductase MMAR_0879	Background_Genome	0.0959	3.3493e-01	4.1392e-01	NO
MMAR_0909	mmp_909	Hypothetical protein / putative uncharacterized oxidoreductase MMAR_0909	Background_Genome	0.0883	3.4298e-01	4.2318e-01	NO
MMAR_0911	mmp_911	Hypothetical protein / putative uncharacterized oxidoreductase MMAR_0911	Background_Genome	0.1086	3.4312e-01	4.2318e-01	NO
MMAR_0661	mmp_661	Hypothetical protein / putative uncharacterized oxidoreductase MMAR_0661	Background_Genome	-0.1419	3.4711e-01	4.2765e-01	NO
MMAR_0891	mmp_891	Hypothetical protein / putative uncharacterized oxidoreductase MMAR_0891	Background_Genome	0.0585	3.4916e-01	4.2973e-01	NO
MMAR_0705	mmp_705	Hypothetical protein / putative uncharacterized oxidoreductase MMAR_0705	Background_Genome	-0.0485	3.5464e-01	4.3603e-01	NO
MMAR_0378	mmp_378	Hypothetical protein / putative uncharacterized oxidoreductase MMAR_0378	Background_Genome	0.1334	3.5580e-01	4.3701e-01	NO
MMAR_1080	mmp_1080	Hypothetical protein / putative uncharacterized oxidoreductase MMAR_1080	Background_Genome	-0.0607	3.5995e-01	4.4166e-01	NO
MMAR_0760	mmp_760	Hypothetical protein / putative uncharacterized oxidoreductase MMAR_0760	Background_Genome	-0.0809	3.6362e-01	4.4571e-01	NO
MMAR_0416	mmp_416	Hypothetical protein / putative uncharacterized oxidoreductase MMAR_0416	Background_Genome	0.0500	3.6459e-01	4.4643e-01	NO
MMAR_0968	mmp_968	Hypothetical protein / putative uncharacterized oxidoreductase MMAR_0968	Background_Genome	0.0707	3.6693e-01	4.4884e-01	NO
MMAR_0117	mmp_117	Hypothetical protein / putative uncharacterized oxidoreductase MMAR_0117	Background_Genome	-0.0753	3.6862e-01	4.4958e-01	NO
MMAR_0405	mmp_405	Hypothetical protein / putative uncharacterized oxidoreductase MMAR_0405	Background_Genome	-0.0528	3.6828e-01	4.4958e-01	NO
MMAR_0587	mmp_587	Hypothetical protein / putative uncharacterized oxidoreductase MMAR_0587	Background_Genome	0.1317	3.6866e-01	4.4958e-01	NO
MMAR_1025	mmp_1025	Hypothetical protein / putative uncharacterized oxidoreductase MMAR_1025	Background_Genome	0.0721	3.7118e-01	4.5220e-01	NO
MMAR_0610	mmp_610	Hypothetical protein / putative uncharacterized oxidoreductase MMAR_0610	Background_Genome	0.0636	3.7327e-01	4.5428e-01	NO
MMAR_0572	mmp_572	Hypothetical protein / putative uncharacterized oxidoreductase MMAR_0572	Background_Genome	0.0676	3.7461e-01	4.5545e-01	NO
MMAR_0269	mmp_269	Hypothetical protein / putative uncharacterized oxidoreductase MMAR_0269	Background_Genome	-0.1484	3.7932e-01	4.6072e-01	NO
MMAR_0462	mmp_462	Hypothetical protein / putative uncharacterized oxidoreductase MMAR_0462	Background_Genome	-0.0371	3.7983e-01	4.6087e-01	NO
MMAR_0828	mmp_828	Hypothetical protein / putative uncharacterized oxidoreductase MMAR_0828	Background_Genome	-0.0472	3.8675e-01	4.6879e-01	NO
MMAR_0078	mmp_78	Hypothetical protein / putative uncharacterized oxidoreductase MMAR_0078	Background_Genome	0.0707	3.8806e-01	4.6990e-01	NO
MMAR_1000	mmp_1000	Hypothetical protein / putative uncharacterized oxidoreductase MMAR_1000	Background_Genome	0.1624	3.9244e-01	4.7472e-01	NO
MMAR_0999	mmp_999	Hypothetical protein / putative uncharacterized oxidoreductase MMAR_0999	Background_Genome	-0.1194	3.9344e-01	4.7546e-01	NO
MMAR_0998	mmp_998	Hypothetical protein / putative uncharacterized oxidoreductase MMAR_0998	Background_Genome	0.0714	3.9733e-01	4.7968e-01	NO
MMAR_0076	mmp_76	Hypothetical protein / putative uncharacterized oxidoreductase MMAR_0076	Background_Genome	-0.0677	3.9818e-01	4.8021e-01	NO
MMAR_0356	mmp_356	Hypothetical protein / putative uncharacterized oxidoreductase MMAR_0356	Background_Genome	-0.0642	3.9886e-01	4.8055e-01	NO
MMAR_0136	mmp_136	Hypothetical protein / putative uncharacterized oxidoreductase MMAR_0136	Background_Genome	-0.0646	4.0065e-01	4.8194e-01	NO
MMAR_0336	mmp_336	Hypothetical protein / putative uncharacterized oxidoreductase MMAR_0336	Background_Genome	-0.0587	4.0082e-01	4.8194e-01	NO
MMAR_0906	mmp_906	Hypothetical protein / putative uncharacterized oxidoreductase MMAR_0906	Background_Genome	-0.0846	4.0173e-01	4.8256e-01	NO
MMAR_0664	mmp_664	Hypothetical protein / putative uncharacterized oxidoreductase MMAR_0664	Background_Genome	0.0913	4.0213e-01	4.8256e-01	NO
MMAR_0619	mmp_619	Hypothetical protein / putative uncharacterized oxidoreductase MMAR_0619	Background_Genome	-0.0684	4.0590e-01	4.8660e-01	NO
MMAR_1139	mmp_1139	Hypothetical protein / putative uncharacterized oxidoreductase MMAR_1139	Background_Genome	-0.0887	4.0715e-01	4.8761e-01	NO
MMAR_0066	mmp_66	Hypothetical protein / putative uncharacterized oxidoreductase MMAR_0066	Background_Genome	0.0707	4.1060e-01	4.9103e-01	NO
MMAR_0686	mmp_686	Hypothetical protein / putative uncharacterized oxidoreductase MMAR_0686	Background_Genome	-0.0764	4.1083e-01	4.9103e-01	NO
MMAR_0375	mmp_375	Hypothetical protein / putative uncharacterized oxidoreductase MMAR_0375	Background_Genome	-0.0811	4.1679e-01	4.9717e-01	NO
MMAR_0493	mmp_493	Hypothetical protein / putative uncharacterized oxidoreductase MMAR_0493	Background_Genome	-0.0523	4.1678e-01	4.9717e-01	NO
MMAR_0997	mmp_997	Hypothetical protein / putative uncharacterized oxidoreductase MMAR_0997	Background_Genome	0.1174	4.2055e-01	5.0116e-01	NO
MMAR_0383	mmp_383	Hypothetical protein / putative uncharacterized oxidoreductase MMAR_0383	Background_Genome	-0.0715	4.2104e-01	5.0124e-01	NO
MMAR_0634	mmp_634	Hypothetical protein / putative uncharacterized oxidoreductase MMAR_0634	Background_Genome	-0.0453	4.2300e-01	5.0297e-01	NO
MMAR_0964	mmp_964	Hypothetical protein / putative uncharacterized oxidoreductase MMAR_0964	Background_Genome	-0.0585	4.2333e-01	5.0297e-01	NO
MMAR_0794	mmp_794	Hypothetical protein / putative uncharacterized oxidoreductase MMAR_0794	Background_Genome	0.0910	4.2611e-01	5.0577e-01	NO
MMAR_1014	mmp_1014	Hypothetical protein / putative uncharacterized oxidoreductase MMAR_1014	Background_Genome	-0.1372	4.2728e-01	5.0665e-01	NO
MMAR_0313	mmp_313	Hypothetical protein / putative uncharacterized oxidoreductase MMAR_0313	Background_Genome	0.0630	4.3003e-01	5.0941e-01	NO
MMAR_1097	mmp_1097	Hypothetical protein / putative uncharacterized oxidoreductase MMAR_1097	Background_Genome	-0.1125	4.3050e-01	5.0947e-01	NO
MMAR_0267	mmp_267	Hypothetical protein / putative uncharacterized oxidoreductase MMAR_0267	Background_Genome	0.0890	4.3806e-01	5.1790e-01	NO
MMAR_0889	mmp_889	Hypothetical protein / putative uncharacterized oxidoreductase MMAR_0889	Background_Genome	0.0330	4.4080e-01	5.2063e-01	NO
MMAR_0187	mmp_187	Hypothetical protein / putative uncharacterized oxidoreductase MMAR_0187	Background_Genome	0.0839	4.4207e-01	5.2161e-01	NO
MMAR_0221	mmp_221	Hypothetical protein / putative uncharacterized oxidoreductase MMAR_0221	Background_Genome	-0.0647	4.4672e-01	5.2510e-01	NO
MMAR_0310	mmp_310	Hypothetical protein / putative uncharacterized oxidoreductase MMAR_0310	Background_Genome	-0.0638	4.4759e-01	5.2510e-01	NO
MMAR_0517	mmp_517	Hypothetical protein / putative uncharacterized oxidoreductase MMAR_0517	Background_Genome	-0.0432	4.4658e-01	5.2510e-01	NO
MMAR_0579	mmp_579	Hypothetical protein / putative uncharacterized oxidoreductase MMAR_0579	Background_Genome	-0.0767	4.4679e-01	5.2510e-01	NO
MMAR_0594	mmp_594	Hypothetical protein / putative uncharacterized oxidoreductase MMAR_0594	Background_Genome	0.0710	4.4782e-01	5.2510e-01	NO
MMAR_0669	mmp_669	Hypothetical protein / putative uncharacterized oxidoreductase MMAR_0669	Background_Genome	0.0912	4.4808e-01	5.2510e-01	NO
MMAR_0949	mmp_949	Hypothetical protein / putative uncharacterized oxidoreductase MMAR_0949	Background_Genome	-0.0576	4.4602e-01	5.2510e-01	NO
MMAR_1191	mmp_1191	Hypothetical protein / putative uncharacterized oxidoreductase MMAR_1191	Background_Genome	0.0982	4.5701e-01	5.3503e-01	NO
MMAR_0896	mmp_896	Hypothetical protein / putative uncharacterized oxidoreductase MMAR_0896	Background_Genome	-0.0605	4.5823e-01	5.3594e-01	NO
MMAR_0529	mmp_529	Hypothetical protein / putative uncharacterized oxidoreductase MMAR_0529	Background_Genome	0.0961	4.5954e-01	5.3695e-01	NO
MMAR_1036	mmp_1036	Hypothetical protein / putative uncharacterized oxidoreductase MMAR_1036	Background_Genome	0.0654	4.6129e-01	5.3847e-01	NO
MMAR_0168	mmp_168	Hypothetical protein / putative uncharacterized oxidoreductase MMAR_0168	Background_Genome	0.0575	4.6401e-01	5.4112e-01	NO
MMAR_0967	mmp_967	Hypothetical protein / putative uncharacterized oxidoreductase MMAR_0967	Background_Genome	-0.0602	4.7055e-01	5.4821e-01	NO
MMAR_0350	mmp_350	Hypothetical protein / putative uncharacterized oxidoreductase MMAR_0350	Background_Genome	-0.0725	4.7552e-01	5.5293e-01	NO
MMAR_0773	mmp_773	Hypothetical protein / putative uncharacterized oxidoreductase MMAR_0773	Background_Genome	-0.0786	4.7529e-01	5.5293e-01	NO
MMAR_0334	mmp_334	Hypothetical protein / putative uncharacterized oxidoreductase MMAR_0334	Background_Genome	0.0498	4.7638e-01	5.5340e-01	NO
MMAR_0631	mmp_631	Hypothetical protein / putative uncharacterized oxidoreductase MMAR_0631	Background_Genome	0.1044	4.8158e-01	5.5889e-01	NO
MMAR_0068	mmp_68	Hypothetical protein / putative uncharacterized oxidoreductase MMAR_0068	Background_Genome	0.0594	4.8402e-01	5.6118e-01	NO
MMAR_1109	mmp_1109	Hypothetical protein / putative uncharacterized oxidoreductase MMAR_1109	Background_Genome	-0.0449	4.8637e-01	5.6336e-01	NO
MMAR_0182	mmp_182	Hypothetical protein / putative uncharacterized oxidoreductase MMAR_0182	Background_Genome	-0.0724	4.9246e-01	5.6987e-01	NO
MMAR_0951	mmp_951	Hypothetical protein / putative uncharacterized oxidoreductase MMAR_0951	Background_Genome	-0.0741	4.9299e-01	5.6993e-01	NO
MMAR_0271	mmp_271	Hypothetical protein / putative uncharacterized oxidoreductase MMAR_0271	Background_Genome	-0.0507	4.9403e-01	5.7058e-01	NO
MMAR_0781	mmp_781	Hypothetical protein / putative uncharacterized oxidoreductase MMAR_0781	Background_Genome	-0.0606	4.9638e-01	5.7275e-01	NO
MMAR_0505	mmp_505	Hypothetical protein / putative uncharacterized oxidoreductase MMAR_0505	Background_Genome	0.0665	5.0156e-01	5.7817e-01	NO
MMAR_0235	mmp_235	Hypothetical protein / putative uncharacterized oxidoreductase MMAR_0235	Background_Genome	0.0738	5.1004e-01	5.8681e-01	NO
MMAR_0921	mmp_921	Hypothetical protein / putative uncharacterized oxidoreductase MMAR_0921	Background_Genome	-0.0407	5.0981e-01	5.8681e-01	NO
MMAR_0489	mmp_489	Hypothetical protein / putative uncharacterized oxidoreductase MMAR_0489	Background_Genome	-0.0976	5.1649e-01	5.9367e-01	NO
MMAR_0704	mmp_704	Hypothetical protein / putative uncharacterized oxidoreductase MMAR_0704	Background_Genome	0.1038	5.2759e-01	6.0584e-01	NO
MMAR_0144	mmp_144	Hypothetical protein / putative uncharacterized oxidoreductase MMAR_0144	Background_Genome	0.1146	5.3237e-01	6.1075e-01	NO
MMAR_1049	mmp_1049	Hypothetical protein / putative uncharacterized oxidoreductase MMAR_1049	Background_Genome	0.0612	5.3958e-01	6.1843e-01	NO
MMAR_1174	mmp_1174	Hypothetical protein / putative uncharacterized oxidoreductase MMAR_1174	Background_Genome	0.0796	5.4107e-01	6.1955e-01	NO
MMAR_0410	mmp_410	Hypothetical protein / putative uncharacterized oxidoreductase MMAR_0410	Background_Genome	-0.0484	5.4187e-01	6.1987e-01	NO
MMAR_0720	mmp_720	Hypothetical protein / putative uncharacterized oxidoreductase MMAR_0720	Background_Genome	0.0940	5.4658e-01	6.2457e-01	NO
MMAR_0796	mmp_796	Hypothetical protein / putative uncharacterized oxidoreductase MMAR_0796	Background_Genome	0.1028	5.4702e-01	6.2457e-01	NO
MMAR_0991	mmp_991	Hypothetical protein / putative uncharacterized oxidoreductase MMAR_0991	Background_Genome	0.0790	5.5181e-01	6.2944e-01	NO
MMAR_0901	mmp_901	Hypothetical protein / putative uncharacterized oxidoreductase MMAR_0901	Background_Genome	-0.0664	5.5389e-01	6.3121e-01	NO
MMAR_0931	mmp_931	Hypothetical protein / putative uncharacterized oxidoreductase MMAR_0931	Background_Genome	-0.0749	5.5859e-01	6.3537e-01	NO
MMAR_0985	mmp_985	Hypothetical protein / putative uncharacterized oxidoreductase MMAR_0985	Background_Genome	-0.0827	5.5820e-01	6.3537e-01	NO
MMAR_0159	mmp_159	Hypothetical protein / putative uncharacterized oxidoreductase MMAR_0159	Background_Genome	-0.0263	5.6819e-01	6.4507e-01	NO
MMAR_0211	mmp_211	Hypothetical protein / putative uncharacterized oxidoreductase MMAR_0211	Background_Genome	-0.0595	5.6817e-01	6.4507e-01	NO
MMAR_0677	mmp_677	Hypothetical protein / putative uncharacterized oxidoreductase MMAR_0677	Background_Genome	0.0609	5.6955e-01	6.4599e-01	NO
MMAR_0166	mmp_166	Hypothetical protein / putative uncharacterized oxidoreductase MMAR_0166	Background_Genome	0.0714	5.7129e-01	6.4736e-01	NO
MMAR_0761	mmp_761	Hypothetical protein / putative uncharacterized oxidoreductase MMAR_0761	Background_Genome	0.0486	5.8568e-01	6.6240e-01	NO
MMAR_0953	mmp_953	Hypothetical protein / putative uncharacterized oxidoreductase MMAR_0953	Background_Genome	0.0516	5.8568e-01	6.6240e-01	NO
MMAR_1116	mmp_1116	Hypothetical protein / putative uncharacterized oxidoreductase MMAR_1116	Background_Genome	0.0509	5.9347e-01	6.6996e-01	NO
MMAR_1178	mmp_1178	Hypothetical protein / putative uncharacterized oxidoreductase MMAR_1178	Background_Genome	0.0749	5.9339e-01	6.6996e-01	NO
MMAR_0305	mmp_305	Hypothetical protein / putative uncharacterized oxidoreductase MMAR_0305	Background_Genome	0.0375	6.0484e-01	6.8215e-01	NO
MMAR_0428	mmp_428	Hypothetical protein / putative uncharacterized oxidoreductase MMAR_0428	Background_Genome	0.0785	6.0599e-01	6.8281e-01	NO
MMAR_0667	mmp_667	Hypothetical protein / putative uncharacterized oxidoreductase MMAR_0667	Background_Genome	-0.0532	6.0870e-01	6.8522e-01	NO
MMAR_0727	mmp_727	Hypothetical protein / putative uncharacterized oxidoreductase MMAR_0727	Background_Genome	0.0491	6.1110e-01	6.8727e-01	NO
MMAR_0651	mmp_651	Hypothetical protein / putative uncharacterized oxidoreductase MMAR_0651	Background_Genome	-0.0578	6.1262e-01	6.8769e-01	NO
MMAR_0770	mmp_770	Hypothetical protein / putative uncharacterized oxidoreductase MMAR_0770	Background_Genome	-0.0577	6.1253e-01	6.8769e-01	NO
MMAR_0817	mmp_817	Hypothetical protein / putative uncharacterized oxidoreductase MMAR_0817	Background_Genome	-0.0720	6.1413e-01	6.8875e-01	NO
MMAR_0583	mmp_583	Hypothetical protein / putative uncharacterized oxidoreductase MMAR_0583	Background_Genome	-0.0429	6.1619e-01	6.9041e-01	NO
MMAR_0638	mmp_638	Hypothetical protein / putative uncharacterized oxidoreductase MMAR_0638	Background_Genome	-0.0663	6.1737e-01	6.9044e-01	NO
MMAR_1176	mmp_1176	Hypothetical protein / putative uncharacterized oxidoreductase MMAR_1176	Background_Genome	-0.0924	6.1692e-01	6.9044e-01	NO
MMAR_0536	mmp_536	Hypothetical protein / putative uncharacterized oxidoreductase MMAR_0536	Background_Genome	0.0445	6.1940e-01	6.9206e-01	NO
MMAR_0718	mmp_718	Hypothetical protein / putative uncharacterized oxidoreductase MMAR_0718	Background_Genome	-0.0746	6.2297e-01	6.9541e-01	NO
MMAR_0398	mmp_398	Hypothetical protein / putative uncharacterized oxidoreductase MMAR_0398	Background_Genome	0.0430	6.2641e-01	6.9860e-01	NO
MMAR_0406	mmp_406	Hypothetical protein / putative uncharacterized oxidoreductase MMAR_0406	Background_Genome	0.0479	6.2717e-01	6.9880e-01	NO
MMAR_1022	mmp_1022	Hypothetical protein / putative uncharacterized oxidoreductase MMAR_1022	Background_Genome	-0.0554	6.3331e-01	7.0498e-01	NO
MMAR_1009	mmp_1009	Hypothetical protein / putative uncharacterized oxidoreductase MMAR_1009	Background_Genome	-0.0798	6.3493e-01	7.0613e-01	NO
MMAR_0155	mmp_155	Hypothetical protein / putative uncharacterized oxidoreductase MMAR_0155	Background_Genome	0.0548	6.3965e-01	7.1006e-01	NO
MMAR_0396	mmp_396	Hypothetical protein / putative uncharacterized oxidoreductase MMAR_0396	Background_Genome	0.0534	6.3924e-01	7.1006e-01	NO
MMAR_0938	mmp_938	Hypothetical protein / putative uncharacterized oxidoreductase MMAR_0938	Background_Genome	-0.0576	6.4127e-01	7.1120e-01	NO
MMAR_0321	mmp_321	Hypothetical protein / putative uncharacterized oxidoreductase MMAR_0321	Background_Genome	0.0360	6.4360e-01	7.1313e-01	NO
MMAR_1148	mmp_1148	Hypothetical protein / putative uncharacterized oxidoreductase MMAR_1148	Background_Genome	-0.0531	6.5473e-01	7.2480e-01	NO
MMAR_0584	mmp_584	Hypothetical protein / putative uncharacterized oxidoreductase MMAR_0584	Background_Genome	0.0459	6.5589e-01	7.2541e-01	NO
MMAR_0188	mmp_188	Hypothetical protein / putative uncharacterized oxidoreductase MMAR_0188	Background_Genome	0.0328	6.6932e-01	7.3958e-01	NO
MMAR_0629	mmp_629	Hypothetical protein / putative uncharacterized oxidoreductase MMAR_0629	Background_Genome	0.0489	6.7326e-01	7.4256e-01	NO
MMAR_0925	mmp_925	Hypothetical protein / putative uncharacterized oxidoreductase MMAR_0925	Background_Genome	-0.0534	6.7290e-01	7.4256e-01	NO
MMAR_0995	mmp_995	Hypothetical protein / putative uncharacterized oxidoreductase MMAR_0995	Background_Genome	0.0444	6.8038e-01	7.4973e-01	NO
MMAR_0067	mmp_67	Hypothetical protein / putative uncharacterized oxidoreductase MMAR_0067	Background_Genome	-0.0663	6.8263e-01	7.5091e-01	NO
MMAR_1045	mmp_1045	Hypothetical protein / putative uncharacterized oxidoreductase MMAR_1045	Background_Genome	-0.0285	6.8270e-01	7.5091e-01	NO
MMAR_0826	mmp_826	Hypothetical protein / putative uncharacterized oxidoreductase MMAR_0826	Background_Genome	0.0382	6.8796e-01	7.5600e-01	NO
MMAR_0747	mmp_747	Hypothetical protein / putative uncharacterized oxidoreductase MMAR_0747	Background_Genome	0.0345	6.9043e-01	7.5802e-01	NO
MMAR_0861	mmp_861	Hypothetical protein / putative uncharacterized oxidoreductase MMAR_0861	Background_Genome	0.0399	6.9408e-01	7.6133e-01	NO
MMAR_0754	mmp_754	Hypothetical protein / putative uncharacterized oxidoreductase MMAR_0754	Background_Genome	-0.0271	7.0017e-01	7.6731e-01	NO
MMAR_0490	mmp_490	Hypothetical protein / putative uncharacterized oxidoreductase MMAR_0490	Background_Genome	-0.0332	7.0738e-01	7.7379e-01	NO
MMAR_0939	mmp_939	Hypothetical protein / putative uncharacterized oxidoreductase MMAR_0939	Background_Genome	0.0493	7.0733e-01	7.7379e-01	NO
MMAR_0205	mmp_205	Hypothetical protein / putative uncharacterized oxidoreductase MMAR_0205	Background_Genome	-0.0242	7.0849e-01	7.7430e-01	NO
MMAR_0278	mmp_278	Hypothetical protein / putative uncharacterized oxidoreductase MMAR_0278	Background_Genome	-0.0516	7.0946e-01	7.7431e-01	NO
MMAR_0560	mmp_560	Hypothetical protein / putative uncharacterized oxidoreductase MMAR_0560	Background_Genome	-0.0461	7.0978e-01	7.7431e-01	NO
MMAR_0840	mmp_840	Hypothetical protein / putative uncharacterized oxidoreductase MMAR_0840	Background_Genome	-0.0458	7.1045e-01	7.7434e-01	NO
MMAR_0592	mmp_592	Hypothetical protein / putative uncharacterized oxidoreductase MMAR_0592	Background_Genome	0.0394	7.1227e-01	7.7561e-01	NO
MMAR_0422	mmp_422	Hypothetical protein / putative uncharacterized oxidoreductase MMAR_0422	Background_Genome	-0.0622	7.1933e-01	7.8259e-01	NO
MMAR_0065	mmp_65	Hypothetical protein / putative uncharacterized oxidoreductase MMAR_0065	Background_Genome	0.0375	7.2173e-01	7.8449e-01	NO
MMAR_1141	mmp_1141	Hypothetical protein / putative uncharacterized oxidoreductase MMAR_1141	Background_Genome	0.0051	7.2792e-01	7.9051e-01	NO
MMAR_0617	mmp_617	Hypothetical protein / putative uncharacterized oxidoreductase MMAR_0617	Background_Genome	0.0422	7.3167e-01	7.9330e-01	NO
MMAR_0676	mmp_676	Hypothetical protein / putative uncharacterized oxidoreductase MMAR_0676	Background_Genome	-0.0366	7.3182e-01	7.9330e-01	NO
MMAR_0146	mmp_146	Hypothetical protein / putative uncharacterized oxidoreductase MMAR_0146	Background_Genome	0.0389	7.3361e-01	7.9453e-01	NO
MMAR_0918	mmp_918	Hypothetical protein / putative uncharacterized oxidoreductase MMAR_0918	Background_Genome	0.0394	7.3597e-01	7.9636e-01	NO
MMAR_0684	mmp_684	Hypothetical protein / putative uncharacterized oxidoreductase MMAR_0684	Background_Genome	-0.0273	7.4203e-01	8.0219e-01	NO
MMAR_0355	mmp_355	Hypothetical protein / putative uncharacterized oxidoreductase MMAR_0355	Background_Genome	-0.0228	7.4292e-01	8.0243e-01	NO
MMAR_0474	mmp_474	Hypothetical protein / putative uncharacterized oxidoreductase MMAR_0474	Background_Genome	-0.0376	7.4713e-01	8.0625e-01	NO
MMAR_0099	mmp_99	Hypothetical protein / putative uncharacterized oxidoreductase MMAR_0099	Background_Genome	-0.0221	7.4831e-01	8.0680e-01	NO
MMAR_0589	mmp_589	Hypothetical protein / putative uncharacterized oxidoreductase MMAR_0589	Background_Genome	0.0432	7.4902e-01	8.0684e-01	NO
MMAR_1083	mmp_1083	Hypothetical protein / putative uncharacterized oxidoreductase MMAR_1083	Background_Genome	0.0389	7.5097e-01	8.0822e-01	NO
MMAR_0853	mmp_853	Hypothetical protein / putative uncharacterized oxidoreductase MMAR_0853	Background_Genome	0.0258	7.5495e-01	8.1178e-01	NO
MMAR_0163	mmp_163	Hypothetical protein / putative uncharacterized oxidoreductase MMAR_0163	Background_Genome	-0.0554	7.5666e-01	8.1288e-01	NO
MMAR_0339	mmp_339	Hypothetical protein / putative uncharacterized oxidoreductase MMAR_0339	Background_Genome	0.0312	7.6868e-01	8.2441e-01	NO
MMAR_1188	mmp_1188	Hypothetical protein / putative uncharacterized oxidoreductase MMAR_1188	Background_Genome	-0.0300	7.6876e-01	8.2441e-01	NO
MMAR_0124	mmp_124	Hypothetical protein / putative uncharacterized oxidoreductase MMAR_0124	Background_Genome	-0.0285	7.7073e-01	8.2578e-01	NO
MMAR_0412	mmp_412	Hypothetical protein / putative uncharacterized oxidoreductase MMAR_0412	Background_Genome	0.0341	7.7663e-01	8.3137e-01	NO
MMAR_0194	mmp_194	Hypothetical protein / putative uncharacterized oxidoreductase MMAR_0194	Background_Genome	0.0285	7.8061e-01	8.3488e-01	NO
MMAR_0403	mmp_403	Hypothetical protein / putative uncharacterized oxidoreductase MMAR_0403	Background_Genome	-0.0134	7.8155e-01	8.3514e-01	NO
MMAR_0074	mmp_74	Hypothetical protein / putative uncharacterized oxidoreductase MMAR_0074	Background_Genome	0.0303	7.8726e-01	8.4049e-01	NO
MMAR_0152	mmp_152	Hypothetical protein / putative uncharacterized oxidoreductase MMAR_0152	Background_Genome	-0.0164	7.9285e-01	8.4571e-01	NO
MMAR_0575	mmp_575	Hypothetical protein / putative uncharacterized oxidoreductase MMAR_0575	Background_Genome	0.0218	8.0104e-01	8.5368e-01	NO
MMAR_0085	mmp_85	Hypothetical protein / putative uncharacterized oxidoreductase MMAR_0085	Background_Genome	0.0325	8.1374e-01	8.6485e-01	NO
MMAR_0376	mmp_376	Hypothetical protein / putative uncharacterized oxidoreductase MMAR_0376	Background_Genome	0.0112	8.1347e-01	8.6485e-01	NO
MMAR_0483	mmp_483	Hypothetical protein / putative uncharacterized oxidoreductase MMAR_0483	Background_Genome	-0.0134	8.1440e-01	8.6485e-01	NO
MMAR_0590	mmp_590	Hypothetical protein / putative uncharacterized oxidoreductase MMAR_0590	Background_Genome	-0.0410	8.1303e-01	8.6485e-01	NO
MMAR_0673	mmp_673	Hypothetical protein / putative uncharacterized oxidoreductase MMAR_0673	Background_Genome	0.0244	8.1603e-01	8.6581e-01	NO
MMAR_0647	mmp_647	Hypothetical protein / putative uncharacterized oxidoreductase MMAR_0647	Background_Genome	-0.0209	8.1743e-01	8.6654e-01	NO
MMAR_0367	mmp_367	Hypothetical protein / putative uncharacterized oxidoreductase MMAR_0367	Background_Genome	-0.0318	8.2223e-01	8.7085e-01	NO
MMAR_1055	mmp_1055	Hypothetical protein / putative uncharacterized oxidoreductase MMAR_1055	Background_Genome	0.0281	8.2812e-01	8.7631e-01	NO
MMAR_0957	mmp_957	Hypothetical protein / putative uncharacterized oxidoreductase MMAR_0957	Background_Genome	0.0254	8.2899e-01	8.7646e-01	NO
MMAR_0289	mmp_289	Hypothetical protein / putative uncharacterized oxidoreductase MMAR_0289	Background_Genome	0.0289	8.3327e-01	8.8022e-01	NO
MMAR_0695	mmp_695	Hypothetical protein / putative uncharacterized oxidoreductase MMAR_0695	Background_Genome	0.0217	8.3949e-01	8.8601e-01	NO
MMAR_0433	mmp_433	Hypothetical protein / putative uncharacterized oxidoreductase MMAR_0433	Background_Genome	0.0189	8.4185e-01	8.8714e-01	NO
MMAR_0465	mmp_465	Hypothetical protein / putative uncharacterized oxidoreductase MMAR_0465	Background_Genome	0.0235	8.4205e-01	8.8714e-01	NO
MMAR_0736	mmp_736	Hypothetical protein / putative uncharacterized oxidoreductase MMAR_0736	Background_Genome	-0.0053	8.4582e-01	8.9033e-01	NO
MMAR_0772	mmp_772	Hypothetical protein / putative uncharacterized oxidoreductase MMAR_0772	Background_Genome	-0.0208	8.4913e-01	8.9303e-01	NO
MMAR_0706	mmp_706	Hypothetical protein / putative uncharacterized oxidoreductase MMAR_0706	Background_Genome	-0.0165	8.5192e-01	8.9518e-01	NO
MMAR_0569	mmp_569	Hypothetical protein / putative uncharacterized oxidoreductase MMAR_0569	Background_Genome	0.0123	8.5792e-01	9.0071e-01	NO
MMAR_0148	mmp_148	Hypothetical protein / putative uncharacterized oxidoreductase MMAR_0148	Background_Genome	-0.0227	8.5969e-01	9.0177e-01	NO
MMAR_0199	mmp_199	Hypothetical protein / putative uncharacterized oxidoreductase MMAR_0199	Background_Genome	-0.0182	8.6085e-01	9.0220e-01	NO
MMAR_0161	mmp_161	Hypothetical protein / putative uncharacterized oxidoreductase MMAR_0161	Background_Genome	-0.0303	8.6236e-01	9.0299e-01	NO
MMAR_1015	mmp_1015	Hypothetical protein / putative uncharacterized oxidoreductase MMAR_1015	Background_Genome	0.0195	8.6603e-01	9.0604e-01	NO
MMAR_0126	mmp_126	Hypothetical protein / putative uncharacterized oxidoreductase MMAR_0126	Background_Genome	-0.0197	8.6714e-01	9.0623e-01	NO
MMAR_0149	mmp_149	Hypothetical protein / putative uncharacterized oxidoreductase MMAR_0149	Background_Genome	-0.0104	8.6847e-01	9.0623e-01	NO
MMAR_0993	mmp_993	Hypothetical protein / putative uncharacterized oxidoreductase MMAR_0993	Background_Genome	0.0143	8.6845e-01	9.0623e-01	NO
MMAR_0323	mmp_323	Hypothetical protein / putative uncharacterized oxidoreductase MMAR_0323	Background_Genome	-0.0218	8.7190e-01	9.0902e-01	NO
MMAR_0627	mmp_627	Hypothetical protein / putative uncharacterized oxidoreductase MMAR_0627	Background_Genome	-0.0205	8.7272e-01	9.0909e-01	NO
MMAR_0386	mmp_386	Hypothetical protein / putative uncharacterized oxidoreductase MMAR_0386	Background_Genome	-0.0114	8.7488e-01	9.0975e-01	NO
MMAR_0764	mmp_764	Hypothetical protein / putative uncharacterized oxidoreductase MMAR_0764	Background_Genome	0.0181	8.7471e-01	9.0975e-01	NO
MMAR_0233	mmp_233	Hypothetical protein / putative uncharacterized oxidoreductase MMAR_0233	Background_Genome	0.0256	8.7657e-01	9.1072e-01	NO
MMAR_0070	mmp_70	Hypothetical protein / putative uncharacterized oxidoreductase MMAR_0070	Background_Genome	0.0297	8.7877e-01	9.1217e-01	NO
MMAR_0104	mmp_104	Hypothetical protein / putative uncharacterized oxidoreductase MMAR_0104	Background_Genome	-0.0143	8.8190e-01	9.1217e-01	NO
MMAR_0644	mmp_644	Hypothetical protein / putative uncharacterized oxidoreductase MMAR_0644	Background_Genome	-0.0129	8.8150e-01	9.1217e-01	NO
MMAR_0650	mmp_650	Hypothetical protein / putative uncharacterized oxidoreductase MMAR_0650	Background_Genome	0.0122	8.8253e-01	9.1217e-01	NO
MMAR_0657	mmp_657	Hypothetical protein / putative uncharacterized oxidoreductase MMAR_0657	Background_Genome	0.0164	8.8059e-01	9.1217e-01	NO
MMAR_1192	mmp_1192	Hypothetical protein / putative uncharacterized oxidoreductase MMAR_1192	Background_Genome	0.0156	8.8119e-01	9.1217e-01	NO
MMAR_0311	mmp_311	Hypothetical protein / putative uncharacterized oxidoreductase MMAR_0311	Background_Genome	-0.0131	8.8761e-01	9.1565e-01	NO
MMAR_0475	mmp_475	Hypothetical protein / putative uncharacterized oxidoreductase MMAR_0475	Background_Genome	-0.0092	8.8695e-01	9.1565e-01	NO
MMAR_0947	mmp_947	Hypothetical protein / putative uncharacterized oxidoreductase MMAR_0947	Background_Genome	0.0253	8.8818e-01	9.1565e-01	NO
MMAR_0639	mmp_639	Hypothetical protein / putative uncharacterized oxidoreductase MMAR_0639	Background_Genome	-0.0136	8.9030e-01	9.1705e-01	NO
MMAR_1301	rpoC	DNA-directed RNA polymerase beta' subunit	Housekeeping	0.0117	8.9697e-01	9.2312e-01	NO
MMAR_0206	mmp_206	Hypothetical protein / putative uncharacterized oxidoreductase MMAR_0206	Background_Genome	-0.0165	8.9958e-01	9.2502e-01	NO
MMAR_0498	mmp_498	Hypothetical protein / putative uncharacterized oxidoreductase MMAR_0498	Background_Genome	0.0127	9.0036e-01	9.2502e-01	NO
MMAR_1062	mmp_1062	Hypothetical protein / putative uncharacterized oxidoreductase MMAR_1062	Background_Genome	0.0138	9.0131e-01	9.2521e-01	NO
MMAR_0550	mmp_550	Hypothetical protein / putative uncharacterized oxidoreductase MMAR_0550	Background_Genome	0.0105	9.0890e-01	9.3220e-01	NO
MMAR_0803	mmp_803	Hypothetical protein / putative uncharacterized oxidoreductase MMAR_0803	Background_Genome	-0.0176	9.1298e-01	9.3559e-01	NO
MMAR_0213	mmp_213	Hypothetical protein / putative uncharacterized oxidoreductase MMAR_0213	Background_Genome	0.0087	9.1778e-01	9.3971e-01	NO
MMAR_0978	mmp_978	Hypothetical protein / putative uncharacterized oxidoreductase MMAR_0978	Background_Genome	0.0040	9.2248e-01	9.4371e-01	NO
MMAR_0134	mmp_134	Hypothetical protein / putative uncharacterized oxidoreductase MMAR_0134	Background_Genome	-0.0095	9.2677e-01	9.4659e-01	NO
MMAR_0283	mmp_283	Hypothetical protein / putative uncharacterized oxidoreductase MMAR_0283	Background_Genome	-0.0114	9.2844e-01	9.4659e-01	NO
MMAR_0809	mmp_809	Hypothetical protein / putative uncharacterized oxidoreductase MMAR_0809	Background_Genome	-0.0080	9.2827e-01	9.4659e-01	NO
MMAR_0877	mmp_877	Hypothetical protein / putative uncharacterized oxidoreductase MMAR_0877	Background_Genome	0.0128	9.2771e-01	9.4659e-01	NO
MMAR_0123	mmp_123	Hypothetical protein / putative uncharacterized oxidoreductase MMAR_0123	Background_Genome	0.0081	9.3491e-01	9.5237e-01	NO
MMAR_1084	mmp_1084	Hypothetical protein / putative uncharacterized oxidoreductase MMAR_1084	Background_Genome	-0.0069	9.3693e-01	9.5362e-01	NO
MMAR_1165	mmp_1165	Hypothetical protein / putative uncharacterized oxidoreductase MMAR_1165	Background_Genome	0.0062	9.4097e-01	9.5692e-01	NO
MMAR_0419	mmp_419	Hypothetical protein / putative uncharacterized oxidoreductase MMAR_0419	Background_Genome	-0.0042	9.4599e-01	9.6086e-01	NO
MMAR_1133	mmp_1133	Hypothetical protein / putative uncharacterized oxidoreductase MMAR_1133	Background_Genome	0.0031	9.4645e-01	9.6086e-01	NO
MMAR_1166	mmp_1166	Hypothetical protein / putative uncharacterized oxidoreductase MMAR_1166	Background_Genome	0.0032	9.4961e-01	9.6326e-01	NO
MMAR_0672	mmp_672	Hypothetical protein / putative uncharacterized oxidoreductase MMAR_0672	Background_Genome	0.0061	9.5144e-01	9.6430e-01	NO
MMAR_0722	mmp_722	Hypothetical protein / putative uncharacterized oxidoreductase MMAR_0722	Background_Genome	-0.0075	9.5318e-01	9.6525e-01	NO
MMAR_0245	mmp_245	Hypothetical protein / putative uncharacterized oxidoreductase MMAR_0245	Background_Genome	-0.0041	9.5601e-01	9.6648e-01	NO
MMAR_0604	mmp_604	Hypothetical protein / putative uncharacterized oxidoreductase MMAR_0604	Background_Genome	-0.0078	9.5593e-01	9.6648e-01	NO
MMAR_0293	mmp_293	Hypothetical protein / putative uncharacterized oxidoreductase MMAR_0293	Background_Genome	-0.0062	9.5773e-01	9.6740e-01	NO
MMAR_0208	mmp_208	Hypothetical protein / putative uncharacterized oxidoreductase MMAR_0208	Background_Genome	-0.0032	9.6028e-01	9.6912e-01	NO
MMAR_0272	mmp_272	Hypothetical protein / putative uncharacterized oxidoreductase MMAR_0272	Background_Genome	-0.0076	9.6104e-01	9.6912e-01	NO
MMAR_0253	mmp_253	Hypothetical protein / putative uncharacterized oxidoreductase MMAR_0253	Background_Genome	0.0058	9.6355e-01	9.7083e-01	NO
MMAR_0783	mmp_783	Hypothetical protein / putative uncharacterized oxidoreductase MMAR_0783	Background_Genome	0.0065	9.6948e-01	9.7598e-01	NO
MMAR_0248	mmp_248	Hypothetical protein / putative uncharacterized oxidoreductase MMAR_0248	Background_Genome	0.0041	9.7552e-01	9.8115e-01	NO
MMAR_1175	mmp_1175	Hypothetical protein / putative uncharacterized oxidoreductase MMAR_1175	Background_Genome	0.0030	9.7624e-01	9.8115e-01	NO
MMAR_0620	mmp_620	Hypothetical protein / putative uncharacterized oxidoreductase MMAR_0620	Background_Genome	-0.0026	9.8272e-01	9.8683e-01	NO
MMAR_1300	rpoB	DNA-directed RNA polymerase beta subunit	Housekeeping	-0.0007	9.8798e-01	9.9059e-01	NO
MMAR_0511	mmp_511	Hypothetical protein / putative uncharacterized oxidoreductase MMAR_0511	Background_Genome	0.0016	9.8811e-01	9.9059e-01	NO
MMAR_1051	mmp_1051	Hypothetical protein / putative uncharacterized oxidoreductase MMAR_1051	Background_Genome	0.0015	9.9114e-01	9.9279e-01	NO
MMAR_0231	mmp_231	Hypothetical protein / putative uncharacterized oxidoreductase MMAR_0231	Background_Genome	-0.0004	9.9558e-01	9.9558e-01	NO
MMAR_0418	mmp_418	Hypothetical protein / putative uncharacterized oxidoreductase MMAR_0418	Background_Genome	0.0006	9.9525e-01	9.9558e-01	NO
