gene_id	gene_symbol	description	category	log2FoldChange	pvalue	padj	significant
MMAR_2030	hspX	Alpha-crystallin small heat shock protein HspX / Acr	DosR_Stress	0.3301	1.0000e-15	2.6087e-14	NO
MMAR_1120	clpP1	ATP-dependent Clp protease proteolytic subunit 1	Simulator_Divergent	1.5688	1.0000e-15	2.6087e-14	YES
MMAR_1121	clpP2	ATP-dependent Clp protease proteolytic subunit 2	Simulator_Divergent	1.3225	1.0000e-15	2.6087e-14	YES
MMAR_3120	dnaK	Molecular chaperone DnaK (Hsp70 family)	Simulator_Divergent	1.6880	1.0000e-15	2.6087e-14	YES
MMAR_3121	grpE	Heat shock protein GrpE (DnaK nucleotide exchange)	Simulator_Divergent	1.6532	1.0000e-15	2.6087e-14	YES
MMAR_1340	recA	Recombinase RecA (DNA repair & shear stress)	Simulator_Divergent	1.6502	1.0000e-15	2.6087e-14	YES
MMAR_4420	cydA	Cytochrome bd ubiquinol oxidase subunit I	Simulator_Divergent	-1.6579	1.0000e-15	2.6087e-14	YES
MMAR_4421	cydB	Cytochrome bd ubiquinol oxidase subunit II	Simulator_Divergent	-1.7119	1.0000e-15	2.6087e-14	YES
MMAR_0820	icl1	Isocitrate lyase Icl1 (glyoxylate shunt)	Simulator_Divergent	-1.5140	1.0000e-15	2.6087e-14	YES
MMAR_0096	mmp_96	Hypothetical protein / putative uncharacterized oxidoreductase MMAR_0096	Background_Genome	0.2509	1.0000e-15	2.6087e-14	NO
MMAR_0125	mmp_125	Hypothetical protein / putative uncharacterized oxidoreductase MMAR_0125	Background_Genome	0.3345	1.0000e-15	2.6087e-14	NO
MMAR_0146	mmp_146	Hypothetical protein / putative uncharacterized oxidoreductase MMAR_0146	Background_Genome	-0.6700	1.0000e-15	2.6087e-14	NO
MMAR_0169	mmp_169	Hypothetical protein / putative uncharacterized oxidoreductase MMAR_0169	Background_Genome	-0.4893	1.0000e-15	2.6087e-14	NO
MMAR_0200	mmp_200	Hypothetical protein / putative uncharacterized oxidoreductase MMAR_0200	Background_Genome	0.4139	1.0000e-15	2.6087e-14	NO
MMAR_0281	mmp_281	Hypothetical protein / putative uncharacterized oxidoreductase MMAR_0281	Background_Genome	-0.7988	1.0000e-15	2.6087e-14	YES
MMAR_0351	mmp_351	Hypothetical protein / putative uncharacterized oxidoreductase MMAR_0351	Background_Genome	0.9304	1.0000e-15	2.6087e-14	YES
MMAR_0486	mmp_486	Hypothetical protein / putative uncharacterized oxidoreductase MMAR_0486	Background_Genome	0.4859	1.0000e-15	2.6087e-14	NO
MMAR_0503	mmp_503	Hypothetical protein / putative uncharacterized oxidoreductase MMAR_0503	Background_Genome	-0.6841	1.0000e-15	2.6087e-14	NO
MMAR_0508	mmp_508	Hypothetical protein / putative uncharacterized oxidoreductase MMAR_0508	Background_Genome	-0.3984	1.0000e-15	2.6087e-14	NO
MMAR_0517	mmp_517	Hypothetical protein / putative uncharacterized oxidoreductase MMAR_0517	Background_Genome	-0.3233	1.0000e-15	2.6087e-14	NO
MMAR_0540	mmp_540	Hypothetical protein / putative uncharacterized oxidoreductase MMAR_0540	Background_Genome	0.5817	1.0000e-15	2.6087e-14	NO
MMAR_0579	mmp_579	Hypothetical protein / putative uncharacterized oxidoreductase MMAR_0579	Background_Genome	-0.1781	1.0000e-15	2.6087e-14	NO
MMAR_0585	mmp_585	Hypothetical protein / putative uncharacterized oxidoreductase MMAR_0585	Background_Genome	0.5219	1.0000e-15	2.6087e-14	NO
MMAR_0594	mmp_594	Hypothetical protein / putative uncharacterized oxidoreductase MMAR_0594	Background_Genome	0.5033	1.0000e-15	2.6087e-14	NO
MMAR_0599	mmp_599	Hypothetical protein / putative uncharacterized oxidoreductase MMAR_0599	Background_Genome	-0.7053	1.0000e-15	2.6087e-14	NO
MMAR_0618	mmp_618	Hypothetical protein / putative uncharacterized oxidoreductase MMAR_0618	Background_Genome	0.7217	1.0000e-15	2.6087e-14	NO
MMAR_0646	mmp_646	Hypothetical protein / putative uncharacterized oxidoreductase MMAR_0646	Background_Genome	0.3571	1.0000e-15	2.6087e-14	NO
MMAR_0696	mmp_696	Hypothetical protein / putative uncharacterized oxidoreductase MMAR_0696	Background_Genome	-0.5310	1.0000e-15	2.6087e-14	NO
MMAR_0753	mmp_753	Hypothetical protein / putative uncharacterized oxidoreductase MMAR_0753	Background_Genome	-0.9002	1.0000e-15	2.6087e-14	YES
MMAR_0766	mmp_766	Hypothetical protein / putative uncharacterized oxidoreductase MMAR_0766	Background_Genome	-0.4148	1.0000e-15	2.6087e-14	NO
MMAR_0778	mmp_778	Hypothetical protein / putative uncharacterized oxidoreductase MMAR_0778	Background_Genome	0.5392	1.0000e-15	2.6087e-14	NO
MMAR_0830	mmp_830	Hypothetical protein / putative uncharacterized oxidoreductase MMAR_0830	Background_Genome	-0.4417	1.0000e-15	2.6087e-14	NO
MMAR_0874	mmp_874	Hypothetical protein / putative uncharacterized oxidoreductase MMAR_0874	Background_Genome	-0.7458	1.0000e-15	2.6087e-14	NO
MMAR_0916	mmp_916	Hypothetical protein / putative uncharacterized oxidoreductase MMAR_0916	Background_Genome	-0.4280	1.0000e-15	2.6087e-14	NO
MMAR_0917	mmp_917	Hypothetical protein / putative uncharacterized oxidoreductase MMAR_0917	Background_Genome	-0.7654	1.0000e-15	2.6087e-14	YES
MMAR_0942	mmp_942	Hypothetical protein / putative uncharacterized oxidoreductase MMAR_0942	Background_Genome	-0.4674	1.0000e-15	2.6087e-14	NO
MMAR_0948	mmp_948	Hypothetical protein / putative uncharacterized oxidoreductase MMAR_0948	Background_Genome	-0.8227	1.0000e-15	2.6087e-14	YES
MMAR_0972	mmp_972	Hypothetical protein / putative uncharacterized oxidoreductase MMAR_0972	Background_Genome	-0.6765	1.0000e-15	2.6087e-14	NO
MMAR_0991	mmp_991	Hypothetical protein / putative uncharacterized oxidoreductase MMAR_0991	Background_Genome	-0.5291	1.0000e-15	2.6087e-14	NO
MMAR_1015	mmp_1015	Hypothetical protein / putative uncharacterized oxidoreductase MMAR_1015	Background_Genome	-0.4011	1.0000e-15	2.6087e-14	NO
MMAR_1039	mmp_1039	Hypothetical protein / putative uncharacterized oxidoreductase MMAR_1039	Background_Genome	0.4664	1.0000e-15	2.6087e-14	NO
MMAR_1110	mmp_1110	Hypothetical protein / putative uncharacterized oxidoreductase MMAR_1110	Background_Genome	0.7263	1.0000e-15	2.6087e-14	NO
MMAR_1152	mmp_1152	Hypothetical protein / putative uncharacterized oxidoreductase MMAR_1152	Background_Genome	-0.5796	1.0000e-15	2.6087e-14	NO
MMAR_1166	mmp_1166	Hypothetical protein / putative uncharacterized oxidoreductase MMAR_1166	Background_Genome	-0.7070	1.0000e-15	2.6087e-14	NO
MMAR_1169	mmp_1169	Hypothetical protein / putative uncharacterized oxidoreductase MMAR_1169	Background_Genome	0.2945	1.0000e-15	2.6087e-14	NO
MMAR_1171	mmp_1171	Hypothetical protein / putative uncharacterized oxidoreductase MMAR_1171	Background_Genome	0.3498	1.0000e-15	2.6087e-14	NO
MMAR_0201	mmp_201	Hypothetical protein / putative uncharacterized oxidoreductase MMAR_0201	Background_Genome	0.5546	1.0390e-15	2.6527e-14	NO
MMAR_0255	mmp_255	Hypothetical protein / putative uncharacterized oxidoreductase MMAR_0255	Background_Genome	0.2975	1.4090e-15	3.5226e-14	NO
MMAR_0881	mmp_881	Hypothetical protein / putative uncharacterized oxidoreductase MMAR_0881	Background_Genome	0.5687	1.8087e-15	4.4294e-14	NO
MMAR_1185	mmp_1185	Hypothetical protein / putative uncharacterized oxidoreductase MMAR_1185	Background_Genome	0.4947	2.9938e-15	7.1851e-14	NO
MMAR_0195	mmp_195	Hypothetical protein / putative uncharacterized oxidoreductase MMAR_0195	Background_Genome	0.4400	3.3695e-15	7.9282e-14	NO
MMAR_0546	mmp_546	Hypothetical protein / putative uncharacterized oxidoreductase MMAR_0546	Background_Genome	0.4737	3.6594e-15	8.3622e-14	NO
MMAR_1077	mmp_1077	Hypothetical protein / putative uncharacterized oxidoreductase MMAR_1077	Background_Genome	0.7211	3.6933e-15	8.3622e-14	NO
MMAR_0352	mmp_352	Hypothetical protein / putative uncharacterized oxidoreductase MMAR_0352	Background_Genome	-0.5483	3.7760e-15	8.3912e-14	NO
MMAR_0435	mmp_435	Hypothetical protein / putative uncharacterized oxidoreductase MMAR_0435	Background_Genome	0.3836	6.7943e-15	1.4824e-13	NO
MMAR_1087	mmp_1087	Hypothetical protein / putative uncharacterized oxidoreductase MMAR_1087	Background_Genome	0.4939	1.0647e-14	2.2816e-13	NO
MMAR_0822	mmp_822	Hypothetical protein / putative uncharacterized oxidoreductase MMAR_0822	Background_Genome	-0.3749	1.0970e-14	2.3095e-13	NO
MMAR_0816	mmp_816	Hypothetical protein / putative uncharacterized oxidoreductase MMAR_0816	Background_Genome	-0.2958	1.2215e-14	2.5273e-13	NO
MMAR_0080	mmp_80	Hypothetical protein / putative uncharacterized oxidoreductase MMAR_0080	Background_Genome	0.4776	1.7423e-14	3.5437e-13	NO
MMAR_1032	mmp_1032	Hypothetical protein / putative uncharacterized oxidoreductase MMAR_1032	Background_Genome	-0.5158	2.1497e-14	4.2995e-13	NO
MMAR_0536	mmp_536	Hypothetical protein / putative uncharacterized oxidoreductase MMAR_0536	Background_Genome	0.3544	3.0836e-14	6.0660e-13	NO
MMAR_0891	mmp_891	Hypothetical protein / putative uncharacterized oxidoreductase MMAR_0891	Background_Genome	0.3687	5.3971e-14	1.0446e-12	NO
MMAR_0445	mmp_445	Hypothetical protein / putative uncharacterized oxidoreductase MMAR_0445	Background_Genome	0.4810	5.6613e-14	1.0784e-12	NO
MMAR_0187	mmp_187	Hypothetical protein / putative uncharacterized oxidoreductase MMAR_0187	Background_Genome	-0.5380	7.1796e-14	1.3462e-12	NO
MMAR_0179	mmp_179	Hypothetical protein / putative uncharacterized oxidoreductase MMAR_0179	Background_Genome	-0.4768	9.6308e-14	1.7780e-12	NO
MMAR_0821	mmp_821	Hypothetical protein / putative uncharacterized oxidoreductase MMAR_0821	Background_Genome	0.6816	1.1509e-13	2.0925e-12	NO
MMAR_0530	mmp_530	Hypothetical protein / putative uncharacterized oxidoreductase MMAR_0530	Background_Genome	-0.5455	1.7777e-13	3.1840e-12	NO
MMAR_1001	mmp_1001	Hypothetical protein / putative uncharacterized oxidoreductase MMAR_1001	Background_Genome	-0.3827	2.7981e-13	4.9378e-12	NO
MMAR_1129	mmp_1129	Hypothetical protein / putative uncharacterized oxidoreductase MMAR_1129	Background_Genome	0.4695	2.8704e-13	4.9921e-12	NO
MMAR_0493	mmp_493	Hypothetical protein / putative uncharacterized oxidoreductase MMAR_0493	Background_Genome	0.4616	3.0726e-13	5.2672e-12	NO
MMAR_0768	mmp_768	Hypothetical protein / putative uncharacterized oxidoreductase MMAR_0768	Background_Genome	0.3601	3.8352e-13	6.4820e-12	NO
MMAR_0653	mmp_653	Hypothetical protein / putative uncharacterized oxidoreductase MMAR_0653	Background_Genome	-0.2514	5.9888e-13	9.9814e-12	NO
MMAR_0487	mmp_487	Hypothetical protein / putative uncharacterized oxidoreductase MMAR_0487	Background_Genome	0.4196	6.0877e-13	1.0007e-11	NO
MMAR_0112	mmp_112	Hypothetical protein / putative uncharacterized oxidoreductase MMAR_0112	Background_Genome	-0.1234	9.2662e-13	1.5026e-11	NO
MMAR_0279	mmp_279	Hypothetical protein / putative uncharacterized oxidoreductase MMAR_0279	Background_Genome	0.4654	1.3977e-12	2.2364e-11	NO
MMAR_0994	mmp_994	Hypothetical protein / putative uncharacterized oxidoreductase MMAR_0994	Background_Genome	0.4153	1.6285e-12	2.5713e-11	NO
MMAR_0248	mmp_248	Hypothetical protein / putative uncharacterized oxidoreductase MMAR_0248	Background_Genome	-0.4561	1.7228e-12	2.6849e-11	NO
MMAR_0492	mmp_492	Hypothetical protein / putative uncharacterized oxidoreductase MMAR_0492	Background_Genome	0.4720	2.6284e-12	4.0437e-11	NO
MMAR_0984	mmp_984	Hypothetical protein / putative uncharacterized oxidoreductase MMAR_0984	Background_Genome	-0.4311	5.0875e-12	7.7278e-11	NO
MMAR_0237	mmp_237	Hypothetical protein / putative uncharacterized oxidoreductase MMAR_0237	Background_Genome	-0.5160	5.7847e-12	8.6770e-11	NO
MMAR_0743	mmp_743	Hypothetical protein / putative uncharacterized oxidoreductase MMAR_0743	Background_Genome	-0.3770	6.8415e-12	1.0136e-10	NO
MMAR_0361	mmp_361	Hypothetical protein / putative uncharacterized oxidoreductase MMAR_0361	Background_Genome	-0.5429	7.1228e-12	1.0424e-10	NO
MMAR_0436	mmp_436	Hypothetical protein / putative uncharacterized oxidoreductase MMAR_0436	Background_Genome	-0.5036	1.0630e-11	1.5369e-10	NO
MMAR_0906	mmp_906	Hypothetical protein / putative uncharacterized oxidoreductase MMAR_0906	Background_Genome	-0.7575	1.3924e-11	1.9891e-10	YES
MMAR_0678	mmp_678	Hypothetical protein / putative uncharacterized oxidoreductase MMAR_0678	Background_Genome	0.5949	1.4768e-11	2.0850e-10	NO
MMAR_0854	mmp_854	Hypothetical protein / putative uncharacterized oxidoreductase MMAR_0854	Background_Genome	-0.5276	1.7450e-11	2.4349e-10	NO
MMAR_0355	mmp_355	Hypothetical protein / putative uncharacterized oxidoreductase MMAR_0355	Background_Genome	-0.5747	1.9262e-11	2.6569e-10	NO
MMAR_0403	mmp_403	Hypothetical protein / putative uncharacterized oxidoreductase MMAR_0403	Background_Genome	0.6515	2.0324e-11	2.7404e-10	NO
MMAR_0888	mmp_888	Hypothetical protein / putative uncharacterized oxidoreductase MMAR_0888	Background_Genome	-0.5072	2.0320e-11	2.7404e-10	NO
MMAR_1000	mmp_1000	Hypothetical protein / putative uncharacterized oxidoreductase MMAR_1000	Background_Genome	0.6738	2.1185e-11	2.8247e-10	NO
MMAR_0471	mmp_471	Hypothetical protein / putative uncharacterized oxidoreductase MMAR_0471	Background_Genome	-0.3302	2.7110e-11	3.5750e-10	NO
MMAR_0815	mmp_815	Hypothetical protein / putative uncharacterized oxidoreductase MMAR_0815	Background_Genome	0.5736	2.8374e-11	3.7009e-10	NO
MMAR_0097	mmp_97	Hypothetical protein / putative uncharacterized oxidoreductase MMAR_0097	Background_Genome	0.5478	5.8661e-11	7.5691e-10	NO
MMAR_0547	mmp_547	Hypothetical protein / putative uncharacterized oxidoreductase MMAR_0547	Background_Genome	-0.2737	7.9104e-11	1.0098e-09	NO
MMAR_0194	mmp_194	Hypothetical protein / putative uncharacterized oxidoreductase MMAR_0194	Background_Genome	-0.4429	9.3047e-11	1.1753e-09	NO
MMAR_0294	mmp_294	Hypothetical protein / putative uncharacterized oxidoreductase MMAR_0294	Background_Genome	0.3172	9.5922e-11	1.1990e-09	NO
MMAR_0261	mmp_261	Hypothetical protein / putative uncharacterized oxidoreductase MMAR_0261	Background_Genome	-0.2865	9.8057e-11	1.2131e-09	NO
MMAR_0256	mmp_256	Hypothetical protein / putative uncharacterized oxidoreductase MMAR_0256	Background_Genome	-0.2526	2.4893e-10	3.0482e-09	NO
MMAR_0335	mmp_335	Hypothetical protein / putative uncharacterized oxidoreductase MMAR_0335	Background_Genome	0.7367	2.7832e-10	3.3736e-09	NO
MMAR_0285	mmp_285	Hypothetical protein / putative uncharacterized oxidoreductase MMAR_0285	Background_Genome	0.6722	3.0000e-10	3.6000e-09	NO
MMAR_0858	mmp_858	Hypothetical protein / putative uncharacterized oxidoreductase MMAR_0858	Background_Genome	-0.4947	3.8892e-10	4.6208e-09	NO
MMAR_0496	mmp_496	Hypothetical protein / putative uncharacterized oxidoreductase MMAR_0496	Background_Genome	0.5016	3.9815e-10	4.6841e-09	NO
MMAR_1011	mmp_1011	Hypothetical protein / putative uncharacterized oxidoreductase MMAR_1011	Background_Genome	0.3377	4.9091e-10	5.7193e-09	NO
MMAR_0393	mmp_393	Hypothetical protein / putative uncharacterized oxidoreductase MMAR_0393	Background_Genome	-0.3150	5.9340e-10	6.8470e-09	NO
MMAR_0411	mmp_411	Hypothetical protein / putative uncharacterized oxidoreductase MMAR_0411	Background_Genome	0.5910	6.2203e-10	7.1089e-09	NO
MMAR_0091	mmp_91	Hypothetical protein / putative uncharacterized oxidoreductase MMAR_0091	Background_Genome	-0.6454	6.5320e-10	7.3947e-09	NO
MMAR_0322	mmp_322	Hypothetical protein / putative uncharacterized oxidoreductase MMAR_0322	Background_Genome	0.5200	6.7329e-10	7.5509e-09	NO
MMAR_0136	mmp_136	Hypothetical protein / putative uncharacterized oxidoreductase MMAR_0136	Background_Genome	-0.5378	9.3839e-10	1.0427e-08	NO
MMAR_1153	mmp_1153	Hypothetical protein / putative uncharacterized oxidoreductase MMAR_1153	Background_Genome	0.1860	9.7361e-10	1.0719e-08	NO
MMAR_1159	mmp_1159	Hypothetical protein / putative uncharacterized oxidoreductase MMAR_1159	Background_Genome	-0.6812	1.1231e-09	1.2252e-08	NO
MMAR_0729	mmp_729	Hypothetical protein / putative uncharacterized oxidoreductase MMAR_0729	Background_Genome	0.3695	1.1614e-09	1.2556e-08	NO
MMAR_1050	mmp_1050	Hypothetical protein / putative uncharacterized oxidoreductase MMAR_1050	Background_Genome	-0.3784	1.2120e-09	1.2986e-08	NO
MMAR_0714	mmp_714	Hypothetical protein / putative uncharacterized oxidoreductase MMAR_0714	Background_Genome	-0.2585	1.2759e-09	1.3549e-08	NO
MMAR_0337	mmp_337	Hypothetical protein / putative uncharacterized oxidoreductase MMAR_0337	Background_Genome	-0.4653	1.3636e-09	1.4354e-08	NO
MMAR_0412	mmp_412	Hypothetical protein / putative uncharacterized oxidoreductase MMAR_0412	Background_Genome	0.4257	1.3795e-09	1.4394e-08	NO
MMAR_0386	mmp_386	Hypothetical protein / putative uncharacterized oxidoreductase MMAR_0386	Background_Genome	0.2138	1.7878e-09	1.8494e-08	NO
MMAR_1118	mmp_1118	Hypothetical protein / putative uncharacterized oxidoreductase MMAR_1118	Background_Genome	0.2948	1.8094e-09	1.8558e-08	NO
MMAR_0489	mmp_489	Hypothetical protein / putative uncharacterized oxidoreductase MMAR_0489	Background_Genome	0.5965	1.8368e-09	1.8679e-08	NO
MMAR_0170	mmp_170	Hypothetical protein / putative uncharacterized oxidoreductase MMAR_0170	Background_Genome	-0.5139	1.9997e-09	2.0165e-08	NO
MMAR_0347	mmp_347	Hypothetical protein / putative uncharacterized oxidoreductase MMAR_0347	Background_Genome	0.3938	2.0410e-09	2.0410e-08	NO
MMAR_0745	mmp_745	Hypothetical protein / putative uncharacterized oxidoreductase MMAR_0745	Background_Genome	-0.3165	2.4946e-09	2.4739e-08	NO
MMAR_1086	mmp_1086	Hypothetical protein / putative uncharacterized oxidoreductase MMAR_1086	Background_Genome	-0.3426	2.8290e-09	2.7826e-08	NO
MMAR_0440	mmp_440	Hypothetical protein / putative uncharacterized oxidoreductase MMAR_0440	Background_Genome	-0.6713	3.2607e-09	3.1812e-08	NO
MMAR_0316	mmp_316	Hypothetical protein / putative uncharacterized oxidoreductase MMAR_0316	Background_Genome	-0.2405	4.1966e-09	4.0612e-08	NO
MMAR_0695	mmp_695	Hypothetical protein / putative uncharacterized oxidoreductase MMAR_0695	Background_Genome	-0.2417	5.7650e-09	5.5344e-08	NO
MMAR_1076	mmp_1076	Hypothetical protein / putative uncharacterized oxidoreductase MMAR_1076	Background_Genome	-0.2970	6.0546e-09	5.7663e-08	NO
MMAR_1127	mmp_1127	Hypothetical protein / putative uncharacterized oxidoreductase MMAR_1127	Background_Genome	-0.5706	7.0827e-09	6.6923e-08	NO
MMAR_0457	mmp_457	Hypothetical protein / putative uncharacterized oxidoreductase MMAR_0457	Background_Genome	-0.4638	8.9065e-09	8.3499e-08	NO
MMAR_1059	mmp_1059	Hypothetical protein / putative uncharacterized oxidoreductase MMAR_1059	Background_Genome	-0.3819	1.0301e-08	9.5824e-08	NO
MMAR_1122	mmp_1122	Hypothetical protein / putative uncharacterized oxidoreductase MMAR_1122	Background_Genome	-0.3694	1.4123e-08	1.3037e-07	NO
MMAR_0898	mmp_898	Hypothetical protein / putative uncharacterized oxidoreductase MMAR_0898	Background_Genome	0.3144	1.4961e-08	1.3705e-07	NO
MMAR_0307	mmp_307	Hypothetical protein / putative uncharacterized oxidoreductase MMAR_0307	Background_Genome	0.6023	1.6382e-08	1.4893e-07	NO
MMAR_0633	mmp_633	Hypothetical protein / putative uncharacterized oxidoreductase MMAR_0633	Background_Genome	-0.1514	1.8685e-08	1.6859e-07	NO
MMAR_1192	mmp_1192	Hypothetical protein / putative uncharacterized oxidoreductase MMAR_1192	Background_Genome	-0.4498	2.0839e-08	1.8662e-07	NO
MMAR_4571	sigH	ECF RNA polymerase sigma factor SigH (oxidative stress)	DosR_Stress	0.2499	2.1811e-08	1.9387e-07	NO
MMAR_0716	mmp_716	Hypothetical protein / putative uncharacterized oxidoreductase MMAR_0716	Background_Genome	0.4341	2.2575e-08	1.9919e-07	NO
MMAR_0625	mmp_625	Hypothetical protein / putative uncharacterized oxidoreductase MMAR_0625	Background_Genome	0.4796	2.5157e-08	2.2036e-07	NO
MMAR_2314	mps2	Peptide synthetase Mps2 (GPL biosynthesis / biofilm)	Biofilm_GPL	0.4408	2.5684e-08	2.2334e-07	NO
MMAR_0921	mmp_921	Hypothetical protein / putative uncharacterized oxidoreductase MMAR_0921	Background_Genome	-0.3041	3.1472e-08	2.7170e-07	NO
MMAR_0293	mmp_293	Hypothetical protein / putative uncharacterized oxidoreductase MMAR_0293	Background_Genome	0.4311	3.8033e-08	3.2600e-07	NO
MMAR_0402	mmp_402	Hypothetical protein / putative uncharacterized oxidoreductase MMAR_0402	Background_Genome	0.3526	4.3832e-08	3.7304e-07	NO
MMAR_0228	mmp_228	Hypothetical protein / putative uncharacterized oxidoreductase MMAR_0228	Background_Genome	-0.6844	6.1093e-08	5.1628e-07	NO
MMAR_0093	mmp_93	Hypothetical protein / putative uncharacterized oxidoreductase MMAR_0093	Background_Genome	-0.3927	6.5990e-08	5.5376e-07	NO
MMAR_0225	mmp_225	Hypothetical protein / putative uncharacterized oxidoreductase MMAR_0225	Background_Genome	0.4489	6.8258e-08	5.6882e-07	NO
MMAR_1065	mmp_1065	Hypothetical protein / putative uncharacterized oxidoreductase MMAR_1065	Background_Genome	-0.3823	7.1571e-08	5.9231e-07	NO
MMAR_0476	mmp_476	Hypothetical protein / putative uncharacterized oxidoreductase MMAR_0476	Background_Genome	0.3243	7.5862e-08	6.2352e-07	NO
MMAR_0669	mmp_669	Hypothetical protein / putative uncharacterized oxidoreductase MMAR_0669	Background_Genome	-0.3099	8.6170e-08	7.0343e-07	NO
MMAR_0985	mmp_985	Hypothetical protein / putative uncharacterized oxidoreductase MMAR_0985	Background_Genome	-0.7856	8.8966e-08	7.2135e-07	YES
MMAR_5284	groEL1	Chaperonin GroEL1 (biofilm maturation & mycolic acid association)	Biofilm_GPL	0.2727	9.4494e-08	7.6102e-07	NO
MMAR_0409	mmp_409	Hypothetical protein / putative uncharacterized oxidoreductase MMAR_0409	Background_Genome	-0.3566	1.2320e-07	9.8562e-07	NO
MMAR_0079	mmp_79	Hypothetical protein / putative uncharacterized oxidoreductase MMAR_0079	Background_Genome	0.2987	1.2452e-07	9.8958e-07	NO
MMAR_1182	mmp_1182	Hypothetical protein / putative uncharacterized oxidoreductase MMAR_1182	Background_Genome	-0.2892	1.3263e-07	1.0471e-06	NO
MMAR_1112	mmp_1112	Hypothetical protein / putative uncharacterized oxidoreductase MMAR_1112	Background_Genome	-0.2893	1.3819e-07	1.0838e-06	NO
MMAR_0245	mmp_245	Hypothetical protein / putative uncharacterized oxidoreductase MMAR_0245	Background_Genome	0.3340	1.4840e-07	1.1563e-06	NO
MMAR_0218	mmp_218	Hypothetical protein / putative uncharacterized oxidoreductase MMAR_0218	Background_Genome	-0.4880	2.5313e-07	1.9597e-06	NO
MMAR_0222	mmp_222	Hypothetical protein / putative uncharacterized oxidoreductase MMAR_0222	Background_Genome	0.4640	2.6730e-07	2.0562e-06	NO
MMAR_0995	mmp_995	Hypothetical protein / putative uncharacterized oxidoreductase MMAR_0995	Background_Genome	0.3348	2.8441e-07	2.1739e-06	NO
MMAR_1158	mmp_1158	Hypothetical protein / putative uncharacterized oxidoreductase MMAR_1158	Background_Genome	-0.3837	3.4814e-07	2.6441e-06	NO
MMAR_0656	mmp_656	Hypothetical protein / putative uncharacterized oxidoreductase MMAR_0656	Background_Genome	-0.3919	3.8384e-07	2.8969e-06	NO
MMAR_0413	mmp_413	Hypothetical protein / putative uncharacterized oxidoreductase MMAR_0413	Background_Genome	0.4577	4.2794e-07	3.2096e-06	NO
MMAR_0763	mmp_763	Hypothetical protein / putative uncharacterized oxidoreductase MMAR_0763	Background_Genome	0.2836	4.8339e-07	3.6029e-06	NO
MMAR_0663	mmp_663	Hypothetical protein / putative uncharacterized oxidoreductase MMAR_0663	Background_Genome	0.3805	4.9824e-07	3.6906e-06	NO
MMAR_0110	mmp_110	Hypothetical protein / putative uncharacterized oxidoreductase MMAR_0110	Background_Genome	-0.3056	6.7388e-07	4.9308e-06	NO
MMAR_0205	mmp_205	Hypothetical protein / putative uncharacterized oxidoreductase MMAR_0205	Background_Genome	0.2220	6.7373e-07	4.9308e-06	NO
MMAR_0635	mmp_635	Hypothetical protein / putative uncharacterized oxidoreductase MMAR_0635	Background_Genome	0.3316	7.1926e-07	5.2310e-06	NO
MMAR_0992	mmp_992	Hypothetical protein / putative uncharacterized oxidoreductase MMAR_0992	Background_Genome	0.2761	7.6498e-07	5.5300e-06	NO
MMAR_0996	mmp_996	Hypothetical protein / putative uncharacterized oxidoreductase MMAR_0996	Background_Genome	-0.4862	7.9157e-07	5.6880e-06	NO
MMAR_1117	mmp_1117	Hypothetical protein / putative uncharacterized oxidoreductase MMAR_1117	Background_Genome	0.6742	8.8541e-07	6.3244e-06	NO
MMAR_0750	mmp_750	Hypothetical protein / putative uncharacterized oxidoreductase MMAR_0750	Background_Genome	-0.4069	9.2803e-07	6.5896e-06	NO
MMAR_0410	mmp_410	Hypothetical protein / putative uncharacterized oxidoreductase MMAR_0410	Background_Genome	0.5224	9.5706e-07	6.7557e-06	NO
MMAR_0362	mmp_362	Hypothetical protein / putative uncharacterized oxidoreductase MMAR_0362	Background_Genome	-0.3430	1.0046e-06	7.0498e-06	NO
MMAR_1138	mmp_1138	Hypothetical protein / putative uncharacterized oxidoreductase MMAR_1138	Background_Genome	0.5434	1.0461e-06	7.2983e-06	NO
MMAR_0198	mmp_198	Hypothetical protein / putative uncharacterized oxidoreductase MMAR_0198	Background_Genome	0.2806	1.0934e-06	7.5844e-06	NO
MMAR_0466	mmp_466	Hypothetical protein / putative uncharacterized oxidoreductase MMAR_0466	Background_Genome	0.4786	1.1133e-06	7.6778e-06	NO
MMAR_0349	mmp_349	Hypothetical protein / putative uncharacterized oxidoreductase MMAR_0349	Background_Genome	0.3552	1.2254e-06	8.4025e-06	NO
MMAR_0860	mmp_860	Hypothetical protein / putative uncharacterized oxidoreductase MMAR_0860	Background_Genome	0.3049	1.2403e-06	8.4565e-06	NO
MMAR_0930	mmp_930	Hypothetical protein / putative uncharacterized oxidoreductase MMAR_0930	Background_Genome	0.4122	1.3540e-06	9.1797e-06	NO
MMAR_0574	mmp_574	Hypothetical protein / putative uncharacterized oxidoreductase MMAR_0574	Background_Genome	-0.3533	1.4518e-06	9.7874e-06	NO
MMAR_0526	mmp_526	Hypothetical protein / putative uncharacterized oxidoreductase MMAR_0526	Background_Genome	0.4075	1.6008e-06	1.0732e-05	NO
MMAR_0392	mmp_392	Hypothetical protein / putative uncharacterized oxidoreductase MMAR_0392	Background_Genome	0.3850	1.8738e-06	1.2492e-05	NO
MMAR_0697	mmp_697	Hypothetical protein / putative uncharacterized oxidoreductase MMAR_0697	Background_Genome	-0.4339	2.1462e-06	1.4229e-05	NO
MMAR_0863	mmp_863	Hypothetical protein / putative uncharacterized oxidoreductase MMAR_0863	Background_Genome	-0.3795	2.3697e-06	1.5625e-05	NO
MMAR_5207	fbpA	Antigen 85A mycolyltransferase FbpA (cord factor synthesis)	Cell_Wall_Lipids	-0.2039	2.5151e-06	1.6492e-05	NO
MMAR_0677	mmp_677	Hypothetical protein / putative uncharacterized oxidoreductase MMAR_0677	Background_Genome	0.3211	2.7789e-06	1.8123e-05	NO
MMAR_0334	mmp_334	Hypothetical protein / putative uncharacterized oxidoreductase MMAR_0334	Background_Genome	0.3039	2.8297e-06	1.8355e-05	NO
MMAR_0675	mmp_675	Hypothetical protein / putative uncharacterized oxidoreductase MMAR_0675	Background_Genome	0.3601	2.9413e-06	1.8976e-05	NO
MMAR_0566	mmp_566	Hypothetical protein / putative uncharacterized oxidoreductase MMAR_0566	Background_Genome	0.2595	3.9090e-06	2.4993e-05	NO
MMAR_1198	mmp_1198	Hypothetical protein / putative uncharacterized oxidoreductase MMAR_1198	Background_Genome	0.4046	3.9155e-06	2.4993e-05	NO
MMAR_1061	mmp_1061	Hypothetical protein / putative uncharacterized oxidoreductase MMAR_1061	Background_Genome	-0.4661	4.4136e-06	2.8023e-05	NO
MMAR_0701	mmp_701	Hypothetical protein / putative uncharacterized oxidoreductase MMAR_0701	Background_Genome	-0.3535	4.4582e-06	2.8157e-05	NO
MMAR_4531	dosR	DevR/DosR two-component transcriptional response regulator	DosR_Stress	0.2494	4.9673e-06	3.1196e-05	NO
MMAR_0298	mmp_298	Hypothetical protein / putative uncharacterized oxidoreductase MMAR_0298	Background_Genome	-0.3561	4.9913e-06	3.1196e-05	NO
MMAR_0880	mmp_880	Hypothetical protein / putative uncharacterized oxidoreductase MMAR_0880	Background_Genome	-0.3914	5.0278e-06	3.1261e-05	NO
MMAR_0461	mmp_461	Hypothetical protein / putative uncharacterized oxidoreductase MMAR_0461	Background_Genome	0.3815	5.1929e-06	3.2121e-05	NO
MMAR_1147	mmp_1147	Hypothetical protein / putative uncharacterized oxidoreductase MMAR_1147	Background_Genome	0.3829	5.2390e-06	3.2240e-05	NO
MMAR_1017	mmp_1017	Hypothetical protein / putative uncharacterized oxidoreductase MMAR_1017	Background_Genome	-0.2002	6.0251e-06	3.6889e-05	NO
MMAR_0251	mmp_251	Hypothetical protein / putative uncharacterized oxidoreductase MMAR_0251	Background_Genome	0.3688	6.1322e-06	3.7353e-05	NO
MMAR_0122	mmp_122	Hypothetical protein / putative uncharacterized oxidoreductase MMAR_0122	Background_Genome	0.3151	6.3876e-06	3.8713e-05	NO
MMAR_1036	mmp_1036	Hypothetical protein / putative uncharacterized oxidoreductase MMAR_1036	Background_Genome	0.6802	6.8651e-06	4.1398e-05	NO
MMAR_0758	mmp_758	Hypothetical protein / putative uncharacterized oxidoreductase MMAR_0758	Background_Genome	0.3128	7.4285e-06	4.4571e-05	NO
MMAR_1188	mmp_1188	Hypothetical protein / putative uncharacterized oxidoreductase MMAR_1188	Background_Genome	-0.3323	8.0974e-06	4.8343e-05	NO
MMAR_0712	mmp_712	Hypothetical protein / putative uncharacterized oxidoreductase MMAR_0712	Background_Genome	-0.3298	8.9277e-06	5.3036e-05	NO
MMAR_0606	mmp_606	Hypothetical protein / putative uncharacterized oxidoreductase MMAR_0606	Background_Genome	-0.2180	9.0752e-06	5.3383e-05	NO
MMAR_1099	mmp_1099	Hypothetical protein / putative uncharacterized oxidoreductase MMAR_1099	Background_Genome	-0.4124	9.0688e-06	5.3383e-05	NO
MMAR_0744	mmp_744	Hypothetical protein / putative uncharacterized oxidoreductase MMAR_0744	Background_Genome	0.2977	1.0166e-05	5.9511e-05	NO
MMAR_0437	mmp_437	Hypothetical protein / putative uncharacterized oxidoreductase MMAR_0437	Background_Genome	-0.5124	1.0514e-05	6.1246e-05	NO
MMAR_0444	mmp_444	Hypothetical protein / putative uncharacterized oxidoreductase MMAR_0444	Background_Genome	-0.1584	1.0987e-05	6.3695e-05	NO
MMAR_1157	mmp_1157	Hypothetical protein / putative uncharacterized oxidoreductase MMAR_1157	Background_Genome	-0.3759	1.1043e-05	6.3710e-05	NO
MMAR_0525	mmp_525	Hypothetical protein / putative uncharacterized oxidoreductase MMAR_0525	Background_Genome	0.4162	1.1742e-05	6.7418e-05	NO
MMAR_1094	mmp_1094	Hypothetical protein / putative uncharacterized oxidoreductase MMAR_1094	Background_Genome	-0.4927	1.2259e-05	7.0053e-05	NO
MMAR_1120	mmp_1120	Hypothetical protein / putative uncharacterized oxidoreductase MMAR_1120	Background_Genome	-0.3508	1.2471e-05	7.0923e-05	NO
MMAR_0479	mmp_479	Hypothetical protein / putative uncharacterized oxidoreductase MMAR_0479	Background_Genome	0.3420	1.2589e-05	7.1259e-05	NO
MMAR_0681	mmp_681	Hypothetical protein / putative uncharacterized oxidoreductase MMAR_0681	Background_Genome	0.2579	1.3300e-05	7.4932e-05	NO
MMAR_0286	mmp_286	Hypothetical protein / putative uncharacterized oxidoreductase MMAR_0286	Background_Genome	0.3243	1.3859e-05	7.7713e-05	NO
MMAR_0797	mmp_797	Hypothetical protein / putative uncharacterized oxidoreductase MMAR_0797	Background_Genome	-0.3406	1.4178e-05	7.9133e-05	NO
MMAR_0388	mmp_388	Hypothetical protein / putative uncharacterized oxidoreductase MMAR_0388	Background_Genome	0.2250	1.4308e-05	7.9490e-05	NO
MMAR_0557	mmp_557	Hypothetical protein / putative uncharacterized oxidoreductase MMAR_0557	Background_Genome	0.5301	1.5318e-05	8.4706e-05	NO
MMAR_0161	mmp_161	Hypothetical protein / putative uncharacterized oxidoreductase MMAR_0161	Background_Genome	-0.7040	1.6904e-05	9.3051e-05	NO
MMAR_0376	mmp_376	Hypothetical protein / putative uncharacterized oxidoreductase MMAR_0376	Background_Genome	-0.2815	1.7023e-05	9.3276e-05	NO
MMAR_0987	mmp_987	Hypothetical protein / putative uncharacterized oxidoreductase MMAR_0987	Background_Genome	0.3971	1.7356e-05	9.4238e-05	NO
MMAR_1137	mmp_1137	Hypothetical protein / putative uncharacterized oxidoreductase MMAR_1137	Background_Genome	0.4292	1.7299e-05	9.4238e-05	NO
MMAR_1104	mmp_1104	Hypothetical protein / putative uncharacterized oxidoreductase MMAR_1104	Background_Genome	-0.5209	1.9032e-05	1.0288e-04	NO
MMAR_0616	mmp_616	Hypothetical protein / putative uncharacterized oxidoreductase MMAR_0616	Background_Genome	-0.4371	2.0149e-05	1.0842e-04	NO
MMAR_0474	mmp_474	Hypothetical protein / putative uncharacterized oxidoreductase MMAR_0474	Background_Genome	0.4467	2.1395e-05	1.1462e-04	NO
MMAR_1072	mmp_1072	Hypothetical protein / putative uncharacterized oxidoreductase MMAR_1072	Background_Genome	0.2269	2.1802e-05	1.1628e-04	NO
MMAR_0624	mmp_624	Hypothetical protein / putative uncharacterized oxidoreductase MMAR_0624	Background_Genome	0.2267	2.2752e-05	1.2081e-04	NO
MMAR_0463	mmp_463	Hypothetical protein / putative uncharacterized oxidoreductase MMAR_0463	Background_Genome	-0.3810	2.4573e-05	1.2990e-04	NO
MMAR_0133	mmp_133	Hypothetical protein / putative uncharacterized oxidoreductase MMAR_0133	Background_Genome	-0.3273	2.5681e-05	1.3516e-04	NO
MMAR_0216	mmp_216	Hypothetical protein / putative uncharacterized oxidoreductase MMAR_0216	Background_Genome	0.4058	2.7016e-05	1.4157e-04	NO
MMAR_1040	mmp_1040	Hypothetical protein / putative uncharacterized oxidoreductase MMAR_1040	Background_Genome	-0.3066	2.7837e-05	1.4524e-04	NO
MMAR_4532	dosS	DosS histidine kinase sensor (redox / oxygen unweighting)	DosR_Stress	0.2883	2.8959e-05	1.5044e-04	NO
MMAR_0367	mmp_367	Hypothetical protein / putative uncharacterized oxidoreductase MMAR_0367	Background_Genome	0.2528	3.4131e-05	1.7654e-04	NO
MMAR_0224	mmp_224	Hypothetical protein / putative uncharacterized oxidoreductase MMAR_0224	Background_Genome	-0.3803	3.4765e-05	1.7905e-04	NO
MMAR_0507	mmp_507	Hypothetical protein / putative uncharacterized oxidoreductase MMAR_0507	Background_Genome	0.1395	3.7771e-05	1.9370e-04	NO
MMAR_0626	mmp_626	Hypothetical protein / putative uncharacterized oxidoreductase MMAR_0626	Background_Genome	0.3710	3.9432e-05	2.0136e-04	NO
MMAR_0233	mmp_233	Hypothetical protein / putative uncharacterized oxidoreductase MMAR_0233	Background_Genome	-0.6972	4.1437e-05	2.1070e-04	NO
MMAR_0229	mmp_229	Hypothetical protein / putative uncharacterized oxidoreductase MMAR_0229	Background_Genome	0.3614	4.3668e-05	2.2110e-04	NO
MMAR_0747	mmp_747	Hypothetical protein / putative uncharacterized oxidoreductase MMAR_0747	Background_Genome	0.2866	4.6412e-05	2.3401e-04	NO
MMAR_0785	mmp_785	Hypothetical protein / putative uncharacterized oxidoreductase MMAR_0785	Background_Genome	-0.3039	4.6614e-05	2.3405e-04	NO
MMAR_0100	mmp_100	Hypothetical protein / putative uncharacterized oxidoreductase MMAR_0100	Background_Genome	-0.4708	4.7081e-05	2.3452e-04	NO
MMAR_0671	mmp_671	Hypothetical protein / putative uncharacterized oxidoreductase MMAR_0671	Background_Genome	0.1480	4.7100e-05	2.3452e-04	NO
MMAR_0979	mmp_979	Hypothetical protein / putative uncharacterized oxidoreductase MMAR_0979	Background_Genome	0.4131	4.9355e-05	2.4473e-04	NO
MMAR_1200	mmp_1200	Hypothetical protein / putative uncharacterized oxidoreductase MMAR_1200	Background_Genome	-0.5341	5.1583e-05	2.5473e-04	NO
MMAR_0553	mmp_553	Hypothetical protein / putative uncharacterized oxidoreductase MMAR_0553	Background_Genome	-0.6052	6.4911e-05	3.1923e-04	NO
MMAR_1762	fadD28	Fatty acyl-AMP ligase (PDMS surface attachment)	Biofilm_GPL	0.3950	6.8640e-05	3.3483e-04	NO
MMAR_0752	mmp_752	Hypothetical protein / putative uncharacterized oxidoreductase MMAR_0752	Background_Genome	-0.2325	6.8587e-05	3.3483e-04	NO
MMAR_0535	mmp_535	Hypothetical protein / putative uncharacterized oxidoreductase MMAR_0535	Background_Genome	0.2491	7.0195e-05	3.4103e-04	NO
MMAR_0310	mmp_310	Hypothetical protein / putative uncharacterized oxidoreductase MMAR_0310	Background_Genome	-0.2899	7.0584e-05	3.4153e-04	NO
MMAR_0551	mmp_551	Hypothetical protein / putative uncharacterized oxidoreductase MMAR_0551	Background_Genome	0.4366	7.2331e-05	3.4858e-04	NO
MMAR_0143	mmp_143	Hypothetical protein / putative uncharacterized oxidoreductase MMAR_0143	Background_Genome	-0.3108	7.3937e-05	3.5490e-04	NO
MMAR_0387	mmp_387	Hypothetical protein / putative uncharacterized oxidoreductase MMAR_0387	Background_Genome	0.1783	7.7555e-05	3.7078e-04	NO
MMAR_1765	drrB	ABC transporter transmembrane permease DrrB	Biofilm_GPL	0.2754	8.3321e-05	3.9677e-04	NO
MMAR_0879	mmp_879	Hypothetical protein / putative uncharacterized oxidoreductase MMAR_0879	Background_Genome	-0.3981	8.5176e-05	4.0399e-04	NO
MMAR_0521	mmp_521	Hypothetical protein / putative uncharacterized oxidoreductase MMAR_0521	Background_Genome	-0.3992	8.6176e-05	4.0713e-04	NO
MMAR_2313	mps1	Peptide synthetase Mps1 (GPL biosynthesis / biofilm)	Biofilm_GPL	0.4797	8.9920e-05	4.2315e-04	NO
MMAR_0545	mmp_545	Hypothetical protein / putative uncharacterized oxidoreductase MMAR_0545	Background_Genome	0.4045	9.4432e-05	4.4093e-04	NO
MMAR_0672	mmp_672	Hypothetical protein / putative uncharacterized oxidoreductase MMAR_0672	Background_Genome	0.5635	9.4162e-05	4.4093e-04	NO
MMAR_0114	mmp_114	Hypothetical protein / putative uncharacterized oxidoreductase MMAR_0114	Background_Genome	0.1925	9.9706e-05	4.6375e-04	NO
MMAR_0465	mmp_465	Hypothetical protein / putative uncharacterized oxidoreductase MMAR_0465	Background_Genome	-0.2485	1.0110e-04	4.6842e-04	NO
MMAR_1190	mmp_1190	Hypothetical protein / putative uncharacterized oxidoreductase MMAR_1190	Background_Genome	-0.2946	1.0322e-04	4.7639e-04	NO
MMAR_0812	mmp_812	Hypothetical protein / putative uncharacterized oxidoreductase MMAR_0812	Background_Genome	0.2573	1.0369e-04	4.7672e-04	NO
MMAR_0814	mmp_814	Hypothetical protein / putative uncharacterized oxidoreductase MMAR_0814	Background_Genome	-0.4240	1.0741e-04	4.9194e-04	NO
MMAR_0970	mmp_970	Hypothetical protein / putative uncharacterized oxidoreductase MMAR_0970	Background_Genome	-0.4263	1.1124e-04	5.0758e-04	NO
MMAR_1096	mmp_1096	Hypothetical protein / putative uncharacterized oxidoreductase MMAR_1096	Background_Genome	-0.2861	1.1827e-04	5.3761e-04	NO
MMAR_0688	mmp_688	Hypothetical protein / putative uncharacterized oxidoreductase MMAR_0688	Background_Genome	-0.2450	1.2388e-04	5.6096e-04	NO
MMAR_0253	mmp_253	Hypothetical protein / putative uncharacterized oxidoreductase MMAR_0253	Background_Genome	0.3559	1.2577e-04	5.6738e-04	NO
MMAR_0813	mmp_813	Hypothetical protein / putative uncharacterized oxidoreductase MMAR_0813	Background_Genome	-0.2499	1.2691e-04	5.7038e-04	NO
MMAR_0725	mmp_725	Hypothetical protein / putative uncharacterized oxidoreductase MMAR_0725	Background_Genome	0.4562	1.2759e-04	5.7131e-04	NO
MMAR_0083	mmp_83	Hypothetical protein / putative uncharacterized oxidoreductase MMAR_0083	Background_Genome	0.3420	1.3250e-04	5.9107e-04	NO
MMAR_0807	mmp_807	Hypothetical protein / putative uncharacterized oxidoreductase MMAR_0807	Background_Genome	-0.3928	1.3920e-04	6.1865e-04	NO
MMAR_0602	mmp_602	Hypothetical protein / putative uncharacterized oxidoreductase MMAR_0602	Background_Genome	0.3331	1.4080e-04	6.2349e-04	NO
MMAR_0704	mmp_704	Hypothetical protein / putative uncharacterized oxidoreductase MMAR_0704	Background_Genome	0.4352	1.4293e-04	6.2830e-04	NO
MMAR_1080	mmp_1080	Hypothetical protein / putative uncharacterized oxidoreductase MMAR_1080	Background_Genome	-0.2459	1.4294e-04	6.2830e-04	NO
MMAR_5434	espA	ESX-1 substrate EspA (virulence factor)	ESX_Secretion	-0.3575	1.4517e-04	6.3577e-04	NO
MMAR_0504	mmp_504	Hypothetical protein / putative uncharacterized oxidoreductase MMAR_0504	Background_Genome	-0.1807	1.5416e-04	6.7271e-04	NO
MMAR_0638	mmp_638	Hypothetical protein / putative uncharacterized oxidoreductase MMAR_0638	Background_Genome	0.3211	1.6086e-04	6.9940e-04	NO
MMAR_1181	mmp_1181	Hypothetical protein / putative uncharacterized oxidoreductase MMAR_1181	Background_Genome	-0.3099	1.7143e-04	7.4266e-04	NO
MMAR_0360	mmp_360	Hypothetical protein / putative uncharacterized oxidoreductase MMAR_0360	Background_Genome	0.2106	1.7282e-04	7.4561e-04	NO
MMAR_1156	mmp_1156	Hypothetical protein / putative uncharacterized oxidoreductase MMAR_1156	Background_Genome	-0.3351	1.7336e-04	7.4561e-04	NO
MMAR_0268	mmp_268	Hypothetical protein / putative uncharacterized oxidoreductase MMAR_0268	Background_Genome	-0.1906	1.7847e-04	7.6485e-04	NO
MMAR_1056	mmp_1056	Hypothetical protein / putative uncharacterized oxidoreductase MMAR_1056	Background_Genome	0.2128	1.8203e-04	7.7734e-04	NO
MMAR_0157	mmp_157	Hypothetical protein / putative uncharacterized oxidoreductase MMAR_0157	Background_Genome	-0.1768	1.8534e-04	7.8869e-04	NO
MMAR_0911	mmp_911	Hypothetical protein / putative uncharacterized oxidoreductase MMAR_0911	Background_Genome	-0.3607	1.9003e-04	8.0579e-04	NO
MMAR_0798	mmp_798	Hypothetical protein / putative uncharacterized oxidoreductase MMAR_0798	Background_Genome	0.3141	1.9304e-04	8.1282e-04	NO
MMAR_0927	mmp_927	Hypothetical protein / putative uncharacterized oxidoreductase MMAR_0927	Background_Genome	0.4097	1.9300e-04	8.1282e-04	NO
MMAR_1052	mmp_1052	Hypothetical protein / putative uncharacterized oxidoreductase MMAR_1052	Background_Genome	0.2873	1.9760e-04	8.2678e-04	NO
MMAR_1170	mmp_1170	Hypothetical protein / putative uncharacterized oxidoreductase MMAR_1170	Background_Genome	-0.3037	1.9774e-04	8.2678e-04	NO
MMAR_0734	mmp_734	Hypothetical protein / putative uncharacterized oxidoreductase MMAR_0734	Background_Genome	0.1281	2.1029e-04	8.7620e-04	NO
MMAR_0397	mmp_397	Hypothetical protein / putative uncharacterized oxidoreductase MMAR_0397	Background_Genome	0.4633	2.1432e-04	8.8992e-04	NO
MMAR_0915	mmp_915	Hypothetical protein / putative uncharacterized oxidoreductase MMAR_0915	Background_Genome	0.3424	2.1760e-04	9.0043e-04	NO
MMAR_0099	mmp_99	Hypothetical protein / putative uncharacterized oxidoreductase MMAR_0099	Background_Genome	-0.2412	2.3857e-04	9.8379e-04	NO
MMAR_0660	mmp_660	Hypothetical protein / putative uncharacterized oxidoreductase MMAR_0660	Background_Genome	0.2703	2.4596e-04	1.0108e-03	NO
MMAR_0654	mmp_654	Hypothetical protein / putative uncharacterized oxidoreductase MMAR_0654	Background_Genome	0.2637	2.4901e-04	1.0198e-03	NO
MMAR_0247	mmp_247	Hypothetical protein / putative uncharacterized oxidoreductase MMAR_0247	Background_Genome	-0.2854	2.5529e-04	1.0384e-03	NO
MMAR_0564	mmp_564	Hypothetical protein / putative uncharacterized oxidoreductase MMAR_0564	Background_Genome	0.2487	2.5468e-04	1.0384e-03	NO
MMAR_1028	mmp_1028	Hypothetical protein / putative uncharacterized oxidoreductase MMAR_1028	Background_Genome	0.4340	2.6044e-04	1.0558e-03	NO
MMAR_0472	mmp_472	Hypothetical protein / putative uncharacterized oxidoreductase MMAR_0472	Background_Genome	0.3041	2.7252e-04	1.1011e-03	NO
MMAR_0889	mmp_889	Hypothetical protein / putative uncharacterized oxidoreductase MMAR_0889	Background_Genome	-0.2533	2.8079e-04	1.1307e-03	NO
MMAR_1074	mmp_1074	Hypothetical protein / putative uncharacterized oxidoreductase MMAR_1074	Background_Genome	-0.2191	2.8330e-04	1.1370e-03	NO
MMAR_0919	mmp_919	Hypothetical protein / putative uncharacterized oxidoreductase MMAR_0919	Background_Genome	-0.4590	3.0283e-04	1.2113e-03	NO
MMAR_0623	mmp_623	Hypothetical protein / putative uncharacterized oxidoreductase MMAR_0623	Background_Genome	-0.3213	3.0438e-04	1.2135e-03	NO
MMAR_0936	mmp_936	Hypothetical protein / putative uncharacterized oxidoreductase MMAR_0936	Background_Genome	-0.2248	3.0842e-04	1.2255e-03	NO
MMAR_1113	mmp_1113	Hypothetical protein / putative uncharacterized oxidoreductase MMAR_1113	Background_Genome	-0.4121	3.1103e-04	1.2318e-03	NO
MMAR_0703	mmp_703	Hypothetical protein / putative uncharacterized oxidoreductase MMAR_0703	Background_Genome	-0.2854	3.1566e-04	1.2460e-03	NO
MMAR_0226	mmp_226	Hypothetical protein / putative uncharacterized oxidoreductase MMAR_0226	Background_Genome	0.4467	3.1731e-04	1.2484e-03	NO
MMAR_0485	mmp_485	Hypothetical protein / putative uncharacterized oxidoreductase MMAR_0485	Background_Genome	-0.2141	3.1886e-04	1.2504e-03	NO
MMAR_0694	mmp_694	Hypothetical protein / putative uncharacterized oxidoreductase MMAR_0694	Background_Genome	-0.3569	3.3898e-04	1.3250e-03	NO
MMAR_0715	mmp_715	Hypothetical protein / putative uncharacterized oxidoreductase MMAR_0715	Background_Genome	0.3623	3.4934e-04	1.3567e-03	NO
MMAR_0804	mmp_804	Hypothetical protein / putative uncharacterized oxidoreductase MMAR_0804	Background_Genome	0.2867	3.4931e-04	1.3567e-03	NO
MMAR_0270	mmp_270	Hypothetical protein / putative uncharacterized oxidoreductase MMAR_0270	Background_Genome	0.3400	3.5634e-04	1.3794e-03	NO
MMAR_0632	mmp_632	Hypothetical protein / putative uncharacterized oxidoreductase MMAR_0632	Background_Genome	0.2407	3.6396e-04	1.4043e-03	NO
MMAR_0147	mmp_147	Hypothetical protein / putative uncharacterized oxidoreductase MMAR_0147	Background_Genome	0.1766	3.7224e-04	1.4300e-03	NO
MMAR_1109	mmp_1109	Hypothetical protein / putative uncharacterized oxidoreductase MMAR_1109	Background_Genome	0.1304	3.7298e-04	1.4300e-03	NO
MMAR_0587	mmp_587	Hypothetical protein / putative uncharacterized oxidoreductase MMAR_0587	Background_Genome	0.3175	3.7508e-04	1.4334e-03	NO
MMAR_0730	mmp_730	Hypothetical protein / putative uncharacterized oxidoreductase MMAR_0730	Background_Genome	0.2713	3.9837e-04	1.5176e-03	NO
MMAR_0456	mmp_456	Hypothetical protein / putative uncharacterized oxidoreductase MMAR_0456	Background_Genome	0.2774	4.0382e-04	1.5335e-03	NO
MMAR_0976	mmp_976	Hypothetical protein / putative uncharacterized oxidoreductase MMAR_0976	Background_Genome	0.5662	4.0573e-04	1.5359e-03	NO
MMAR_0449	mmp_449	Hypothetical protein / putative uncharacterized oxidoreductase MMAR_0449	Background_Genome	-0.2677	4.1733e-04	1.5748e-03	NO
MMAR_0148	mmp_148	Hypothetical protein / putative uncharacterized oxidoreductase MMAR_0148	Background_Genome	-0.2964	4.2053e-04	1.5819e-03	NO
MMAR_0612	mmp_612	Hypothetical protein / putative uncharacterized oxidoreductase MMAR_0612	Background_Genome	-0.3187	4.2368e-04	1.5888e-03	NO
MMAR_0981	mmp_981	Hypothetical protein / putative uncharacterized oxidoreductase MMAR_0981	Background_Genome	0.3338	4.4375e-04	1.6589e-03	NO
MMAR_0448	mmp_448	Hypothetical protein / putative uncharacterized oxidoreductase MMAR_0448	Background_Genome	-0.2857	4.5902e-04	1.7106e-03	NO
MMAR_0438	mmp_438	Hypothetical protein / putative uncharacterized oxidoreductase MMAR_0438	Background_Genome	0.3093	4.8686e-04	1.8088e-03	NO
MMAR_0577	mmp_577	Hypothetical protein / putative uncharacterized oxidoreductase MMAR_0577	Background_Genome	-0.4455	4.9219e-04	1.8229e-03	NO
MMAR_0940	mmp_940	Hypothetical protein / putative uncharacterized oxidoreductase MMAR_0940	Background_Genome	-0.2339	4.9514e-04	1.8282e-03	NO
MMAR_0586	mmp_586	Hypothetical protein / putative uncharacterized oxidoreductase MMAR_0586	Background_Genome	0.1045	5.0027e-04	1.8415e-03	NO
MMAR_0123	mmp_123	Hypothetical protein / putative uncharacterized oxidoreductase MMAR_0123	Background_Genome	-0.3239	5.1380e-04	1.8855e-03	NO
MMAR_0737	mmp_737	Hypothetical protein / putative uncharacterized oxidoreductase MMAR_0737	Background_Genome	0.3993	5.1591e-04	1.8875e-03	NO
MMAR_0506	mmp_506	Hypothetical protein / putative uncharacterized oxidoreductase MMAR_0506	Background_Genome	0.1163	5.5508e-04	2.0246e-03	NO
MMAR_0866	mmp_866	Hypothetical protein / putative uncharacterized oxidoreductase MMAR_0866	Background_Genome	0.2334	5.7699e-04	2.0982e-03	NO
MMAR_0324	mmp_324	Hypothetical protein / putative uncharacterized oxidoreductase MMAR_0324	Background_Genome	-0.2271	6.0549e-04	2.1951e-03	NO
MMAR_0670	mmp_670	Hypothetical protein / putative uncharacterized oxidoreductase MMAR_0670	Background_Genome	-0.1768	6.1461e-04	2.2215e-03	NO
MMAR_1764	drrA	Daunorubicin resistance ABC transporter DrrA	Biofilm_GPL	0.2989	6.3499e-04	2.2869e-03	NO
MMAR_0482	mmp_482	Hypothetical protein / putative uncharacterized oxidoreductase MMAR_0482	Background_Genome	0.2055	6.3843e-04	2.2869e-03	NO
MMAR_1135	mmp_1135	Hypothetical protein / putative uncharacterized oxidoreductase MMAR_1135	Background_Genome	-0.1888	6.3807e-04	2.2869e-03	NO
MMAR_0738	mmp_738	Hypothetical protein / putative uncharacterized oxidoreductase MMAR_0738	Background_Genome	0.3875	6.4217e-04	2.2935e-03	NO
MMAR_1029	mmp_1029	Hypothetical protein / putative uncharacterized oxidoreductase MMAR_1029	Background_Genome	-0.3003	6.5656e-04	2.3379e-03	NO
MMAR_0829	mmp_829	Hypothetical protein / putative uncharacterized oxidoreductase MMAR_0829	Background_Genome	-0.2847	6.6204e-04	2.3504e-03	NO
MMAR_0105	mmp_105	Hypothetical protein / putative uncharacterized oxidoreductase MMAR_0105	Background_Genome	0.1669	6.7358e-04	2.3844e-03	NO
MMAR_0204	mmp_204	Hypothetical protein / putative uncharacterized oxidoreductase MMAR_0204	Background_Genome	-0.3975	6.8712e-04	2.4251e-03	NO
MMAR_0989	mmp_989	Hypothetical protein / putative uncharacterized oxidoreductase MMAR_0989	Background_Genome	-0.1836	7.3492e-04	2.5862e-03	NO
MMAR_0188	mmp_188	Hypothetical protein / putative uncharacterized oxidoreductase MMAR_0188	Background_Genome	-0.2475	7.5329e-04	2.6354e-03	NO
MMAR_0887	mmp_887	Hypothetical protein / putative uncharacterized oxidoreductase MMAR_0887	Background_Genome	-0.3206	7.5172e-04	2.6354e-03	NO
MMAR_0707	mmp_707	Hypothetical protein / putative uncharacterized oxidoreductase MMAR_0707	Background_Genome	0.3316	7.6799e-04	2.6790e-03	NO
MMAR_0875	mmp_875	Hypothetical protein / putative uncharacterized oxidoreductase MMAR_0875	Background_Genome	-0.1762	7.9076e-04	2.7483e-03	NO
MMAR_1132	mmp_1132	Hypothetical protein / putative uncharacterized oxidoreductase MMAR_1132	Background_Genome	-0.3452	7.9242e-04	2.7483e-03	NO
MMAR_0306	mmp_306	Hypothetical protein / putative uncharacterized oxidoreductase MMAR_0306	Background_Genome	-0.2922	8.5346e-04	2.9473e-03	NO
MMAR_0692	mmp_692	Hypothetical protein / putative uncharacterized oxidoreductase MMAR_0692	Background_Genome	0.3406	8.5506e-04	2.9473e-03	NO
MMAR_0699	mmp_699	Hypothetical protein / putative uncharacterized oxidoreductase MMAR_0699	Background_Genome	-0.3217	8.5717e-04	2.9473e-03	NO
MMAR_1142	mmp_1142	Hypothetical protein / putative uncharacterized oxidoreductase MMAR_1142	Background_Genome	-0.3356	8.5975e-04	2.9477e-03	NO
MMAR_0332	mmp_332	Hypothetical protein / putative uncharacterized oxidoreductase MMAR_0332	Background_Genome	0.3553	9.1621e-04	3.1324e-03	NO
MMAR_1119	mmp_1119	Hypothetical protein / putative uncharacterized oxidoreductase MMAR_1119	Background_Genome	-0.2807	9.2424e-04	3.1508e-03	NO
MMAR_0852	mmp_852	Hypothetical protein / putative uncharacterized oxidoreductase MMAR_0852	Background_Genome	-0.3505	9.3502e-04	3.1785e-03	NO
MMAR_0184	mmp_184	Hypothetical protein / putative uncharacterized oxidoreductase MMAR_0184	Background_Genome	0.1495	9.8218e-04	3.3286e-03	NO
MMAR_1140	mmp_1140	Hypothetical protein / putative uncharacterized oxidoreductase MMAR_1140	Background_Genome	-0.3614	9.8471e-04	3.3286e-03	NO
MMAR_1196	mmp_1196	Hypothetical protein / putative uncharacterized oxidoreductase MMAR_1196	Background_Genome	0.3697	1.0412e-03	3.5098e-03	NO
MMAR_0215	mmp_215	Hypothetical protein / putative uncharacterized oxidoreductase MMAR_0215	Background_Genome	0.1683	1.0504e-03	3.5309e-03	NO
MMAR_0340	mmp_340	Hypothetical protein / putative uncharacterized oxidoreductase MMAR_0340	Background_Genome	0.3312	1.1204e-03	3.7449e-03	NO
MMAR_1084	mmp_1084	Hypothetical protein / putative uncharacterized oxidoreductase MMAR_1084	Background_Genome	-0.2824	1.1181e-03	3.7449e-03	NO
MMAR_1093	mmp_1093	Hypothetical protein / putative uncharacterized oxidoreductase MMAR_1093	Background_Genome	-0.3621	1.1388e-03	3.7961e-03	NO
MMAR_1066	mmp_1066	Hypothetical protein / putative uncharacterized oxidoreductase MMAR_1066	Background_Genome	-0.2237	1.1451e-03	3.8063e-03	NO
MMAR_0518	mmp_518	Hypothetical protein / putative uncharacterized oxidoreductase MMAR_0518	Background_Genome	0.4755	1.1977e-03	3.9703e-03	NO
MMAR_0390	mmp_390	Hypothetical protein / putative uncharacterized oxidoreductase MMAR_0390	Background_Genome	-0.2274	1.2240e-03	4.0464e-03	NO
MMAR_0637	mmp_637	Hypothetical protein / putative uncharacterized oxidoreductase MMAR_0637	Background_Genome	-0.3821	1.2294e-03	4.0531e-03	NO
MMAR_0427	mmp_427	Hypothetical protein / putative uncharacterized oxidoreductase MMAR_0427	Background_Genome	0.1445	1.2448e-03	4.0923e-03	NO
MMAR_5439	esxA	6 kDa early secretory antigenic target ESAT-6	ESX_Secretion	-0.3051	1.2573e-03	4.1224e-03	NO
MMAR_0273	mmp_273	Hypothetical protein / putative uncharacterized oxidoreductase MMAR_0273	Background_Genome	-0.2403	1.2644e-03	4.1344e-03	NO
MMAR_0787	mmp_787	Hypothetical protein / putative uncharacterized oxidoreductase MMAR_0787	Background_Genome	0.4163	1.2737e-03	4.1533e-03	NO
MMAR_0655	mmp_655	Hypothetical protein / putative uncharacterized oxidoreductase MMAR_0655	Background_Genome	0.4837	1.2843e-03	4.1764e-03	NO
MMAR_0120	mmp_120	Hypothetical protein / putative uncharacterized oxidoreductase MMAR_0120	Background_Genome	0.1277	1.3157e-03	4.2455e-03	NO
MMAR_0212	mmp_212	Hypothetical protein / putative uncharacterized oxidoreductase MMAR_0212	Background_Genome	0.2566	1.3130e-03	4.2455e-03	NO
MMAR_0257	mmp_257	Hypothetical protein / putative uncharacterized oxidoreductase MMAR_0257	Background_Genome	-0.1681	1.3161e-03	4.2455e-03	NO
MMAR_0358	mmp_358	Hypothetical protein / putative uncharacterized oxidoreductase MMAR_0358	Background_Genome	-0.3544	1.3635e-03	4.3865e-03	NO
MMAR_1536	kasB	Beta-ketoacyl-ACP synthase KasB (meromycolate maturation)	Cell_Wall_Lipids	-0.3214	1.4050e-03	4.5080e-03	NO
MMAR_0511	mmp_511	Hypothetical protein / putative uncharacterized oxidoreductase MMAR_0511	Background_Genome	-0.4014	1.4121e-03	4.5189e-03	NO
MMAR_0086	mmp_86	Hypothetical protein / putative uncharacterized oxidoreductase MMAR_0086	Background_Genome	-0.1857	1.4207e-03	4.5341e-03	NO
MMAR_0883	mmp_883	Hypothetical protein / putative uncharacterized oxidoreductase MMAR_0883	Background_Genome	-0.2409	1.4656e-03	4.6650e-03	NO
MMAR_0570	mmp_570	Hypothetical protein / putative uncharacterized oxidoreductase MMAR_0570	Background_Genome	0.3012	1.5119e-03	4.7998e-03	NO
MMAR_0661	mmp_661	Hypothetical protein / putative uncharacterized oxidoreductase MMAR_0661	Background_Genome	-0.2712	1.5220e-03	4.8191e-03	NO
MMAR_1174	mmp_1174	Hypothetical protein / putative uncharacterized oxidoreductase MMAR_1174	Background_Genome	0.2912	1.5366e-03	4.8524e-03	NO
MMAR_0288	mmp_288	Hypothetical protein / putative uncharacterized oxidoreductase MMAR_0288	Background_Genome	0.2841	1.5549e-03	4.8972e-03	NO
MMAR_0462	mmp_462	Hypothetical protein / putative uncharacterized oxidoreductase MMAR_0462	Background_Genome	-0.2788	1.5619e-03	4.9066e-03	NO
MMAR_0155	mmp_155	Hypothetical protein / putative uncharacterized oxidoreductase MMAR_0155	Background_Genome	0.4421	1.5966e-03	5.0023e-03	NO
MMAR_0937	mmp_937	Hypothetical protein / putative uncharacterized oxidoreductase MMAR_0937	Background_Genome	0.2630	1.6637e-03	5.1990e-03	NO
MMAR_0622	mmp_622	Hypothetical protein / putative uncharacterized oxidoreductase MMAR_0622	Background_Genome	-0.2649	1.6916e-03	5.2589e-03	NO
MMAR_0835	mmp_835	Hypothetical protein / putative uncharacterized oxidoreductase MMAR_0835	Background_Genome	0.2391	1.6889e-03	5.2589e-03	NO
MMAR_0613	mmp_613	Hypothetical protein / putative uncharacterized oxidoreductase MMAR_0613	Background_Genome	0.2561	1.6999e-03	5.2711e-03	NO
MMAR_1123	mmp_1123	Hypothetical protein / putative uncharacterized oxidoreductase MMAR_1123	Background_Genome	0.2645	1.7778e-03	5.4982e-03	NO
MMAR_0296	mmp_296	Hypothetical protein / putative uncharacterized oxidoreductase MMAR_0296	Background_Genome	-0.3269	1.7870e-03	5.5005e-03	NO
MMAR_1064	mmp_1064	Hypothetical protein / putative uncharacterized oxidoreductase MMAR_1064	Background_Genome	-0.3892	1.7877e-03	5.5005e-03	NO
MMAR_0190	mmp_190	Hypothetical protein / putative uncharacterized oxidoreductase MMAR_0190	Background_Genome	-0.3384	1.8538e-03	5.6460e-03	NO
MMAR_0614	mmp_614	Hypothetical protein / putative uncharacterized oxidoreductase MMAR_0614	Background_Genome	0.2521	1.8501e-03	5.6460e-03	NO
MMAR_0651	mmp_651	Hypothetical protein / putative uncharacterized oxidoreductase MMAR_0651	Background_Genome	-0.2559	1.8485e-03	5.6460e-03	NO
MMAR_0855	mmp_855	Hypothetical protein / putative uncharacterized oxidoreductase MMAR_0855	Background_Genome	-0.3429	1.8466e-03	5.6460e-03	NO
MMAR_0788	mmp_788	Hypothetical protein / putative uncharacterized oxidoreductase MMAR_0788	Background_Genome	-0.2502	1.8621e-03	5.6571e-03	NO
MMAR_1141	mmp_1141	Hypothetical protein / putative uncharacterized oxidoreductase MMAR_1141	Background_Genome	-0.1130	1.8695e-03	5.6653e-03	NO
MMAR_0867	mmp_867	Hypothetical protein / putative uncharacterized oxidoreductase MMAR_0867	Background_Genome	0.3591	1.8995e-03	5.7415e-03	NO
MMAR_0982	mmp_982	Hypothetical protein / putative uncharacterized oxidoreductase MMAR_0982	Background_Genome	0.2981	1.9344e-03	5.8324e-03	NO
MMAR_0946	mmp_946	Hypothetical protein / putative uncharacterized oxidoreductase MMAR_0946	Background_Genome	0.1486	1.9760e-03	5.9281e-03	NO
MMAR_1149	mmp_1149	Hypothetical protein / putative uncharacterized oxidoreductase MMAR_1149	Background_Genome	-0.3672	1.9738e-03	5.9281e-03	NO
MMAR_1053	mmp_1053	Hypothetical protein / putative uncharacterized oxidoreductase MMAR_1053	Background_Genome	0.4675	2.1260e-03	6.3620e-03	NO
MMAR_0290	mmp_290	Hypothetical protein / putative uncharacterized oxidoreductase MMAR_0290	Background_Genome	0.3113	2.2186e-03	6.6063e-03	NO
MMAR_0556	mmp_556	Hypothetical protein / putative uncharacterized oxidoreductase MMAR_0556	Background_Genome	-0.2974	2.2142e-03	6.6063e-03	NO
MMAR_0287	mmp_287	Hypothetical protein / putative uncharacterized oxidoreductase MMAR_0287	Background_Genome	0.2533	2.2518e-03	6.6886e-03	NO
MMAR_0320	mmp_320	Hypothetical protein / putative uncharacterized oxidoreductase MMAR_0320	Background_Genome	-0.2087	2.2765e-03	6.7452e-03	NO
MMAR_0859	mmp_859	Hypothetical protein / putative uncharacterized oxidoreductase MMAR_0859	Background_Genome	-0.2904	2.3366e-03	6.9061e-03	NO
MMAR_0718	mmp_718	Hypothetical protein / putative uncharacterized oxidoreductase MMAR_0718	Background_Genome	0.2932	2.3544e-03	6.9416e-03	NO
MMAR_0197	mmp_197	Hypothetical protein / putative uncharacterized oxidoreductase MMAR_0197	Background_Genome	0.4610	2.4476e-03	7.1988e-03	NO
MMAR_0276	mmp_276	Hypothetical protein / putative uncharacterized oxidoreductase MMAR_0276	Background_Genome	-0.2073	2.4777e-03	7.2697e-03	NO
MMAR_1067	mmp_1067	Hypothetical protein / putative uncharacterized oxidoreductase MMAR_1067	Background_Genome	-0.2434	2.4901e-03	7.2880e-03	NO
MMAR_1089	mmp_1089	Hypothetical protein / putative uncharacterized oxidoreductase MMAR_1089	Background_Genome	-0.4508	2.5761e-03	7.5214e-03	NO
MMAR_1019	mmp_1019	Hypothetical protein / putative uncharacterized oxidoreductase MMAR_1019	Background_Genome	-0.1825	2.6690e-03	7.7736e-03	NO
MMAR_0283	mmp_283	Hypothetical protein / putative uncharacterized oxidoreductase MMAR_0283	Background_Genome	-0.3837	2.6762e-03	7.7759e-03	NO
MMAR_0254	mmp_254	Hypothetical protein / putative uncharacterized oxidoreductase MMAR_0254	Background_Genome	-0.4173	2.7584e-03	7.9953e-03	NO
MMAR_0460	mmp_460	Hypothetical protein / putative uncharacterized oxidoreductase MMAR_0460	Background_Genome	0.2408	2.9088e-03	8.4110e-03	NO
MMAR_0808	mmp_808	Hypothetical protein / putative uncharacterized oxidoreductase MMAR_0808	Background_Genome	-0.2121	2.9382e-03	8.4754e-03	NO
MMAR_0102	mmp_102	Hypothetical protein / putative uncharacterized oxidoreductase MMAR_0102	Background_Genome	0.3023	2.9667e-03	8.5371e-03	NO
MMAR_0130	mmp_130	Hypothetical protein / putative uncharacterized oxidoreductase MMAR_0130	Background_Genome	-0.2934	3.0253e-03	8.6644e-03	NO
MMAR_0348	mmp_348	Hypothetical protein / putative uncharacterized oxidoreductase MMAR_0348	Background_Genome	-0.4455	3.0219e-03	8.6644e-03	NO
MMAR_0150	mmp_150	Hypothetical protein / putative uncharacterized oxidoreductase MMAR_0150	Background_Genome	0.2068	3.2394e-03	9.2554e-03	NO
MMAR_0952	mmp_952	Hypothetical protein / putative uncharacterized oxidoreductase MMAR_0952	Background_Genome	0.1355	3.2542e-03	9.2756e-03	NO
MMAR_0451	mmp_451	Hypothetical protein / putative uncharacterized oxidoreductase MMAR_0451	Background_Genome	-0.2901	3.3180e-03	9.4128e-03	NO
MMAR_0467	mmp_467	Hypothetical protein / putative uncharacterized oxidoreductase MMAR_0467	Background_Genome	-0.1921	3.3178e-03	9.4128e-03	NO
MMAR_0134	mmp_134	Hypothetical protein / putative uncharacterized oxidoreductase MMAR_0134	Background_Genome	0.2565	3.4224e-03	9.6634e-03	NO
MMAR_0706	mmp_706	Hypothetical protein / putative uncharacterized oxidoreductase MMAR_0706	Background_Genome	0.3043	3.4209e-03	9.6634e-03	NO
MMAR_0206	mmp_206	Hypothetical protein / putative uncharacterized oxidoreductase MMAR_0206	Background_Genome	0.2222	3.5444e-03	9.9709e-03	NO
MMAR_0480	mmp_480	Hypothetical protein / putative uncharacterized oxidoreductase MMAR_0480	Background_Genome	0.2115	3.5480e-03	9.9709e-03	NO
MMAR_0369	mmp_369	Hypothetical protein / putative uncharacterized oxidoreductase MMAR_0369	Background_Genome	-0.1970	3.6191e-03	1.0147e-02	NO
MMAR_0795	mmp_795	Hypothetical protein / putative uncharacterized oxidoreductase MMAR_0795	Background_Genome	-0.3971	3.8984e-03	1.0905e-02	NO
MMAR_0949	mmp_949	Hypothetical protein / putative uncharacterized oxidoreductase MMAR_0949	Background_Genome	-0.2112	3.9658e-03	1.1067e-02	NO
MMAR_0531	mmp_531	Hypothetical protein / putative uncharacterized oxidoreductase MMAR_0531	Background_Genome	-0.2144	3.9850e-03	1.1095e-02	NO
MMAR_0235	mmp_235	Hypothetical protein / putative uncharacterized oxidoreductase MMAR_0235	Background_Genome	0.2035	4.0224e-03	1.1173e-02	NO
MMAR_1416	narG	Nitrate reductase alpha subunit NarG	DosR_Stress	0.2550	4.0534e-03	1.1234e-02	NO
MMAR_1078	mmp_1078	Hypothetical protein / putative uncharacterized oxidoreductase MMAR_1078	Background_Genome	0.2345	4.0682e-03	1.1249e-02	NO
MMAR_0344	mmp_344	Hypothetical protein / putative uncharacterized oxidoreductase MMAR_0344	Background_Genome	0.3030	4.1313e-03	1.1397e-02	NO
MMAR_0333	mmp_333	Hypothetical protein / putative uncharacterized oxidoreductase MMAR_0333	Background_Genome	-0.3202	4.1483e-03	1.1417e-02	NO
MMAR_1081	mmp_1081	Hypothetical protein / putative uncharacterized oxidoreductase MMAR_1081	Background_Genome	0.3211	4.2977e-03	1.1802e-02	NO
MMAR_0843	mmp_843	Hypothetical protein / putative uncharacterized oxidoreductase MMAR_0843	Background_Genome	-0.1427	4.3114e-03	1.1812e-02	NO
MMAR_0871	mmp_871	Hypothetical protein / putative uncharacterized oxidoreductase MMAR_0871	Background_Genome	0.2716	4.6264e-03	1.2646e-02	NO
MMAR_1197	mmp_1197	Hypothetical protein / putative uncharacterized oxidoreductase MMAR_1197	Background_Genome	-0.3362	4.6542e-03	1.2693e-02	NO
MMAR_0590	mmp_590	Hypothetical protein / putative uncharacterized oxidoreductase MMAR_0590	Background_Genome	0.4327	4.6855e-03	1.2750e-02	NO
MMAR_1144	mmp_1144	Hypothetical protein / putative uncharacterized oxidoreductase MMAR_1144	Background_Genome	0.1410	4.7793e-03	1.2975e-02	NO
MMAR_0853	mmp_853	Hypothetical protein / putative uncharacterized oxidoreductase MMAR_0853	Background_Genome	0.3475	4.9943e-03	1.3529e-02	NO
MMAR_0415	mmp_415	Hypothetical protein / putative uncharacterized oxidoreductase MMAR_0415	Background_Genome	0.4190	5.0305e-03	1.3596e-02	NO
MMAR_0827	mmp_827	Hypothetical protein / putative uncharacterized oxidoreductase MMAR_0827	Background_Genome	-0.3148	5.0631e-03	1.3653e-02	NO
MMAR_0659	mmp_659	Hypothetical protein / putative uncharacterized oxidoreductase MMAR_0659	Background_Genome	0.1908	5.2189e-03	1.4042e-02	NO
MMAR_0693	mmp_693	Hypothetical protein / putative uncharacterized oxidoreductase MMAR_0693	Background_Genome	0.2458	5.3109e-03	1.4258e-02	NO
MMAR_0964	mmp_964	Hypothetical protein / putative uncharacterized oxidoreductase MMAR_0964	Background_Genome	-0.2905	5.4041e-03	1.4475e-02	NO
MMAR_0365	mmp_365	Hypothetical protein / putative uncharacterized oxidoreductase MMAR_0365	Background_Genome	-0.1843	5.4364e-03	1.4529e-02	NO
MMAR_0447	mmp_447	Hypothetical protein / putative uncharacterized oxidoreductase MMAR_0447	Background_Genome	0.3154	5.5430e-03	1.4781e-02	NO
MMAR_0605	mmp_605	Hypothetical protein / putative uncharacterized oxidoreductase MMAR_0605	Background_Genome	-0.1832	5.5646e-03	1.4806e-02	NO
MMAR_0159	mmp_159	Hypothetical protein / putative uncharacterized oxidoreductase MMAR_0159	Background_Genome	-0.3078	5.7531e-03	1.5274e-02	NO
MMAR_0196	mmp_196	Hypothetical protein / putative uncharacterized oxidoreductase MMAR_0196	Background_Genome	-0.1673	5.7941e-03	1.5277e-02	NO
MMAR_0950	mmp_950	Hypothetical protein / putative uncharacterized oxidoreductase MMAR_0950	Background_Genome	-0.2987	5.8053e-03	1.5277e-02	NO
MMAR_1060	mmp_1060	Hypothetical protein / putative uncharacterized oxidoreductase MMAR_1060	Background_Genome	-0.2019	5.8047e-03	1.5277e-02	NO
MMAR_1160	mmp_1160	Hypothetical protein / putative uncharacterized oxidoreductase MMAR_1160	Background_Genome	0.3083	5.7691e-03	1.5277e-02	NO
MMAR_0819	mmp_819	Hypothetical protein / putative uncharacterized oxidoreductase MMAR_0819	Background_Genome	-0.2219	5.8567e-03	1.5379e-02	NO
MMAR_0861	mmp_861	Hypothetical protein / putative uncharacterized oxidoreductase MMAR_0861	Background_Genome	-0.2042	5.9047e-03	1.5471e-02	NO
MMAR_0129	mmp_129	Hypothetical protein / putative uncharacterized oxidoreductase MMAR_0129	Background_Genome	0.3554	5.9390e-03	1.5527e-02	NO
MMAR_0284	mmp_284	Hypothetical protein / putative uncharacterized oxidoreductase MMAR_0284	Background_Genome	-0.1588	5.9569e-03	1.5540e-02	NO
MMAR_1107	mmp_1107	Hypothetical protein / putative uncharacterized oxidoreductase MMAR_1107	Background_Genome	-0.3346	6.1252e-03	1.5944e-02	NO
MMAR_0562	mmp_562	Hypothetical protein / putative uncharacterized oxidoreductase MMAR_0562	Background_Genome	0.2090	6.1678e-03	1.6020e-02	NO
MMAR_0420	mmp_420	Hypothetical protein / putative uncharacterized oxidoreductase MMAR_0420	Background_Genome	0.3327	6.3522e-03	1.6463e-02	NO
MMAR_2352	nuoD	NADH-quinone oxidoreductase subunit D	Downregulated_Metabolism	-0.1589	6.4776e-03	1.6752e-02	NO
MMAR_0509	mmp_509	Hypothetical protein / putative uncharacterized oxidoreductase MMAR_0509	Background_Genome	-0.3298	6.6004e-03	1.7033e-02	NO
MMAR_0318	mmp_318	Hypothetical protein / putative uncharacterized oxidoreductase MMAR_0318	Background_Genome	-0.3804	6.6816e-03	1.7206e-02	NO
MMAR_0266	mmp_266	Hypothetical protein / putative uncharacterized oxidoreductase MMAR_0266	Background_Genome	-0.1457	6.7303e-03	1.7294e-02	NO
MMAR_0343	mmp_343	Hypothetical protein / putative uncharacterized oxidoreductase MMAR_0343	Background_Genome	-0.5316	6.8640e-03	1.7600e-02	NO
MMAR_0164	mmp_164	Hypothetical protein / putative uncharacterized oxidoreductase MMAR_0164	Background_Genome	0.1307	6.8869e-03	1.7621e-02	NO
MMAR_0326	mmp_326	Hypothetical protein / putative uncharacterized oxidoreductase MMAR_0326	Background_Genome	0.2970	6.9454e-03	1.7733e-02	NO
MMAR_0344	fbpC	Antigen 85C mycolyltransferase FbpC	Cell_Wall_Lipids	-0.2053	7.1071e-03	1.8107e-02	NO
MMAR_0617	mmp_617	Hypothetical protein / putative uncharacterized oxidoreductase MMAR_0617	Background_Genome	0.4240	7.1810e-03	1.8257e-02	NO
MMAR_0772	mmp_772	Hypothetical protein / putative uncharacterized oxidoreductase MMAR_0772	Background_Genome	-0.3598	7.5347e-03	1.9116e-02	NO
MMAR_0458	mmp_458	Hypothetical protein / putative uncharacterized oxidoreductase MMAR_0458	Background_Genome	0.1493	7.6423e-03	1.9266e-02	NO
MMAR_0573	mmp_573	Hypothetical protein / putative uncharacterized oxidoreductase MMAR_0573	Background_Genome	-0.1967	7.6344e-03	1.9266e-02	NO
MMAR_0870	mmp_870	Hypothetical protein / putative uncharacterized oxidoreductase MMAR_0870	Background_Genome	0.1794	7.6226e-03	1.9266e-02	NO
MMAR_0182	mmp_182	Hypothetical protein / putative uncharacterized oxidoreductase MMAR_0182	Background_Genome	-0.2368	7.6983e-03	1.9367e-02	NO
MMAR_0428	mmp_428	Hypothetical protein / putative uncharacterized oxidoreductase MMAR_0428	Background_Genome	0.3595	7.8521e-03	1.9712e-02	NO
MMAR_1012	mmp_1012	Hypothetical protein / putative uncharacterized oxidoreductase MMAR_1012	Background_Genome	-0.2587	8.1917e-03	2.0522e-02	NO
MMAR_0988	mmp_988	Hypothetical protein / putative uncharacterized oxidoreductase MMAR_0988	Background_Genome	-0.2187	8.2244e-03	2.0561e-02	NO
MMAR_0963	mmp_963	Hypothetical protein / putative uncharacterized oxidoreductase MMAR_0963	Background_Genome	0.2859	8.2894e-03	2.0680e-02	NO
MMAR_0769	mmp_769	Hypothetical protein / putative uncharacterized oxidoreductase MMAR_0769	Background_Genome	-0.1220	8.7542e-03	2.1795e-02	NO
MMAR_1068	mmp_1068	Hypothetical protein / putative uncharacterized oxidoreductase MMAR_1068	Background_Genome	0.2263	8.8523e-03	2.1993e-02	NO
MMAR_0082	mmp_82	Hypothetical protein / putative uncharacterized oxidoreductase MMAR_0082	Background_Genome	-0.3749	8.9930e-03	2.2297e-02	NO
MMAR_0424	mmp_424	Hypothetical protein / putative uncharacterized oxidoreductase MMAR_0424	Background_Genome	-0.3015	9.0304e-03	2.2343e-02	NO
MMAR_0598	mmp_598	Hypothetical protein / putative uncharacterized oxidoreductase MMAR_0598	Background_Genome	0.2477	9.6795e-03	2.3900e-02	NO
MMAR_0601	mmp_601	Hypothetical protein / putative uncharacterized oxidoreductase MMAR_0601	Background_Genome	0.2565	9.8351e-03	2.4234e-02	NO
MMAR_0513	mmp_513	Hypothetical protein / putative uncharacterized oxidoreductase MMAR_0513	Background_Genome	-0.2063	1.0046e-02	2.4702e-02	NO
MMAR_0385	mmp_385	Hypothetical protein / putative uncharacterized oxidoreductase MMAR_0385	Background_Genome	0.1618	1.0453e-02	2.5651e-02	NO
MMAR_1006	mmp_1006	Hypothetical protein / putative uncharacterized oxidoreductase MMAR_1006	Background_Genome	0.2472	1.0544e-02	2.5823e-02	NO
MMAR_0223	mmp_223	Hypothetical protein / putative uncharacterized oxidoreductase MMAR_0223	Background_Genome	-0.2271	1.0874e-02	2.6523e-02	NO
MMAR_0901	mmp_901	Hypothetical protein / putative uncharacterized oxidoreductase MMAR_0901	Background_Genome	0.3193	1.0868e-02	2.6523e-02	NO
MMAR_1025	mmp_1025	Hypothetical protein / putative uncharacterized oxidoreductase MMAR_1025	Background_Genome	0.3149	1.1002e-02	2.6779e-02	NO
MMAR_1071	mmp_1071	Hypothetical protein / putative uncharacterized oxidoreductase MMAR_1071	Background_Genome	0.1473	1.1165e-02	2.7066e-02	NO
MMAR_1150	mmp_1150	Hypothetical protein / putative uncharacterized oxidoreductase MMAR_1150	Background_Genome	0.1731	1.1162e-02	2.7066e-02	NO
MMAR_0181	mmp_181	Hypothetical protein / putative uncharacterized oxidoreductase MMAR_0181	Background_Genome	0.2231	1.1473e-02	2.7758e-02	NO
MMAR_1131	mmp_1131	Hypothetical protein / putative uncharacterized oxidoreductase MMAR_1131	Background_Genome	-0.1671	1.2019e-02	2.9021e-02	NO
MMAR_0158	mmp_158	Hypothetical protein / putative uncharacterized oxidoreductase MMAR_0158	Background_Genome	0.0805	1.2081e-02	2.9110e-02	NO
MMAR_0876	mmp_876	Hypothetical protein / putative uncharacterized oxidoreductase MMAR_0876	Background_Genome	0.2495	1.2113e-02	2.9130e-02	NO
MMAR_0642	mmp_642	Hypothetical protein / putative uncharacterized oxidoreductase MMAR_0642	Background_Genome	0.1688	1.2139e-02	2.9134e-02	NO
MMAR_0583	mmp_583	Hypothetical protein / putative uncharacterized oxidoreductase MMAR_0583	Background_Genome	-0.2621	1.2194e-02	2.9208e-02	NO
MMAR_0131	mmp_131	Hypothetical protein / putative uncharacterized oxidoreductase MMAR_0131	Background_Genome	0.3194	1.2294e-02	2.9389e-02	NO
MMAR_0611	mmp_611	Hypothetical protein / putative uncharacterized oxidoreductase MMAR_0611	Background_Genome	0.2004	1.2508e-02	2.9840e-02	NO
MMAR_0844	mmp_844	Hypothetical protein / putative uncharacterized oxidoreductase MMAR_0844	Background_Genome	-0.1797	1.2565e-02	2.9916e-02	NO
MMAR_0230	mmp_230	Hypothetical protein / putative uncharacterized oxidoreductase MMAR_0230	Background_Genome	0.1860	1.2606e-02	2.9954e-02	NO
MMAR_2028	fdxA	Ferredoxin FdxA (anaerobic electron transfer)	DosR_Stress	0.1626	1.2776e-02	3.0300e-02	NO
MMAR_0300	mmp_300	Hypothetical protein / putative uncharacterized oxidoreductase MMAR_0300	Background_Genome	-0.2615	1.3812e-02	3.2691e-02	NO
MMAR_0723	mmp_723	Hypothetical protein / putative uncharacterized oxidoreductase MMAR_0723	Background_Genome	-0.3031	1.4006e-02	3.3084e-02	NO
MMAR_0911	atpB	ATP synthase F1 beta subunit	Downregulated_Metabolism	-0.1888	1.4130e-02	3.3312e-02	NO
MMAR_0662	mmp_662	Hypothetical protein / putative uncharacterized oxidoreductase MMAR_0662	Background_Genome	-0.4080	1.4256e-02	3.3544e-02	NO
MMAR_3978	trxB2	Thioredoxin reductase TrxB2	Oxidative_Stress	0.2205	1.4812e-02	3.4785e-02	NO
MMAR_0780	mmp_780	Hypothetical protein / putative uncharacterized oxidoreductase MMAR_0780	Background_Genome	0.2820	1.4935e-02	3.5005e-02	NO
MMAR_0924	mmp_924	Hypothetical protein / putative uncharacterized oxidoreductase MMAR_0924	Background_Genome	0.3618	1.5305e-02	3.5800e-02	NO
MMAR_1184	mmp_1184	Hypothetical protein / putative uncharacterized oxidoreductase MMAR_1184	Background_Genome	-0.2795	1.5389e-02	3.5928e-02	NO
MMAR_0549	mmp_549	Hypothetical protein / putative uncharacterized oxidoreductase MMAR_0549	Background_Genome	0.1523	1.5601e-02	3.6352e-02	NO
MMAR_0189	mmp_189	Hypothetical protein / putative uncharacterized oxidoreductase MMAR_0189	Background_Genome	0.2536	1.5647e-02	3.6388e-02	NO
MMAR_0107	mmp_107	Hypothetical protein / putative uncharacterized oxidoreductase MMAR_0107	Background_Genome	-0.2119	1.5875e-02	3.6847e-02	NO
MMAR_0227	mmp_227	Hypothetical protein / putative uncharacterized oxidoreductase MMAR_0227	Background_Genome	-0.2386	1.6000e-02	3.7065e-02	NO
MMAR_0103	mmp_103	Hypothetical protein / putative uncharacterized oxidoreductase MMAR_0103	Background_Genome	0.1648	1.6917e-02	3.9114e-02	NO
MMAR_5446	eccC1	ESX-1 core ATPase EccC1	ESX_Secretion	-0.2215	1.7174e-02	3.9632e-02	NO
MMAR_0339	mmp_339	Hypothetical protein / putative uncharacterized oxidoreductase MMAR_0339	Background_Genome	0.2016	1.7380e-02	4.0009e-02	NO
MMAR_0794	mmp_794	Hypothetical protein / putative uncharacterized oxidoreductase MMAR_0794	Background_Genome	0.2465	1.7404e-02	4.0009e-02	NO
MMAR_0999	mmp_999	Hypothetical protein / putative uncharacterized oxidoreductase MMAR_0999	Background_Genome	-0.2702	1.7590e-02	4.0360e-02	NO
MMAR_0591	mmp_591	Hypothetical protein / putative uncharacterized oxidoreductase MMAR_0591	Background_Genome	-0.2059	1.7955e-02	4.1118e-02	NO
MMAR_0116	mmp_116	Hypothetical protein / putative uncharacterized oxidoreductase MMAR_0116	Background_Genome	0.2129	1.7991e-02	4.1122e-02	NO
MMAR_0840	mmp_840	Hypothetical protein / putative uncharacterized oxidoreductase MMAR_0840	Background_Genome	0.2733	1.8042e-02	4.1159e-02	NO
MMAR_0640	mmp_640	Hypothetical protein / putative uncharacterized oxidoreductase MMAR_0640	Background_Genome	-0.2677	1.8240e-02	4.1533e-02	NO
MMAR_0922	mmp_922	Hypothetical protein / putative uncharacterized oxidoreductase MMAR_0922	Background_Genome	-0.2864	1.8501e-02	4.2049e-02	NO
MMAR_1187	mmp_1187	Hypothetical protein / putative uncharacterized oxidoreductase MMAR_1187	Background_Genome	-0.2601	1.8546e-02	4.2070e-02	NO
MMAR_0174	mmp_174	Hypothetical protein / putative uncharacterized oxidoreductase MMAR_0174	Background_Genome	-0.2623	1.8988e-02	4.2986e-02	NO
MMAR_1111	mmp_1111	Hypothetical protein / putative uncharacterized oxidoreductase MMAR_1111	Background_Genome	0.3091	1.9021e-02	4.2986e-02	NO
MMAR_0501	mmp_501	Hypothetical protein / putative uncharacterized oxidoreductase MMAR_0501	Background_Genome	-0.2248	1.9404e-02	4.3769e-02	NO
MMAR_0746	mmp_746	Hypothetical protein / putative uncharacterized oxidoreductase MMAR_0746	Background_Genome	0.2988	1.9592e-02	4.4109e-02	NO
MMAR_0214	mmp_214	Hypothetical protein / putative uncharacterized oxidoreductase MMAR_0214	Background_Genome	-0.4019	2.0171e-02	4.5328e-02	NO
MMAR_0327	mmp_327	Hypothetical protein / putative uncharacterized oxidoreductase MMAR_0327	Background_Genome	0.3665	2.0271e-02	4.5467e-02	NO
MMAR_0280	mmp_280	Hypothetical protein / putative uncharacterized oxidoreductase MMAR_0280	Background_Genome	-0.1646	2.0877e-02	4.6740e-02	NO
MMAR_0185	mmp_185	Hypothetical protein / putative uncharacterized oxidoreductase MMAR_0185	Background_Genome	-0.3460	2.0962e-02	4.6842e-02	NO
MMAR_1007	mmp_1007	Hypothetical protein / putative uncharacterized oxidoreductase MMAR_1007	Background_Genome	-0.2368	2.1331e-02	4.7579e-02	NO
MMAR_0117	mmp_117	Hypothetical protein / putative uncharacterized oxidoreductase MMAR_0117	Background_Genome	-0.2601	2.1537e-02	4.7949e-02	NO
MMAR_0665	mmp_665	Hypothetical protein / putative uncharacterized oxidoreductase MMAR_0665	Background_Genome	0.1799	2.2972e-02	5.1048e-02	NO
MMAR_0935	mmp_935	Hypothetical protein / putative uncharacterized oxidoreductase MMAR_0935	Background_Genome	-0.2378	2.3017e-02	5.1053e-02	NO
MMAR_0973	mmp_973	Hypothetical protein / putative uncharacterized oxidoreductase MMAR_0973	Background_Genome	-0.2592	2.3161e-02	5.1279e-02	NO
MMAR_0373	mmp_373	Hypothetical protein / putative uncharacterized oxidoreductase MMAR_0373	Background_Genome	0.1410	2.3254e-02	5.1391e-02	NO
MMAR_0499	mmp_499	Hypothetical protein / putative uncharacterized oxidoreductase MMAR_0499	Background_Genome	-0.2055	2.3666e-02	5.2155e-02	NO
MMAR_0777	mmp_777	Hypothetical protein / putative uncharacterized oxidoreductase MMAR_0777	Background_Genome	-0.1603	2.3699e-02	5.2155e-02	NO
MMAR_0893	mmp_893	Hypothetical protein / putative uncharacterized oxidoreductase MMAR_0893	Background_Genome	-0.1791	2.3730e-02	5.2155e-02	NO
MMAR_0302	mmp_302	Hypothetical protein / putative uncharacterized oxidoreductase MMAR_0302	Background_Genome	-0.2682	2.4060e-02	5.2783e-02	NO
MMAR_0203	mmp_203	Hypothetical protein / putative uncharacterized oxidoreductase MMAR_0203	Background_Genome	-0.3131	2.4457e-02	5.3555e-02	NO
MMAR_0121	mmp_121	Hypothetical protein / putative uncharacterized oxidoreductase MMAR_0121	Background_Genome	-0.1473	2.4523e-02	5.3603e-02	NO
MMAR_0084	mmp_84	Hypothetical protein / putative uncharacterized oxidoreductase MMAR_0084	Background_Genome	0.2198	2.4619e-02	5.3715e-02	NO
MMAR_0267	mmp_267	Hypothetical protein / putative uncharacterized oxidoreductase MMAR_0267	Background_Genome	0.2036	2.4675e-02	5.3739e-02	NO
MMAR_0246	mmp_246	Hypothetical protein / putative uncharacterized oxidoreductase MMAR_0246	Background_Genome	0.1392	2.4913e-02	5.4114e-02	NO
MMAR_0609	mmp_609	Hypothetical protein / putative uncharacterized oxidoreductase MMAR_0609	Background_Genome	-0.1352	2.4937e-02	5.4114e-02	NO
MMAR_0686	mmp_686	Hypothetical protein / putative uncharacterized oxidoreductase MMAR_0686	Background_Genome	-0.1710	2.5445e-02	5.5098e-02	NO
MMAR_1173	mmp_1173	Hypothetical protein / putative uncharacterized oxidoreductase MMAR_1173	Background_Genome	0.4257	2.5483e-02	5.5098e-02	NO
MMAR_1162	mmp_1162	Hypothetical protein / putative uncharacterized oxidoreductase MMAR_1162	Background_Genome	-0.2363	2.5745e-02	5.5565e-02	NO
MMAR_0554	mmp_554	Hypothetical protein / putative uncharacterized oxidoreductase MMAR_0554	Background_Genome	-0.3323	2.6222e-02	5.6391e-02	NO
MMAR_0832	mmp_832	Hypothetical protein / putative uncharacterized oxidoreductase MMAR_0832	Background_Genome	0.1221	2.6189e-02	5.6391e-02	NO
MMAR_1105	mmp_1105	Hypothetical protein / putative uncharacterized oxidoreductase MMAR_1105	Background_Genome	0.2338	2.6636e-02	5.7179e-02	NO
MMAR_0312	mmp_312	Hypothetical protein / putative uncharacterized oxidoreductase MMAR_0312	Background_Genome	-0.2683	2.6968e-02	5.7788e-02	NO
MMAR_0342	mmp_342	Hypothetical protein / putative uncharacterized oxidoreductase MMAR_0342	Background_Genome	0.2213	2.7953e-02	5.9792e-02	NO
MMAR_5444	eccA1	ESX-1 ATPase EccA1	ESX_Secretion	-0.2436	2.8146e-02	6.0099e-02	NO
MMAR_0842	mmp_842	Hypothetical protein / putative uncharacterized oxidoreductase MMAR_0842	Background_Genome	-0.2695	2.8338e-02	6.0400e-02	NO
MMAR_0101	mmp_101	Hypothetical protein / putative uncharacterized oxidoreductase MMAR_0101	Background_Genome	0.1723	2.9623e-02	6.3029e-02	NO
MMAR_1075	mmp_1075	Hypothetical protein / putative uncharacterized oxidoreductase MMAR_1075	Background_Genome	-0.1977	2.9680e-02	6.3036e-02	NO
MMAR_0464	mmp_464	Hypothetical protein / putative uncharacterized oxidoreductase MMAR_0464	Background_Genome	0.1646	3.0269e-02	6.4175e-02	NO
MMAR_1062	mmp_1062	Hypothetical protein / putative uncharacterized oxidoreductase MMAR_1062	Background_Genome	0.1869	3.0672e-02	6.4915e-02	NO
MMAR_0913	mmp_913	Hypothetical protein / putative uncharacterized oxidoreductase MMAR_0913	Background_Genome	-0.2349	3.0849e-02	6.5175e-02	NO
MMAR_0529	mmp_529	Hypothetical protein / putative uncharacterized oxidoreductase MMAR_0529	Background_Genome	0.2343	3.0940e-02	6.5250e-02	NO
MMAR_0782	mmp_782	Hypothetical protein / putative uncharacterized oxidoreductase MMAR_0782	Background_Genome	0.1784	3.1255e-02	6.5800e-02	NO
MMAR_0199	mmp_199	Hypothetical protein / putative uncharacterized oxidoreductase MMAR_0199	Background_Genome	-0.1208	3.1349e-02	6.5883e-02	NO
MMAR_0330	mmp_330	Hypothetical protein / putative uncharacterized oxidoreductase MMAR_0330	Background_Genome	-0.2315	3.2018e-02	6.7170e-02	NO
MMAR_0764	mmp_764	Hypothetical protein / putative uncharacterized oxidoreductase MMAR_0764	Background_Genome	-0.2303	3.2746e-02	6.8578e-02	NO
MMAR_1048	mmp_1048	Hypothetical protein / putative uncharacterized oxidoreductase MMAR_1048	Background_Genome	0.2005	3.3726e-02	7.0506e-02	NO
MMAR_0173	mmp_173	Hypothetical protein / putative uncharacterized oxidoreductase MMAR_0173	Background_Genome	0.1490	3.3883e-02	7.0712e-02	NO
MMAR_0907	mmp_907	Hypothetical protein / putative uncharacterized oxidoreductase MMAR_0907	Background_Genome	0.1440	3.4140e-02	7.1125e-02	NO
MMAR_0111	mmp_111	Hypothetical protein / putative uncharacterized oxidoreductase MMAR_0111	Background_Genome	0.2247	3.4453e-02	7.1529e-02	NO
MMAR_0524	mmp_524	Hypothetical protein / putative uncharacterized oxidoreductase MMAR_0524	Background_Genome	0.2704	3.4409e-02	7.1529e-02	NO
MMAR_0219	mmp_219	Hypothetical protein / putative uncharacterized oxidoreductase MMAR_0219	Background_Genome	0.2090	3.5166e-02	7.2884e-02	NO
MMAR_0732	mmp_732	Hypothetical protein / putative uncharacterized oxidoreductase MMAR_0732	Background_Genome	0.1879	3.5670e-02	7.3799e-02	NO
MMAR_0648	mmp_648	Hypothetical protein / putative uncharacterized oxidoreductase MMAR_0648	Background_Genome	-0.1020	3.6048e-02	7.4454e-02	NO
MMAR_0277	mmp_277	Hypothetical protein / putative uncharacterized oxidoreductase MMAR_0277	Background_Genome	0.1329	3.6233e-02	7.4596e-02	NO
MMAR_0658	mmp_658	Hypothetical protein / putative uncharacterized oxidoreductase MMAR_0658	Background_Genome	0.1598	3.6241e-02	7.4596e-02	NO
MMAR_0749	mmp_749	Hypothetical protein / putative uncharacterized oxidoreductase MMAR_0749	Background_Genome	-0.2271	3.7300e-02	7.6645e-02	NO
MMAR_0939	mmp_939	Hypothetical protein / putative uncharacterized oxidoreductase MMAR_0939	Background_Genome	-0.2618	3.7488e-02	7.6899e-02	NO
MMAR_0826	mmp_826	Hypothetical protein / putative uncharacterized oxidoreductase MMAR_0826	Background_Genome	0.2000	3.8215e-02	7.8256e-02	NO
MMAR_0303	mmp_303	Hypothetical protein / putative uncharacterized oxidoreductase MMAR_0303	Background_Genome	0.2882	3.8803e-02	7.9191e-02	NO
MMAR_0733	mmp_733	Hypothetical protein / putative uncharacterized oxidoreductase MMAR_0733	Background_Genome	-0.2011	3.8753e-02	7.9191e-02	NO
MMAR_0748	mmp_748	Hypothetical protein / putative uncharacterized oxidoreductase MMAR_0748	Background_Genome	0.1209	3.9668e-02	8.0818e-02	NO
MMAR_0232	mmp_232	Hypothetical protein / putative uncharacterized oxidoreductase MMAR_0232	Background_Genome	0.2698	4.0391e-02	8.2150e-02	NO
MMAR_0341	mmp_341	Hypothetical protein / putative uncharacterized oxidoreductase MMAR_0341	Background_Genome	-0.1747	4.0476e-02	8.2184e-02	NO
MMAR_0140	mmp_140	Hypothetical protein / putative uncharacterized oxidoreductase MMAR_0140	Background_Genome	-0.1443	4.0713e-02	8.2518e-02	NO
MMAR_1101	mmp_1101	Hypothetical protein / putative uncharacterized oxidoreductase MMAR_1101	Background_Genome	0.2080	4.0778e-02	8.2518e-02	NO
MMAR_0644	mmp_644	Hypothetical protein / putative uncharacterized oxidoreductase MMAR_0644	Background_Genome	0.1870	4.0870e-02	8.2566e-02	NO
MMAR_0119	mmp_119	Hypothetical protein / putative uncharacterized oxidoreductase MMAR_0119	Background_Genome	-0.2395	4.2125e-02	8.4883e-02	NO
MMAR_0735	mmp_735	Hypothetical protein / putative uncharacterized oxidoreductase MMAR_0735	Background_Genome	-0.0945	4.2159e-02	8.4883e-02	NO
MMAR_0711	mmp_711	Hypothetical protein / putative uncharacterized oxidoreductase MMAR_0711	Background_Genome	0.2083	4.2772e-02	8.5975e-02	NO
MMAR_0106	mmp_106	Hypothetical protein / putative uncharacterized oxidoreductase MMAR_0106	Background_Genome	0.2239	4.2921e-02	8.5985e-02	NO
MMAR_0425	mmp_425	Hypothetical protein / putative uncharacterized oxidoreductase MMAR_0425	Background_Genome	-0.3459	4.2884e-02	8.5985e-02	NO
MMAR_0947	mmp_947	Hypothetical protein / putative uncharacterized oxidoreductase MMAR_0947	Background_Genome	-0.2669	4.3241e-02	8.6483e-02	NO
MMAR_0615	mmp_615	Hypothetical protein / putative uncharacterized oxidoreductase MMAR_0615	Background_Genome	-0.1926	4.3498e-02	8.6852e-02	NO
MMAR_2761	katG	Catalase-peroxidase KatG	Oxidative_Stress	0.1477	4.3739e-02	8.7043e-02	NO
MMAR_0849	mmp_849	Hypothetical protein / putative uncharacterized oxidoreductase MMAR_0849	Background_Genome	0.2682	4.3688e-02	8.7043e-02	NO
MMAR_0544	mmp_544	Hypothetical protein / putative uncharacterized oxidoreductase MMAR_0544	Background_Genome	-0.1453	4.4342e-02	8.8047e-02	NO
MMAR_0548	mmp_548	Hypothetical protein / putative uncharacterized oxidoreductase MMAR_0548	Background_Genome	-0.1880	4.4390e-02	8.8047e-02	NO
MMAR_0172	mmp_172	Hypothetical protein / putative uncharacterized oxidoreductase MMAR_0172	Background_Genome	0.2357	4.4586e-02	8.8289e-02	NO
MMAR_0236	mmp_236	Hypothetical protein / putative uncharacterized oxidoreductase MMAR_0236	Background_Genome	-0.1556	4.5189e-02	8.9335e-02	NO
MMAR_0604	mmp_604	Hypothetical protein / putative uncharacterized oxidoreductase MMAR_0604	Background_Genome	0.1708	4.5691e-02	9.0032e-02	NO
MMAR_0700	mmp_700	Hypothetical protein / putative uncharacterized oxidoreductase MMAR_0700	Background_Genome	-0.2302	4.5669e-02	9.0032e-02	NO
MMAR_0765	mmp_765	Hypothetical protein / putative uncharacterized oxidoreductase MMAR_0765	Background_Genome	0.0926	4.6387e-02	9.1253e-02	NO
MMAR_0698	mmp_698	Hypothetical protein / putative uncharacterized oxidoreductase MMAR_0698	Background_Genome	-0.1022	4.6950e-02	9.2210e-02	NO
MMAR_0244	mmp_244	Hypothetical protein / putative uncharacterized oxidoreductase MMAR_0244	Background_Genome	-0.1985	4.7147e-02	9.2445e-02	NO
MMAR_0791	mmp_791	Hypothetical protein / putative uncharacterized oxidoreductase MMAR_0791	Background_Genome	-0.1895	4.7786e-02	9.3545e-02	NO
MMAR_0350	mmp_350	Hypothetical protein / putative uncharacterized oxidoreductase MMAR_0350	Background_Genome	0.2062	4.8054e-02	9.3917e-02	NO
MMAR_0720	mmp_720	Hypothetical protein / putative uncharacterized oxidoreductase MMAR_0720	Background_Genome	-0.1753	4.8524e-02	9.4682e-02	NO
MMAR_0828	mmp_828	Hypothetical protein / putative uncharacterized oxidoreductase MMAR_0828	Background_Genome	-0.2272	4.8641e-02	9.4756e-02	NO
MMAR_0837	mmp_837	Hypothetical protein / putative uncharacterized oxidoreductase MMAR_0837	Background_Genome	0.1851	4.9021e-02	9.5340e-02	NO
MMAR_0067	mmp_67	Hypothetical protein / putative uncharacterized oxidoreductase MMAR_0067	Background_Genome	0.2766	5.0009e-02	9.7105e-02	NO
MMAR_0702	mmp_702	Hypothetical protein / putative uncharacterized oxidoreductase MMAR_0702	Background_Genome	-0.2564	5.0423e-02	9.7751e-02	NO
MMAR_0468	mmp_468	Hypothetical protein / putative uncharacterized oxidoreductase MMAR_0468	Background_Genome	0.1984	5.0527e-02	9.7795e-02	NO
MMAR_1178	mmp_1178	Hypothetical protein / putative uncharacterized oxidoreductase MMAR_1178	Background_Genome	-0.2743	5.0835e-02	9.8232e-02	NO
MMAR_1023	mmp_1023	Hypothetical protein / putative uncharacterized oxidoreductase MMAR_1023	Background_Genome	-0.1891	5.2042e-02	1.0040e-01	NO
MMAR_0070	mmp_70	Hypothetical protein / putative uncharacterized oxidoreductase MMAR_0070	Background_Genome	-0.3745	5.2163e-02	1.0047e-01	NO
MMAR_0089	mmp_89	Hypothetical protein / putative uncharacterized oxidoreductase MMAR_0089	Background_Genome	0.2219	5.2460e-02	1.0088e-01	NO
MMAR_0555	mmp_555	Hypothetical protein / putative uncharacterized oxidoreductase MMAR_0555	Background_Genome	-0.1538	5.3116e-02	1.0198e-01	NO
MMAR_4533	tgs1	Triacylglycerol synthase Tgs1 (lipid droplet dormancy)	DosR_Stress	0.2866	5.3242e-02	1.0206e-01	NO
MMAR_0446	mmp_446	Hypothetical protein / putative uncharacterized oxidoreductase MMAR_0446	Background_Genome	0.1335	5.3495e-02	1.0238e-01	NO
MMAR_0728	mmp_728	Hypothetical protein / putative uncharacterized oxidoreductase MMAR_0728	Background_Genome	-0.1811	5.7122e-02	1.0915e-01	NO
MMAR_1890	eno	Enolase Eno (glycolytic enzyme)	Downregulated_Metabolism	0.1595	5.9102e-02	1.1275e-01	NO
MMAR_0983	mmp_983	Hypothetical protein / putative uncharacterized oxidoreductase MMAR_0983	Background_Genome	-0.1130	6.0391e-02	1.1503e-01	NO
MMAR_0755	mmp_755	Hypothetical protein / putative uncharacterized oxidoreductase MMAR_0755	Background_Genome	0.2758	6.1996e-02	1.1790e-01	NO
MMAR_0441	mmp_441	Hypothetical protein / putative uncharacterized oxidoreductase MMAR_0441	Background_Genome	-0.1340	6.2234e-02	1.1817e-01	NO
MMAR_1037	mmp_1037	Hypothetical protein / putative uncharacterized oxidoreductase MMAR_1037	Background_Genome	0.2005	6.3059e-02	1.1954e-01	NO
MMAR_0802	mmp_802	Hypothetical protein / putative uncharacterized oxidoreductase MMAR_0802	Background_Genome	-0.1097	6.3296e-02	1.1980e-01	NO
MMAR_0958	mmp_958	Hypothetical protein / putative uncharacterized oxidoreductase MMAR_0958	Background_Genome	0.1680	6.3402e-02	1.1982e-01	NO
MMAR_1103	mmp_1103	Hypothetical protein / putative uncharacterized oxidoreductase MMAR_1103	Background_Genome	-0.1223	6.3593e-02	1.1999e-01	NO
MMAR_0724	mmp_724	Hypothetical protein / putative uncharacterized oxidoreductase MMAR_0724	Background_Genome	-0.2711	6.4503e-02	1.2151e-01	NO
MMAR_0152	mmp_152	Hypothetical protein / putative uncharacterized oxidoreductase MMAR_0152	Background_Genome	0.1586	6.5048e-02	1.2229e-01	NO
MMAR_0171	mmp_171	Hypothetical protein / putative uncharacterized oxidoreductase MMAR_0171	Background_Genome	-0.1204	6.5199e-02	1.2229e-01	NO
MMAR_0259	mmp_259	Hypothetical protein / putative uncharacterized oxidoreductase MMAR_0259	Background_Genome	0.2104	6.5221e-02	1.2229e-01	NO
MMAR_0575	mmp_575	Hypothetical protein / putative uncharacterized oxidoreductase MMAR_0575	Background_Genome	-0.1428	6.5930e-02	1.2343e-01	NO
MMAR_0541	mmp_541	Hypothetical protein / putative uncharacterized oxidoreductase MMAR_0541	Background_Genome	0.1068	6.6432e-02	1.2417e-01	NO
MMAR_0957	mmp_957	Hypothetical protein / putative uncharacterized oxidoreductase MMAR_0957	Background_Genome	-0.2283	6.8082e-02	1.2706e-01	NO
MMAR_0400	mmp_400	Hypothetical protein / putative uncharacterized oxidoreductase MMAR_0400	Background_Genome	0.0319	6.8379e-02	1.2741e-01	NO
MMAR_0328	mmp_328	Hypothetical protein / putative uncharacterized oxidoreductase MMAR_0328	Background_Genome	0.0644	6.8712e-02	1.2784e-01	NO
MMAR_0072	mmp_72	Hypothetical protein / putative uncharacterized oxidoreductase MMAR_0072	Background_Genome	0.1205	7.0074e-02	1.3017e-01	NO
MMAR_0761	mmp_761	Hypothetical protein / putative uncharacterized oxidoreductase MMAR_0761	Background_Genome	-0.1765	7.0220e-02	1.3024e-01	NO
MMAR_0523	mmp_523	Hypothetical protein / putative uncharacterized oxidoreductase MMAR_0523	Background_Genome	0.1684	7.0443e-02	1.3045e-01	NO
MMAR_1177	mmp_1177	Hypothetical protein / putative uncharacterized oxidoreductase MMAR_1177	Background_Genome	-0.1888	7.1207e-02	1.3166e-01	NO
MMAR_0869	mmp_869	Hypothetical protein / putative uncharacterized oxidoreductase MMAR_0869	Background_Genome	0.1667	7.1458e-02	1.3192e-01	NO
MMAR_0512	mmp_512	Hypothetical protein / putative uncharacterized oxidoreductase MMAR_0512	Background_Genome	-0.1828	7.1579e-02	1.3194e-01	NO
MMAR_0918	mmp_918	Hypothetical protein / putative uncharacterized oxidoreductase MMAR_0918	Background_Genome	0.2895	7.1706e-02	1.3197e-01	NO
MMAR_1537	kasA	Beta-ketoacyl-ACP synthase KasA (FAS-II elongation)	Cell_Wall_Lipids	-0.2377	7.2183e-02	1.3265e-01	NO
MMAR_0961	mmp_961	Hypothetical protein / putative uncharacterized oxidoreductase MMAR_0961	Background_Genome	0.2516	7.2453e-02	1.3294e-01	NO
MMAR_0890	mmp_890	Hypothetical protein / putative uncharacterized oxidoreductase MMAR_0890	Background_Genome	0.1317	7.2800e-02	1.3337e-01	NO
MMAR_1183	mmp_1183	Hypothetical protein / putative uncharacterized oxidoreductase MMAR_1183	Background_Genome	-0.1912	7.4706e-02	1.3666e-01	NO
MMAR_0207	mmp_207	Hypothetical protein / putative uncharacterized oxidoreductase MMAR_0207	Background_Genome	0.1198	7.5478e-02	1.3765e-01	NO
MMAR_0572	mmp_572	Hypothetical protein / putative uncharacterized oxidoreductase MMAR_0572	Background_Genome	0.1167	7.5414e-02	1.3765e-01	NO
MMAR_0491	mmp_491	Hypothetical protein / putative uncharacterized oxidoreductase MMAR_0491	Background_Genome	-0.2623	7.5859e-02	1.3793e-01	NO
MMAR_0944	mmp_944	Hypothetical protein / putative uncharacterized oxidoreductase MMAR_0944	Background_Genome	0.2567	7.5838e-02	1.3793e-01	NO
MMAR_0128	mmp_128	Hypothetical protein / putative uncharacterized oxidoreductase MMAR_0128	Background_Genome	0.0617	7.8516e-02	1.4238e-01	NO
MMAR_0933	mmp_933	Hypothetical protein / putative uncharacterized oxidoreductase MMAR_0933	Background_Genome	0.1059	7.8559e-02	1.4238e-01	NO
MMAR_0969	mmp_969	Hypothetical protein / putative uncharacterized oxidoreductase MMAR_0969	Background_Genome	0.2927	7.8666e-02	1.4238e-01	NO
MMAR_0292	mmp_292	Hypothetical protein / putative uncharacterized oxidoreductase MMAR_0292	Background_Genome	-0.2016	7.9207e-02	1.4299e-01	NO
MMAR_1195	mmp_1195	Hypothetical protein / putative uncharacterized oxidoreductase MMAR_1195	Background_Genome	0.1615	7.9239e-02	1.4299e-01	NO
MMAR_0781	mmp_781	Hypothetical protein / putative uncharacterized oxidoreductase MMAR_0781	Background_Genome	0.1993	8.0077e-02	1.4428e-01	NO
MMAR_0323	mmp_323	Hypothetical protein / putative uncharacterized oxidoreductase MMAR_0323	Background_Genome	-0.2147	8.0412e-02	1.4467e-01	NO
MMAR_0864	mmp_864	Hypothetical protein / putative uncharacterized oxidoreductase MMAR_0864	Background_Genome	-0.0762	8.1514e-02	1.4643e-01	NO
MMAR_0510	mmp_510	Hypothetical protein / putative uncharacterized oxidoreductase MMAR_0510	Background_Genome	0.0899	8.3902e-02	1.5050e-01	NO
MMAR_0317	mmp_317	Hypothetical protein / putative uncharacterized oxidoreductase MMAR_0317	Background_Genome	-0.1302	8.6729e-02	1.5534e-01	NO
MMAR_0527	mmp_527	Hypothetical protein / putative uncharacterized oxidoreductase MMAR_0527	Background_Genome	0.2410	8.7789e-02	1.5668e-01	NO
MMAR_0628	mmp_628	Hypothetical protein / putative uncharacterized oxidoreductase MMAR_0628	Background_Genome	0.1292	8.7870e-02	1.5668e-01	NO
MMAR_0759	mmp_759	Hypothetical protein / putative uncharacterized oxidoreductase MMAR_0759	Background_Genome	-0.2061	8.7670e-02	1.5668e-01	NO
MMAR_0430	mmp_430	Hypothetical protein / putative uncharacterized oxidoreductase MMAR_0430	Background_Genome	0.1352	8.8640e-02	1.5782e-01	NO
MMAR_0666	mmp_666	Hypothetical protein / putative uncharacterized oxidoreductase MMAR_0666	Background_Genome	0.2045	9.0037e-02	1.6007e-01	NO
MMAR_0126	mmp_126	Hypothetical protein / putative uncharacterized oxidoreductase MMAR_0126	Background_Genome	0.2430	9.0714e-02	1.6086e-01	NO
MMAR_0418	mmp_418	Hypothetical protein / putative uncharacterized oxidoreductase MMAR_0418	Background_Genome	0.2263	9.0750e-02	1.6086e-01	NO
MMAR_0137	mmp_137	Hypothetical protein / putative uncharacterized oxidoreductase MMAR_0137	Background_Genome	-0.1626	9.1269e-02	1.6130e-01	NO
MMAR_0774	mmp_774	Hypothetical protein / putative uncharacterized oxidoreductase MMAR_0774	Background_Genome	0.2467	9.1144e-02	1.6130e-01	NO
MMAR_0434	mmp_434	Hypothetical protein / putative uncharacterized oxidoreductase MMAR_0434	Background_Genome	-0.2115	9.1691e-02	1.6181e-01	NO
MMAR_0162	mmp_162	Hypothetical protein / putative uncharacterized oxidoreductase MMAR_0162	Background_Genome	-0.1757	9.1892e-02	1.6192e-01	NO
MMAR_0542	mmp_542	Hypothetical protein / putative uncharacterized oxidoreductase MMAR_0542	Background_Genome	-0.2666	9.2267e-02	1.6235e-01	NO
MMAR_0240	mmp_240	Hypothetical protein / putative uncharacterized oxidoreductase MMAR_0240	Background_Genome	0.1034	9.2806e-02	1.6298e-01	NO
MMAR_0314	mmp_314	Hypothetical protein / putative uncharacterized oxidoreductase MMAR_0314	Background_Genome	-0.0833	9.2898e-02	1.6298e-01	NO
MMAR_0308	mmp_308	Hypothetical protein / putative uncharacterized oxidoreductase MMAR_0308	Background_Genome	-0.1465	9.3040e-02	1.6299e-01	NO
MMAR_0443	mmp_443	Hypothetical protein / putative uncharacterized oxidoreductase MMAR_0443	Background_Genome	0.1161	9.3691e-02	1.6386e-01	NO
MMAR_0928	mmp_928	Hypothetical protein / putative uncharacterized oxidoreductase MMAR_0928	Background_Genome	0.0940	9.3808e-02	1.6386e-01	NO
MMAR_1151	mmp_1151	Hypothetical protein / putative uncharacterized oxidoreductase MMAR_1151	Background_Genome	-0.1367	9.4079e-02	1.6409e-01	NO
MMAR_1194	mmp_1194	Hypothetical protein / putative uncharacterized oxidoreductase MMAR_1194	Background_Genome	-0.1024	9.4473e-02	1.6454e-01	NO
MMAR_0231	mmp_231	Hypothetical protein / putative uncharacterized oxidoreductase MMAR_0231	Background_Genome	0.1943	9.6515e-02	1.6785e-01	NO
MMAR_0304	mmp_304	Hypothetical protein / putative uncharacterized oxidoreductase MMAR_0304	Background_Genome	0.2390	9.8458e-02	1.7098e-01	NO
MMAR_1013	mmp_1013	Hypothetical protein / putative uncharacterized oxidoreductase MMAR_1013	Background_Genome	-0.1319	9.8599e-02	1.7098e-01	NO
MMAR_0260	mmp_260	Hypothetical protein / putative uncharacterized oxidoreductase MMAR_0260	Background_Genome	0.1598	9.8790e-02	1.7107e-01	NO
MMAR_0208	mmp_208	Hypothetical protein / putative uncharacterized oxidoreductase MMAR_0208	Background_Genome	-0.1319	9.9467e-02	1.7199e-01	NO
MMAR_1301	rpoC	DNA-directed RNA polymerase beta' subunit	Housekeeping	-0.1610	9.9782e-02	1.7229e-01	NO
MMAR_0311	mmp_311	Hypothetical protein / putative uncharacterized oxidoreductase MMAR_0311	Background_Genome	0.1273	9.9966e-02	1.7236e-01	NO
MMAR_1042	mmp_1042	Hypothetical protein / putative uncharacterized oxidoreductase MMAR_1042	Background_Genome	0.2204	1.0020e-01	1.7250e-01	NO
MMAR_0180	mmp_180	Hypothetical protein / putative uncharacterized oxidoreductase MMAR_0180	Background_Genome	-0.0881	1.0101e-01	1.7366e-01	NO
MMAR_1172	mmp_1172	Hypothetical protein / putative uncharacterized oxidoreductase MMAR_1172	Background_Genome	-0.2171	1.0144e-01	1.7415e-01	NO
MMAR_0806	mmp_806	Hypothetical protein / putative uncharacterized oxidoreductase MMAR_0806	Background_Genome	-0.1615	1.0278e-01	1.7620e-01	NO
MMAR_1018	mmp_1018	Hypothetical protein / putative uncharacterized oxidoreductase MMAR_1018	Background_Genome	-0.0999	1.0364e-01	1.7741e-01	NO
MMAR_0932	mmp_932	Hypothetical protein / putative uncharacterized oxidoreductase MMAR_0932	Background_Genome	-0.0963	1.0439e-01	1.7844e-01	NO
MMAR_1058	mmp_1058	Hypothetical protein / putative uncharacterized oxidoreductase MMAR_1058	Background_Genome	-0.1451	1.0613e-01	1.8117e-01	NO
MMAR_0139	mmp_139	Hypothetical protein / putative uncharacterized oxidoreductase MMAR_0139	Background_Genome	-0.1981	1.0649e-01	1.8152e-01	NO
MMAR_0490	mmp_490	Hypothetical protein / putative uncharacterized oxidoreductase MMAR_0490	Background_Genome	0.1065	1.0806e-01	1.8393e-01	NO
MMAR_0621	mmp_621	Hypothetical protein / putative uncharacterized oxidoreductase MMAR_0621	Background_Genome	0.1466	1.0877e-01	1.8462e-01	NO
MMAR_0719	mmp_719	Hypothetical protein / putative uncharacterized oxidoreductase MMAR_0719	Background_Genome	-0.1037	1.0868e-01	1.8462e-01	NO
MMAR_1033	mmp_1033	Hypothetical protein / putative uncharacterized oxidoreductase MMAR_1033	Background_Genome	0.1960	1.0936e-01	1.8520e-01	NO
MMAR_1143	mmp_1143	Hypothetical protein / putative uncharacterized oxidoreductase MMAR_1143	Background_Genome	-0.1949	1.0942e-01	1.8520e-01	NO
MMAR_0909	mmp_909	Hypothetical protein / putative uncharacterized oxidoreductase MMAR_0909	Background_Genome	0.1556	1.1059e-01	1.8691e-01	NO
MMAR_0325	mmp_325	Hypothetical protein / putative uncharacterized oxidoreductase MMAR_0325	Background_Genome	-0.1243	1.1128e-01	1.8764e-01	NO
MMAR_0495	mmp_495	Hypothetical protein / putative uncharacterized oxidoreductase MMAR_0495	Background_Genome	0.2132	1.1133e-01	1.8764e-01	NO
MMAR_1102	mmp_1102	Hypothetical protein / putative uncharacterized oxidoreductase MMAR_1102	Background_Genome	-0.2421	1.1249e-01	1.8933e-01	NO
MMAR_0934	mmp_934	Hypothetical protein / putative uncharacterized oxidoreductase MMAR_0934	Background_Genome	-0.2437	1.1266e-01	1.8934e-01	NO
MMAR_1085	mmp_1085	Hypothetical protein / putative uncharacterized oxidoreductase MMAR_1085	Background_Genome	0.1752	1.1341e-01	1.9033e-01	NO
MMAR_0971	mmp_971	Hypothetical protein / putative uncharacterized oxidoreductase MMAR_0971	Background_Genome	0.2354	1.1465e-01	1.9215e-01	NO
MMAR_0543	mmp_543	Hypothetical protein / putative uncharacterized oxidoreductase MMAR_0543	Background_Genome	-0.2108	1.1687e-01	1.9533e-01	NO
MMAR_0820	mmp_820	Hypothetical protein / putative uncharacterized oxidoreductase MMAR_0820	Background_Genome	0.1571	1.1674e-01	1.9533e-01	NO
MMAR_0275	mmp_275	Hypothetical protein / putative uncharacterized oxidoreductase MMAR_0275	Background_Genome	-0.1580	1.1733e-01	1.9566e-01	NO
MMAR_1041	mmp_1041	Hypothetical protein / putative uncharacterized oxidoreductase MMAR_1041	Background_Genome	0.1128	1.1740e-01	1.9566e-01	NO
MMAR_0345	mmp_345	Hypothetical protein / putative uncharacterized oxidoreductase MMAR_0345	Background_Genome	0.1350	1.1917e-01	1.9835e-01	NO
MMAR_0419	mmp_419	Hypothetical protein / putative uncharacterized oxidoreductase MMAR_0419	Background_Genome	-0.1262	1.1960e-01	1.9878e-01	NO
MMAR_0450	mmp_450	Hypothetical protein / putative uncharacterized oxidoreductase MMAR_0450	Background_Genome	0.2029	1.2115e-01	2.0108e-01	NO
MMAR_0908	mmp_908	Hypothetical protein / putative uncharacterized oxidoreductase MMAR_0908	Background_Genome	0.1114	1.2158e-01	2.0152e-01	NO
MMAR_0679	mmp_679	Hypothetical protein / putative uncharacterized oxidoreductase MMAR_0679	Background_Genome	-0.1729	1.2319e-01	2.0390e-01	NO
MMAR_1300	rpoB	DNA-directed RNA polymerase beta subunit	Housekeeping	0.1952	1.2399e-01	2.0493e-01	NO
MMAR_0092	mmp_92	Hypothetical protein / putative uncharacterized oxidoreductase MMAR_0092	Background_Genome	0.1625	1.2478e-01	2.0569e-01	NO
MMAR_0673	mmp_673	Hypothetical protein / putative uncharacterized oxidoreductase MMAR_0673	Background_Genome	0.1913	1.2471e-01	2.0569e-01	NO
MMAR_1163	mmp_1163	Hypothetical protein / putative uncharacterized oxidoreductase MMAR_1163	Background_Genome	-0.1976	1.2503e-01	2.0581e-01	NO
MMAR_2315	fmt	Formyltransferase (glycopeptidolipid modification)	Biofilm_GPL	0.1093	1.2561e-01	2.0619e-01	NO
MMAR_0145	mmp_145	Hypothetical protein / putative uncharacterized oxidoreductase MMAR_0145	Background_Genome	-0.2022	1.2544e-01	2.0619e-01	NO
MMAR_0156	mmp_156	Hypothetical protein / putative uncharacterized oxidoreductase MMAR_0156	Background_Genome	-0.0644	1.2651e-01	2.0739e-01	NO
MMAR_4996	mmpL8	Sulfolipid transporter MmpL8	Cell_Wall_Lipids	0.1571	1.2734e-01	2.0847e-01	NO
MMAR_0087	mmp_87	Hypothetical protein / putative uncharacterized oxidoreductase MMAR_0087	Background_Genome	-0.1823	1.2900e-01	2.1090e-01	NO
MMAR_1043	mmp_1043	Hypothetical protein / putative uncharacterized oxidoreductase MMAR_1043	Background_Genome	-0.0503	1.3160e-01	2.1487e-01	NO
MMAR_0433	mmp_433	Hypothetical protein / putative uncharacterized oxidoreductase MMAR_0433	Background_Genome	0.1792	1.3245e-01	2.1594e-01	NO
MMAR_0271	mmp_271	Hypothetical protein / putative uncharacterized oxidoreductase MMAR_0271	Background_Genome	0.1192	1.3301e-01	2.1657e-01	NO
MMAR_0846	mmp_846	Hypothetical protein / putative uncharacterized oxidoreductase MMAR_0846	Background_Genome	-0.0804	1.3470e-01	2.1903e-01	NO
MMAR_0561	mmp_561	Hypothetical protein / putative uncharacterized oxidoreductase MMAR_0561	Background_Genome	-0.1446	1.3495e-01	2.1914e-01	NO
MMAR_0396	mmp_396	Hypothetical protein / putative uncharacterized oxidoreductase MMAR_0396	Background_Genome	-0.1447	1.3680e-01	2.2184e-01	NO
MMAR_0124	mmp_124	Hypothetical protein / putative uncharacterized oxidoreductase MMAR_0124	Background_Genome	0.0797	1.3770e-01	2.2299e-01	NO
MMAR_0926	mmp_926	Hypothetical protein / putative uncharacterized oxidoreductase MMAR_0926	Background_Genome	-0.0972	1.3789e-01	2.2300e-01	NO
MMAR_0151	mmp_151	Hypothetical protein / putative uncharacterized oxidoreductase MMAR_0151	Background_Genome	-0.1339	1.3971e-01	2.2535e-01	NO
MMAR_0378	mmp_378	Hypothetical protein / putative uncharacterized oxidoreductase MMAR_0378	Background_Genome	-0.2007	1.3963e-01	2.2535e-01	NO
MMAR_0603	mmp_603	Hypothetical protein / putative uncharacterized oxidoreductase MMAR_0603	Background_Genome	0.2641	1.4057e-01	2.2612e-01	NO
MMAR_0784	mmp_784	Hypothetical protein / putative uncharacterized oxidoreductase MMAR_0784	Background_Genome	0.1580	1.4044e-01	2.2612e-01	NO
MMAR_1133	mmp_1133	Hypothetical protein / putative uncharacterized oxidoreductase MMAR_1133	Background_Genome	0.0934	1.4154e-01	2.2738e-01	NO
MMAR_0289	mmp_289	Hypothetical protein / putative uncharacterized oxidoreductase MMAR_0289	Background_Genome	0.1904	1.4180e-01	2.2748e-01	NO
MMAR_1145	mmp_1145	Hypothetical protein / putative uncharacterized oxidoreductase MMAR_1145	Background_Genome	-0.1182	1.4424e-01	2.3109e-01	NO
MMAR_0153	mmp_153	Hypothetical protein / putative uncharacterized oxidoreductase MMAR_0153	Background_Genome	-0.1601	1.4487e-01	2.3148e-01	NO
MMAR_0834	mmp_834	Hypothetical protein / putative uncharacterized oxidoreductase MMAR_0834	Background_Genome	-0.1161	1.4486e-01	2.3148e-01	NO
MMAR_1165	mmp_1165	Hypothetical protein / putative uncharacterized oxidoreductase MMAR_1165	Background_Genome	0.1110	1.4507e-01	2.3150e-01	NO
MMAR_0073	mmp_73	Hypothetical protein / putative uncharacterized oxidoreductase MMAR_0073	Background_Genome	-0.1969	1.4545e-01	2.3179e-01	NO
MMAR_0426	mmp_426	Hypothetical protein / putative uncharacterized oxidoreductase MMAR_0426	Background_Genome	0.1326	1.4571e-01	2.3189e-01	NO
MMAR_0321	mmp_321	Hypothetical protein / putative uncharacterized oxidoreductase MMAR_0321	Background_Genome	0.0940	1.4635e-01	2.3261e-01	NO
MMAR_0500	mmp_500	Hypothetical protein / putative uncharacterized oxidoreductase MMAR_0500	Background_Genome	0.0518	1.4817e-01	2.3520e-01	NO
MMAR_0559	mmp_559	Hypothetical protein / putative uncharacterized oxidoreductase MMAR_0559	Background_Genome	0.0509	1.4964e-01	2.3722e-01	NO
MMAR_0269	mmp_269	Hypothetical protein / putative uncharacterized oxidoreductase MMAR_0269	Background_Genome	0.1461	1.5132e-01	2.3955e-01	NO
MMAR_5440	esxB	10 kDa culture filtrate antigen CFP-10	ESX_Secretion	-0.2483	1.5209e-01	2.4046e-01	NO
MMAR_0576	mmp_576	Hypothetical protein / putative uncharacterized oxidoreductase MMAR_0576	Background_Genome	0.1849	1.5368e-01	2.4265e-01	NO
MMAR_0077	mmp_77	Hypothetical protein / putative uncharacterized oxidoreductase MMAR_0077	Background_Genome	0.1192	1.5418e-01	2.4313e-01	NO
MMAR_0756	mmp_756	Hypothetical protein / putative uncharacterized oxidoreductase MMAR_0756	Background_Genome	0.1398	1.5586e-01	2.4513e-01	NO
MMAR_0955	mmp_955	Hypothetical protein / putative uncharacterized oxidoreductase MMAR_0955	Background_Genome	0.1234	1.5575e-01	2.4513e-01	NO
MMAR_1054	mmp_1054	Hypothetical protein / putative uncharacterized oxidoreductase MMAR_1054	Background_Genome	-0.1006	1.5747e-01	2.4734e-01	NO
MMAR_0620	mmp_620	Hypothetical protein / putative uncharacterized oxidoreductase MMAR_0620	Background_Genome	0.1325	1.5918e-01	2.4969e-01	NO
MMAR_0885	mmp_885	Hypothetical protein / putative uncharacterized oxidoreductase MMAR_0885	Background_Genome	-0.1003	1.6031e-01	2.5114e-01	NO
MMAR_0186	mmp_186	Hypothetical protein / putative uncharacterized oxidoreductase MMAR_0186	Background_Genome	0.1857	1.6311e-01	2.5520e-01	NO
MMAR_0363	mmp_363	Hypothetical protein / putative uncharacterized oxidoreductase MMAR_0363	Background_Genome	0.1600	1.6368e-01	2.5575e-01	NO
MMAR_2101	gyrB	DNA gyrase subunit B	Housekeeping	-0.1292	1.6535e-01	2.5769e-01	NO
MMAR_0902	mmp_902	Hypothetical protein / putative uncharacterized oxidoreductase MMAR_0902	Background_Genome	-0.2097	1.6519e-01	2.5769e-01	NO
MMAR_0689	mmp_689	Hypothetical protein / putative uncharacterized oxidoreductase MMAR_0689	Background_Genome	0.1136	1.6653e-01	2.5919e-01	NO
MMAR_5445	eccB1	ESX-1 membrane protein EccB1	ESX_Secretion	-0.0892	1.6696e-01	2.5944e-01	NO
MMAR_0993	mmp_993	Hypothetical protein / putative uncharacterized oxidoreductase MMAR_0993	Background_Genome	0.1487	1.6712e-01	2.5944e-01	NO
MMAR_1035	mmp_1035	Hypothetical protein / putative uncharacterized oxidoreductase MMAR_1035	Background_Genome	-0.1406	1.6791e-01	2.6033e-01	NO
MMAR_0563	mmp_563	Hypothetical protein / putative uncharacterized oxidoreductase MMAR_0563	Background_Genome	-0.1665	1.6861e-01	2.6108e-01	NO
MMAR_0581	mmp_581	Hypothetical protein / putative uncharacterized oxidoreductase MMAR_0581	Background_Genome	0.1779	1.7023e-01	2.6324e-01	NO
MMAR_0967	mmp_967	Hypothetical protein / putative uncharacterized oxidoreductase MMAR_0967	Background_Genome	-0.1204	1.7182e-01	2.6535e-01	NO
MMAR_0886	mmp_886	Hypothetical protein / putative uncharacterized oxidoreductase MMAR_0886	Background_Genome	0.1154	1.7229e-01	2.6574e-01	NO
MMAR_0094	mmp_94	Hypothetical protein / putative uncharacterized oxidoreductase MMAR_0094	Background_Genome	-0.1218	1.7287e-01	2.6618e-01	NO
MMAR_1027	mmp_1027	Hypothetical protein / putative uncharacterized oxidoreductase MMAR_1027	Background_Genome	-0.1324	1.7302e-01	2.6618e-01	NO
MMAR_1534	fabD	Malonyl-CoA:ACP transacylase FabD	Cell_Wall_Lipids	-0.1241	1.7326e-01	2.6622e-01	NO
MMAR_0533	mmp_533	Hypothetical protein / putative uncharacterized oxidoreductase MMAR_0533	Background_Genome	0.0793	1.7454e-01	2.6784e-01	NO
MMAR_1535	acpM	Acyl carrier protein AcpM (meromycolic chain carrier)	Cell_Wall_Lipids	-0.1296	1.7484e-01	2.6795e-01	NO
MMAR_0619	mmp_619	Hypothetical protein / putative uncharacterized oxidoreductase MMAR_0619	Background_Genome	0.1400	1.7666e-01	2.7040e-01	NO
MMAR_0894	mmp_894	Hypothetical protein / putative uncharacterized oxidoreductase MMAR_0894	Background_Genome	-0.1351	1.7813e-01	2.7219e-01	NO
MMAR_1139	mmp_1139	Hypothetical protein / putative uncharacterized oxidoreductase MMAR_1139	Background_Genome	0.1306	1.7828e-01	2.7219e-01	NO
MMAR_1082	mmp_1082	Hypothetical protein / putative uncharacterized oxidoreductase MMAR_1082	Background_Genome	0.1738	1.7931e-01	2.7341e-01	NO
MMAR_0405	mmp_405	Hypothetical protein / putative uncharacterized oxidoreductase MMAR_0405	Background_Genome	0.0931	1.8018e-01	2.7412e-01	NO
MMAR_0838	mmp_838	Hypothetical protein / putative uncharacterized oxidoreductase MMAR_0838	Background_Genome	0.1642	1.8046e-01	2.7412e-01	NO
MMAR_1125	mmp_1125	Hypothetical protein / putative uncharacterized oxidoreductase MMAR_1125	Background_Genome	-0.1182	1.8045e-01	2.7412e-01	NO
MMAR_0115	mmp_115	Hypothetical protein / putative uncharacterized oxidoreductase MMAR_0115	Background_Genome	-0.1221	1.8444e-01	2.7982e-01	NO
MMAR_1030	mmp_1030	Hypothetical protein / putative uncharacterized oxidoreductase MMAR_1030	Background_Genome	0.1635	1.8913e-01	2.8656e-01	NO
MMAR_1191	mmp_1191	Hypothetical protein / putative uncharacterized oxidoreductase MMAR_1191	Background_Genome	-0.1871	1.9105e-01	2.8910e-01	NO
MMAR_0667	mmp_667	Hypothetical protein / putative uncharacterized oxidoreductase MMAR_0667	Background_Genome	-0.1255	1.9175e-01	2.8980e-01	NO
MMAR_0857	mmp_857	Hypothetical protein / putative uncharacterized oxidoreductase MMAR_0857	Background_Genome	-0.1017	1.9368e-01	2.9198e-01	NO
MMAR_0974	mmp_974	Hypothetical protein / putative uncharacterized oxidoreductase MMAR_0974	Background_Genome	0.1388	1.9358e-01	2.9198e-01	NO
MMAR_0239	mmp_239	Hypothetical protein / putative uncharacterized oxidoreductase MMAR_0239	Background_Genome	0.1083	1.9402e-01	2.9213e-01	NO
MMAR_0088	mmp_88	Hypothetical protein / putative uncharacterized oxidoreductase MMAR_0088	Background_Genome	-0.0937	1.9758e-01	2.9637e-01	NO
MMAR_0722	mmp_722	Hypothetical protein / putative uncharacterized oxidoreductase MMAR_0722	Background_Genome	-0.1406	1.9754e-01	2.9637e-01	NO
MMAR_0945	mmp_945	Hypothetical protein / putative uncharacterized oxidoreductase MMAR_0945	Background_Genome	0.1459	1.9756e-01	2.9637e-01	NO
MMAR_0567	mmp_567	Hypothetical protein / putative uncharacterized oxidoreductase MMAR_0567	Background_Genome	-0.1537	1.9886e-01	2.9792e-01	NO
MMAR_0629	mmp_629	Hypothetical protein / putative uncharacterized oxidoreductase MMAR_0629	Background_Genome	-0.1253	2.0149e-01	3.0110e-01	NO
MMAR_0818	mmp_818	Hypothetical protein / putative uncharacterized oxidoreductase MMAR_0818	Background_Genome	-0.1570	2.0139e-01	3.0110e-01	NO
MMAR_0309	mmp_309	Hypothetical protein / putative uncharacterized oxidoreductase MMAR_0309	Background_Genome	0.1068	2.0305e-01	3.0202e-01	NO
MMAR_0429	mmp_429	Hypothetical protein / putative uncharacterized oxidoreductase MMAR_0429	Background_Genome	-0.2134	2.0268e-01	3.0202e-01	NO
MMAR_0475	mmp_475	Hypothetical protein / putative uncharacterized oxidoreductase MMAR_0475	Background_Genome	0.1040	2.0311e-01	3.0202e-01	NO
MMAR_0884	mmp_884	Hypothetical protein / putative uncharacterized oxidoreductase MMAR_0884	Background_Genome	-0.1312	2.0240e-01	3.0202e-01	NO
MMAR_0742	mmp_742	Hypothetical protein / putative uncharacterized oxidoreductase MMAR_0742	Background_Genome	0.0806	2.0422e-01	3.0329e-01	NO
MMAR_0483	mmp_483	Hypothetical protein / putative uncharacterized oxidoreductase MMAR_0483	Background_Genome	0.1830	2.0585e-01	3.0534e-01	NO
MMAR_0382	mmp_382	Hypothetical protein / putative uncharacterized oxidoreductase MMAR_0382	Background_Genome	-0.1531	2.0629e-01	3.0555e-01	NO
MMAR_1090	mmp_1090	Hypothetical protein / putative uncharacterized oxidoreductase MMAR_1090	Background_Genome	0.1177	2.0650e-01	3.0555e-01	NO
MMAR_0329	mmp_329	Hypothetical protein / putative uncharacterized oxidoreductase MMAR_0329	Background_Genome	-0.0706	2.0774e-01	3.0700e-01	NO
MMAR_0953	mmp_953	Hypothetical protein / putative uncharacterized oxidoreductase MMAR_0953	Background_Genome	-0.1502	2.1262e-01	3.1383e-01	NO
MMAR_0770	mmp_770	Hypothetical protein / putative uncharacterized oxidoreductase MMAR_0770	Background_Genome	-0.1404	2.1320e-01	3.1430e-01	NO
MMAR_0135	mmp_135	Hypothetical protein / putative uncharacterized oxidoreductase MMAR_0135	Background_Genome	-0.1254	2.1412e-01	3.1527e-01	NO
MMAR_1155	mmp_1155	Hypothetical protein / putative uncharacterized oxidoreductase MMAR_1155	Background_Genome	0.1120	2.1539e-01	3.1675e-01	NO
MMAR_1069	mmp_1069	Hypothetical protein / putative uncharacterized oxidoreductase MMAR_1069	Background_Genome	0.2003	2.1758e-01	3.1958e-01	NO
MMAR_3979	trxC	Thioredoxin TrxC	Oxidative_Stress	0.1382	2.2013e-01	3.2293e-01	NO
MMAR_0138	mmp_138	Hypothetical protein / putative uncharacterized oxidoreductase MMAR_0138	Background_Genome	0.2145	2.2302e-01	3.2677e-01	NO
MMAR_0736	mmp_736	Hypothetical protein / putative uncharacterized oxidoreductase MMAR_0736	Background_Genome	0.1327	2.2627e-01	3.3113e-01	NO
MMAR_0717	mmp_717	Hypothetical protein / putative uncharacterized oxidoreductase MMAR_0717	Background_Genome	0.1584	2.2874e-01	3.3433e-01	NO
MMAR_0488	mmp_488	Hypothetical protein / putative uncharacterized oxidoreductase MMAR_0488	Background_Genome	-0.1536	2.3055e-01	3.3654e-01	NO
MMAR_0762	mmp_762	Hypothetical protein / putative uncharacterized oxidoreductase MMAR_0762	Background_Genome	0.1292	2.3081e-01	3.3654e-01	NO
MMAR_0401	mmp_401	Hypothetical protein / putative uncharacterized oxidoreductase MMAR_0401	Background_Genome	-0.1890	2.3270e-01	3.3888e-01	NO
MMAR_0588	mmp_588	Hypothetical protein / putative uncharacterized oxidoreductase MMAR_0588	Background_Genome	-0.0518	2.3491e-01	3.4168e-01	NO
MMAR_1008	mmp_1008	Hypothetical protein / putative uncharacterized oxidoreductase MMAR_1008	Background_Genome	0.0998	2.3651e-01	3.4359e-01	NO
MMAR_0473	mmp_473	Hypothetical protein / putative uncharacterized oxidoreductase MMAR_0473	Background_Genome	0.1428	2.3727e-01	3.4386e-01	NO
MMAR_0809	mmp_809	Hypothetical protein / putative uncharacterized oxidoreductase MMAR_0809	Background_Genome	-0.0803	2.3708e-01	3.4386e-01	NO
MMAR_2434	fbpB	Antigen 85B mycolyltransferase FbpB	Cell_Wall_Lipids	-0.1147	2.3945e-01	3.4650e-01	NO
MMAR_1134	mmp_1134	Hypothetical protein / putative uncharacterized oxidoreductase MMAR_1134	Background_Genome	-0.1014	2.3966e-01	3.4650e-01	NO
MMAR_0142	mmp_142	Hypothetical protein / putative uncharacterized oxidoreductase MMAR_0142	Background_Genome	0.0692	2.4082e-01	3.4775e-01	NO
MMAR_0417	mmp_417	Hypothetical protein / putative uncharacterized oxidoreductase MMAR_0417	Background_Genome	-0.1442	2.4195e-01	3.4896e-01	NO
MMAR_0676	mmp_676	Hypothetical protein / putative uncharacterized oxidoreductase MMAR_0676	Background_Genome	0.1319	2.4273e-01	3.4967e-01	NO
MMAR_0856	mmp_856	Hypothetical protein / putative uncharacterized oxidoreductase MMAR_0856	Background_Genome	-0.0432	2.4428e-01	3.5148e-01	NO
MMAR_0709	mmp_709	Hypothetical protein / putative uncharacterized oxidoreductase MMAR_0709	Background_Genome	-0.1153	2.4609e-01	3.5333e-01	NO
MMAR_0726	mmp_726	Hypothetical protein / putative uncharacterized oxidoreductase MMAR_0726	Background_Genome	0.0774	2.4615e-01	3.5333e-01	NO
MMAR_0366	mmp_366	Hypothetical protein / putative uncharacterized oxidoreductase MMAR_0366	Background_Genome	0.0946	2.4755e-01	3.5491e-01	NO
MMAR_1055	mmp_1055	Hypothetical protein / putative uncharacterized oxidoreductase MMAR_1055	Background_Genome	0.1211	2.4948e-01	3.5726e-01	NO
MMAR_0538	mmp_538	Hypothetical protein / putative uncharacterized oxidoreductase MMAR_0538	Background_Genome	0.0740	2.5046e-01	3.5822e-01	NO
MMAR_0515	mmp_515	Hypothetical protein / putative uncharacterized oxidoreductase MMAR_0515	Background_Genome	0.0601	2.5229e-01	3.6041e-01	NO
MMAR_1804	sigE	ECF RNA polymerase sigma factor SigE (envelope stress)	DosR_Stress	0.1116	2.5309e-01	3.6112e-01	NO
MMAR_0075	mmp_75	Hypothetical protein / putative uncharacterized oxidoreductase MMAR_0075	Background_Genome	0.1461	2.5528e-01	3.6339e-01	NO
MMAR_0786	mmp_786	Hypothetical protein / putative uncharacterized oxidoreductase MMAR_0786	Background_Genome	-0.1591	2.5505e-01	3.6339e-01	NO
MMAR_0975	mmp_975	Hypothetical protein / putative uncharacterized oxidoreductase MMAR_0975	Background_Genome	0.0999	2.5687e-01	3.6522e-01	NO
MMAR_0221	mmp_221	Hypothetical protein / putative uncharacterized oxidoreductase MMAR_0221	Background_Genome	-0.1000	2.5879e-01	3.6690e-01	NO
MMAR_0414	mmp_414	Hypothetical protein / putative uncharacterized oxidoreductase MMAR_0414	Background_Genome	-0.1286	2.5927e-01	3.6690e-01	NO
MMAR_0652	mmp_652	Hypothetical protein / putative uncharacterized oxidoreductase MMAR_0652	Background_Genome	-0.1104	2.5892e-01	3.6690e-01	NO
MMAR_0757	mmp_757	Hypothetical protein / putative uncharacterized oxidoreductase MMAR_0757	Background_Genome	-0.1238	2.5923e-01	3.6690e-01	NO
MMAR_0502	mmp_502	Hypothetical protein / putative uncharacterized oxidoreductase MMAR_0502	Background_Genome	0.2173	2.6034e-01	3.6798e-01	NO
MMAR_0202	mmp_202	Hypothetical protein / putative uncharacterized oxidoreductase MMAR_0202	Background_Genome	-0.0854	2.6387e-01	3.7252e-01	NO
MMAR_0263	mmp_263	Hypothetical protein / putative uncharacterized oxidoreductase MMAR_0263	Background_Genome	-0.0799	2.6507e-01	3.7377e-01	NO
MMAR_0754	mmp_754	Hypothetical protein / putative uncharacterized oxidoreductase MMAR_0754	Background_Genome	-0.0366	2.6773e-01	3.7621e-01	NO
MMAR_0833	mmp_833	Hypothetical protein / putative uncharacterized oxidoreductase MMAR_0833	Background_Genome	0.0764	2.6729e-01	3.7621e-01	NO
MMAR_0943	mmp_943	Hypothetical protein / putative uncharacterized oxidoreductase MMAR_0943	Background_Genome	-0.1612	2.6773e-01	3.7621e-01	NO
MMAR_0657	mmp_657	Hypothetical protein / putative uncharacterized oxidoreductase MMAR_0657	Background_Genome	-0.1084	2.6981e-01	3.7838e-01	NO
MMAR_0773	mmp_773	Hypothetical protein / putative uncharacterized oxidoreductase MMAR_0773	Background_Genome	-0.1194	2.6991e-01	3.7838e-01	NO
MMAR_0537	mmp_537	Hypothetical protein / putative uncharacterized oxidoreductase MMAR_0537	Background_Genome	-0.1418	2.7261e-01	3.8171e-01	NO
MMAR_0912	atpD	ATP synthase F1 delta subunit	Downregulated_Metabolism	-0.1223	2.7296e-01	3.8177e-01	NO
MMAR_0810	mmp_810	Hypothetical protein / putative uncharacterized oxidoreductase MMAR_0810	Background_Genome	0.1034	2.7348e-01	3.8204e-01	NO
MMAR_0823	mmp_823	Hypothetical protein / putative uncharacterized oxidoreductase MMAR_0823	Background_Genome	0.1196	2.7425e-01	3.8267e-01	NO
MMAR_1009	mmp_1009	Hypothetical protein / putative uncharacterized oxidoreductase MMAR_1009	Background_Genome	0.1783	2.7676e-01	3.8573e-01	NO
MMAR_1063	mmp_1063	Hypothetical protein / putative uncharacterized oxidoreductase MMAR_1063	Background_Genome	0.1701	2.7754e-01	3.8637e-01	NO
MMAR_0108	mmp_108	Hypothetical protein / putative uncharacterized oxidoreductase MMAR_0108	Background_Genome	0.1762	2.7926e-01	3.8831e-01	NO
MMAR_0176	mmp_176	Hypothetical protein / putative uncharacterized oxidoreductase MMAR_0176	Background_Genome	0.1181	2.7969e-01	3.8846e-01	NO
MMAR_0565	mmp_565	Hypothetical protein / putative uncharacterized oxidoreductase MMAR_0565	Background_Genome	-0.1731	2.8343e-01	3.9275e-01	NO
MMAR_0684	mmp_684	Hypothetical protein / putative uncharacterized oxidoreductase MMAR_0684	Background_Genome	-0.1278	2.8325e-01	3.9275e-01	NO
MMAR_1002	mmp_1002	Hypothetical protein / putative uncharacterized oxidoreductase MMAR_1002	Background_Genome	0.1052	2.8444e-01	3.9369e-01	NO
MMAR_0910	atpA	ATP synthase F1 alpha subunit	Downregulated_Metabolism	-0.1027	2.8684e-01	3.9656e-01	NO
MMAR_0522	mmp_522	Hypothetical protein / putative uncharacterized oxidoreductase MMAR_0522	Background_Genome	0.1446	2.8721e-01	3.9661e-01	NO
MMAR_0638	sodC	Superoxide dismutase SodC (Cu/Zn envelope enzyme)	Oxidative_Stress	0.0805	2.9028e-01	3.9992e-01	NO
MMAR_0163	mmp_163	Hypothetical protein / putative uncharacterized oxidoreductase MMAR_0163	Background_Genome	0.0874	2.8995e-01	3.9992e-01	NO
MMAR_1038	mmp_1038	Hypothetical protein / putative uncharacterized oxidoreductase MMAR_1038	Background_Genome	0.0879	2.9092e-01	4.0035e-01	NO
MMAR_0095	mmp_95	Hypothetical protein / putative uncharacterized oxidoreductase MMAR_0095	Background_Genome	0.1104	2.9470e-01	4.0508e-01	NO
MMAR_0912	mmp_912	Hypothetical protein / putative uncharacterized oxidoreductase MMAR_0912	Background_Genome	-0.1162	2.9514e-01	4.0522e-01	NO
MMAR_0960	mmp_960	Hypothetical protein / putative uncharacterized oxidoreductase MMAR_0960	Background_Genome	0.1390	2.9580e-01	4.0567e-01	NO
MMAR_0065	mmp_65	Hypothetical protein / putative uncharacterized oxidoreductase MMAR_0065	Background_Genome	0.1059	2.9894e-01	4.0912e-01	NO
MMAR_0395	mmp_395	Hypothetical protein / putative uncharacterized oxidoreductase MMAR_0395	Background_Genome	0.1051	2.9921e-01	4.0912e-01	NO
MMAR_0534	mmp_534	Hypothetical protein / putative uncharacterized oxidoreductase MMAR_0534	Background_Genome	0.1315	2.9934e-01	4.0912e-01	NO
MMAR_4670	whiB3	Redox-sensing transcription regulator WhiB3	DosR_Stress	0.1635	2.9993e-01	4.0946e-01	NO
MMAR_1189	mmp_1189	Hypothetical protein / putative uncharacterized oxidoreductase MMAR_1189	Background_Genome	-0.0951	3.0231e-01	4.1224e-01	NO
MMAR_1179	mmp_1179	Hypothetical protein / putative uncharacterized oxidoreductase MMAR_1179	Background_Genome	0.0543	3.0311e-01	4.1286e-01	NO
MMAR_0811	mmp_811	Hypothetical protein / putative uncharacterized oxidoreductase MMAR_0811	Background_Genome	0.1189	3.0582e-01	4.1608e-01	NO
MMAR_0442	mmp_442	Hypothetical protein / putative uncharacterized oxidoreductase MMAR_0442	Background_Genome	0.0471	3.0708e-01	4.1637e-01	NO
MMAR_0687	mmp_687	Hypothetical protein / putative uncharacterized oxidoreductase MMAR_0687	Background_Genome	-0.0834	3.0644e-01	4.1637e-01	NO
MMAR_0895	mmp_895	Hypothetical protein / putative uncharacterized oxidoreductase MMAR_0895	Background_Genome	0.1071	3.0706e-01	4.1637e-01	NO
MMAR_1003	mmp_1003	Hypothetical protein / putative uncharacterized oxidoreductase MMAR_1003	Background_Genome	-0.0673	3.0934e-01	4.1898e-01	NO
MMAR_1051	mmp_1051	Hypothetical protein / putative uncharacterized oxidoreductase MMAR_1051	Background_Genome	0.1343	3.0969e-01	4.1898e-01	NO
MMAR_2350	nuoA	NADH-quinone oxidoreductase subunit A	Downregulated_Metabolism	-0.0760	3.1260e-01	4.2243e-01	NO
MMAR_0505	mmp_505	Hypothetical protein / putative uncharacterized oxidoreductase MMAR_0505	Background_Genome	-0.0722	3.1302e-01	4.2253e-01	NO
MMAR_0407	mmp_407	Hypothetical protein / putative uncharacterized oxidoreductase MMAR_0407	Background_Genome	0.0892	3.1361e-01	4.2284e-01	NO
MMAR_0211	mmp_211	Hypothetical protein / putative uncharacterized oxidoreductase MMAR_0211	Background_Genome	0.0787	3.1505e-01	4.2383e-01	NO
MMAR_0364	mmp_364	Hypothetical protein / putative uncharacterized oxidoreductase MMAR_0364	Background_Genome	-0.0625	3.1501e-01	4.2383e-01	NO
MMAR_2760	inhA	Enoyl-ACP reductase InhA (FAS-II cycle)	Cell_Wall_Lipids	-0.1163	3.1553e-01	4.2390e-01	NO
MMAR_0668	mmp_668	Hypothetical protein / putative uncharacterized oxidoreductase MMAR_0668	Background_Genome	-0.1202	3.1581e-01	4.2390e-01	NO
MMAR_1186	mmp_1186	Hypothetical protein / putative uncharacterized oxidoreductase MMAR_1186	Background_Genome	0.1210	3.1635e-01	4.2415e-01	NO
MMAR_0514	mmp_514	Hypothetical protein / putative uncharacterized oxidoreductase MMAR_0514	Background_Genome	-0.0662	3.1761e-01	4.2442e-01	NO
MMAR_0877	mmp_877	Hypothetical protein / putative uncharacterized oxidoreductase MMAR_0877	Background_Genome	-0.1265	3.1755e-01	4.2442e-01	NO
MMAR_1193	mmp_1193	Hypothetical protein / putative uncharacterized oxidoreductase MMAR_1193	Background_Genome	0.0969	3.1757e-01	4.2442e-01	NO
MMAR_0760	mmp_760	Hypothetical protein / putative uncharacterized oxidoreductase MMAR_0760	Background_Genome	-0.0856	3.2044e-01	4.2772e-01	NO
MMAR_0167	mmp_167	Hypothetical protein / putative uncharacterized oxidoreductase MMAR_0167	Background_Genome	-0.0618	3.2221e-01	4.2961e-01	NO
MMAR_0374	mmp_374	Hypothetical protein / putative uncharacterized oxidoreductase MMAR_0374	Background_Genome	0.0937	3.2495e-01	4.3279e-01	NO
MMAR_1097	mmp_1097	Hypothetical protein / putative uncharacterized oxidoreductase MMAR_1097	Background_Genome	-0.1244	3.2585e-01	4.3350e-01	NO
MMAR_0498	mmp_498	Hypothetical protein / putative uncharacterized oxidoreductase MMAR_0498	Background_Genome	-0.0956	3.2673e-01	4.3420e-01	NO
MMAR_1199	mmp_1199	Hypothetical protein / putative uncharacterized oxidoreductase MMAR_1199	Background_Genome	-0.0551	3.2903e-01	4.3676e-01	NO
MMAR_0636	mmp_636	Hypothetical protein / putative uncharacterized oxidoreductase MMAR_0636	Background_Genome	-0.1304	3.3152e-01	4.3959e-01	NO
MMAR_0685	mmp_685	Hypothetical protein / putative uncharacterized oxidoreductase MMAR_0685	Background_Genome	-0.1113	3.3650e-01	4.4570e-01	NO
MMAR_0848	mmp_848	Hypothetical protein / putative uncharacterized oxidoreductase MMAR_0848	Background_Genome	0.1240	3.3700e-01	4.4586e-01	NO
MMAR_0375	mmp_375	Hypothetical protein / putative uncharacterized oxidoreductase MMAR_0375	Background_Genome	-0.1188	3.3965e-01	4.4887e-01	NO
MMAR_0291	mmp_291	Hypothetical protein / putative uncharacterized oxidoreductase MMAR_0291	Background_Genome	-0.0891	3.4369e-01	4.5371e-01	NO
MMAR_0098	mmp_98	Hypothetical protein / putative uncharacterized oxidoreductase MMAR_0098	Background_Genome	0.0936	3.4461e-01	4.5442e-01	NO
MMAR_0404	mmp_404	Hypothetical protein / putative uncharacterized oxidoreductase MMAR_0404	Background_Genome	-0.1297	3.4661e-01	4.5657e-01	NO
MMAR_1176	mmp_1176	Hypothetical protein / putative uncharacterized oxidoreductase MMAR_1176	Background_Genome	-0.1331	3.4706e-01	4.5666e-01	NO
MMAR_0154	mmp_154	Hypothetical protein / putative uncharacterized oxidoreductase MMAR_0154	Background_Genome	-0.0733	3.5044e-01	4.6059e-01	NO
MMAR_1057	mmp_1057	Hypothetical protein / putative uncharacterized oxidoreductase MMAR_1057	Background_Genome	-0.0746	3.5515e-01	4.6629e-01	NO
MMAR_0980	mmp_980	Hypothetical protein / putative uncharacterized oxidoreductase MMAR_0980	Background_Genome	-0.1301	3.5578e-01	4.6660e-01	NO
MMAR_0484	mmp_484	Hypothetical protein / putative uncharacterized oxidoreductase MMAR_0484	Background_Genome	0.0777	3.6384e-01	4.7664e-01	NO
MMAR_1108	mmp_1108	Hypothetical protein / putative uncharacterized oxidoreductase MMAR_1108	Background_Genome	0.1609	3.7105e-01	4.8556e-01	NO
MMAR_0923	mmp_923	Hypothetical protein / putative uncharacterized oxidoreductase MMAR_0923	Background_Genome	-0.0667	3.7243e-01	4.8683e-01	NO
MMAR_0258	mmp_258	Hypothetical protein / putative uncharacterized oxidoreductase MMAR_0258	Background_Genome	-0.1665	3.7365e-01	4.8770e-01	NO
MMAR_0836	mmp_836	Hypothetical protein / putative uncharacterized oxidoreductase MMAR_0836	Background_Genome	-0.1006	3.7391e-01	4.8770e-01	NO
MMAR_0630	mmp_630	Hypothetical protein / putative uncharacterized oxidoreductase MMAR_0630	Background_Genome	0.1671	3.7491e-01	4.8849e-01	NO
MMAR_0265	mmp_265	Hypothetical protein / putative uncharacterized oxidoreductase MMAR_0265	Background_Genome	-0.0726	3.7993e-01	4.9398e-01	NO
MMAR_0792	mmp_792	Hypothetical protein / putative uncharacterized oxidoreductase MMAR_0792	Background_Genome	0.0792	3.7996e-01	4.9398e-01	NO
MMAR_1154	mmp_1154	Hypothetical protein / putative uncharacterized oxidoreductase MMAR_1154	Background_Genome	0.1056	3.8315e-01	4.9759e-01	NO
MMAR_0710	mmp_710	Hypothetical protein / putative uncharacterized oxidoreductase MMAR_0710	Background_Genome	-0.1007	3.8385e-01	4.9797e-01	NO
MMAR_0674	mmp_674	Hypothetical protein / putative uncharacterized oxidoreductase MMAR_0674	Background_Genome	-0.0760	3.8860e-01	5.0359e-01	NO
MMAR_0607	mmp_607	Hypothetical protein / putative uncharacterized oxidoreductase MMAR_0607	Background_Genome	-0.0664	3.8963e-01	5.0398e-01	NO
MMAR_1005	mmp_1005	Hypothetical protein / putative uncharacterized oxidoreductase MMAR_1005	Background_Genome	-0.0575	3.8974e-01	5.0398e-01	NO
MMAR_3513	ahpD	Alkyl hydroperoxide reductase subunit D	Oxidative_Stress	0.0683	3.9484e-01	5.1002e-01	NO
MMAR_0951	mmp_951	Hypothetical protein / putative uncharacterized oxidoreductase MMAR_0951	Background_Genome	-0.0965	3.9687e-01	5.1209e-01	NO
MMAR_0315	mmp_315	Hypothetical protein / putative uncharacterized oxidoreductase MMAR_0315	Background_Genome	0.0684	4.0017e-01	5.1559e-01	NO
MMAR_0552	mmp_552	Hypothetical protein / putative uncharacterized oxidoreductase MMAR_0552	Background_Genome	-0.1175	4.0044e-01	5.1559e-01	NO
MMAR_0805	mmp_805	Hypothetical protein / putative uncharacterized oxidoreductase MMAR_0805	Background_Genome	-0.0932	4.0382e-01	5.1938e-01	NO
MMAR_0165	mmp_165	Hypothetical protein / putative uncharacterized oxidoreductase MMAR_0165	Background_Genome	0.0543	4.0445e-01	5.1964e-01	NO
MMAR_0090	mmp_90	Hypothetical protein / putative uncharacterized oxidoreductase MMAR_0090	Background_Genome	-0.0956	4.0644e-01	5.2163e-01	NO
MMAR_1049	mmp_1049	Hypothetical protein / putative uncharacterized oxidoreductase MMAR_1049	Background_Genome	-0.1058	4.0805e-01	5.2314e-01	NO
MMAR_0954	mmp_954	Hypothetical protein / putative uncharacterized oxidoreductase MMAR_0954	Background_Genome	0.0826	4.1258e-01	5.2839e-01	NO
MMAR_0664	mmp_664	Hypothetical protein / putative uncharacterized oxidoreductase MMAR_0664	Background_Genome	-0.0069	4.1359e-01	5.2911e-01	NO
MMAR_0104	mmp_104	Hypothetical protein / putative uncharacterized oxidoreductase MMAR_0104	Background_Genome	-0.0558	4.1436e-01	5.2954e-01	NO
MMAR_0264	mmp_264	Hypothetical protein / putative uncharacterized oxidoreductase MMAR_0264	Background_Genome	0.0941	4.2760e-01	5.4588e-01	NO
MMAR_0398	mmp_398	Hypothetical protein / putative uncharacterized oxidoreductase MMAR_0398	Background_Genome	0.0715	4.2995e-01	5.4829e-01	NO
MMAR_0532	mmp_532	Hypothetical protein / putative uncharacterized oxidoreductase MMAR_0532	Background_Genome	-0.0767	4.3352e-01	5.5226e-01	NO
MMAR_1106	mmp_1106	Hypothetical protein / putative uncharacterized oxidoreductase MMAR_1106	Background_Genome	-0.0601	4.3562e-01	5.5435e-01	NO
MMAR_0193	mmp_193	Hypothetical protein / putative uncharacterized oxidoreductase MMAR_0193	Background_Genome	0.0392	4.3993e-01	5.5908e-01	NO
MMAR_0941	mmp_941	Hypothetical protein / putative uncharacterized oxidoreductase MMAR_0941	Background_Genome	-0.0830	4.4028e-01	5.5908e-01	NO
MMAR_0892	mmp_892	Hypothetical protein / putative uncharacterized oxidoreductase MMAR_0892	Background_Genome	-0.1374	4.4622e-01	5.6604e-01	NO
MMAR_5448	eccE1	ESX-1 membrane complex subunit EccE1	ESX_Secretion	-0.0579	4.4730e-01	5.6680e-01	NO
MMAR_0455	mmp_455	Hypothetical protein / putative uncharacterized oxidoreductase MMAR_0455	Background_Genome	0.0883	4.4853e-01	5.6777e-01	NO
MMAR_0851	mmp_851	Hypothetical protein / putative uncharacterized oxidoreductase MMAR_0851	Background_Genome	-0.0466	4.4953e-01	5.6842e-01	NO
MMAR_0771	mmp_771	Hypothetical protein / putative uncharacterized oxidoreductase MMAR_0771	Background_Genome	-0.1222	4.5028e-01	5.6877e-01	NO
MMAR_0789	mmp_789	Hypothetical protein / putative uncharacterized oxidoreductase MMAR_0789	Background_Genome	-0.0691	4.5240e-01	5.7085e-01	NO
MMAR_0965	mmp_965	Hypothetical protein / putative uncharacterized oxidoreductase MMAR_0965	Background_Genome	-0.0758	4.5376e-01	5.7196e-01	NO
MMAR_0680	mmp_680	Hypothetical protein / putative uncharacterized oxidoreductase MMAR_0680	Background_Genome	0.1042	4.5667e-01	5.7503e-01	NO
MMAR_0899	mmp_899	Hypothetical protein / putative uncharacterized oxidoreductase MMAR_0899	Background_Genome	0.0586	4.5726e-01	5.7517e-01	NO
MMAR_5447	eccD1	ESX-1 transmembrane channel EccD1	ESX_Secretion	0.0808	4.6000e-01	5.7741e-01	NO
MMAR_0584	mmp_584	Hypothetical protein / putative uncharacterized oxidoreductase MMAR_0584	Background_Genome	-0.0779	4.5999e-01	5.7741e-01	NO
MMAR_0929	mmp_929	Hypothetical protein / putative uncharacterized oxidoreductase MMAR_0929	Background_Genome	0.0646	4.6628e-01	5.8468e-01	NO
MMAR_0959	mmp_959	Hypothetical protein / putative uncharacterized oxidoreductase MMAR_0959	Background_Genome	-0.1681	4.6791e-01	5.8611e-01	NO
MMAR_0113	mmp_113	Hypothetical protein / putative uncharacterized oxidoreductase MMAR_0113	Background_Genome	0.0504	4.7014e-01	5.8718e-01	NO
MMAR_0118	mmp_118	Hypothetical protein / putative uncharacterized oxidoreductase MMAR_0118	Background_Genome	-0.0831	4.7048e-01	5.8718e-01	NO
MMAR_0872	mmp_872	Hypothetical protein / putative uncharacterized oxidoreductase MMAR_0872	Background_Genome	-0.0887	4.7072e-01	5.8718e-01	NO
MMAR_1121	mmp_1121	Hypothetical protein / putative uncharacterized oxidoreductase MMAR_1121	Background_Genome	0.0693	4.6972e-01	5.8718e-01	NO
MMAR_0346	mmp_346	Hypothetical protein / putative uncharacterized oxidoreductase MMAR_0346	Background_Genome	-0.0402	4.7199e-01	5.8815e-01	NO
MMAR_1045	mmp_1045	Hypothetical protein / putative uncharacterized oxidoreductase MMAR_1045	Background_Genome	-0.0583	4.7287e-01	5.8863e-01	NO
MMAR_0691	mmp_691	Hypothetical protein / putative uncharacterized oxidoreductase MMAR_0691	Background_Genome	0.0972	4.7373e-01	5.8909e-01	NO
MMAR_1175	mmp_1175	Hypothetical protein / putative uncharacterized oxidoreductase MMAR_1175	Background_Genome	-0.0482	4.7561e-01	5.9082e-01	NO
MMAR_1146	mmp_1146	Hypothetical protein / putative uncharacterized oxidoreductase MMAR_1146	Background_Genome	0.0613	4.7779e-01	5.9292e-01	NO
MMAR_0528	mmp_528	Hypothetical protein / putative uncharacterized oxidoreductase MMAR_0528	Background_Genome	-0.0734	4.7962e-01	5.9395e-01	NO
MMAR_1136	mmp_1136	Hypothetical protein / putative uncharacterized oxidoreductase MMAR_1136	Background_Genome	-0.0671	4.7921e-01	5.9395e-01	NO
MMAR_0459	mmp_459	Hypothetical protein / putative uncharacterized oxidoreductase MMAR_0459	Background_Genome	0.0779	4.8193e-01	5.9620e-01	NO
MMAR_0379	mmp_379	Hypothetical protein / putative uncharacterized oxidoreductase MMAR_0379	Background_Genome	-0.0375	4.8243e-01	5.9620e-01	NO
MMAR_0354	mmp_354	Hypothetical protein / putative uncharacterized oxidoreductase MMAR_0354	Background_Genome	-0.0660	4.8534e-01	5.9857e-01	NO
MMAR_0568	mmp_568	Hypothetical protein / putative uncharacterized oxidoreductase MMAR_0568	Background_Genome	-0.0727	4.8505e-01	5.9857e-01	NO
MMAR_0453	mmp_453	Hypothetical protein / putative uncharacterized oxidoreductase MMAR_0453	Background_Genome	-0.0798	4.8867e-01	6.0205e-01	NO
MMAR_0252	mmp_252	Hypothetical protein / putative uncharacterized oxidoreductase MMAR_0252	Background_Genome	-0.0814	4.9060e-01	6.0382e-01	NO
MMAR_0799	mmp_799	Hypothetical protein / putative uncharacterized oxidoreductase MMAR_0799	Background_Genome	0.0547	4.9400e-01	6.0738e-01	NO
MMAR_0423	mmp_423	Hypothetical protein / putative uncharacterized oxidoreductase MMAR_0423	Background_Genome	-0.0429	4.9581e-01	6.0898e-01	NO
MMAR_0986	mmp_986	Hypothetical protein / putative uncharacterized oxidoreductase MMAR_0986	Background_Genome	0.0494	4.9705e-01	6.0987e-01	NO
MMAR_0408	mmp_408	Hypothetical protein / putative uncharacterized oxidoreductase MMAR_0408	Background_Genome	0.0790	4.9954e-01	6.1230e-01	NO
MMAR_0596	mmp_596	Hypothetical protein / putative uncharacterized oxidoreductase MMAR_0596	Background_Genome	-0.0690	5.0073e-01	6.1314e-01	NO
MMAR_0850	mmp_850	Hypothetical protein / putative uncharacterized oxidoreductase MMAR_0850	Background_Genome	-0.0443	5.0174e-01	6.1375e-01	NO
MMAR_0873	mmp_873	Hypothetical protein / putative uncharacterized oxidoreductase MMAR_0873	Background_Genome	0.0479	5.0238e-01	6.1391e-01	NO
MMAR_0779	mmp_779	Hypothetical protein / putative uncharacterized oxidoreductase MMAR_0779	Background_Genome	0.0200	5.0495e-01	6.1642e-01	NO
MMAR_2100	gyrA	DNA gyrase subunit A	Housekeeping	0.0431	5.0599e-01	6.1706e-01	NO
MMAR_0727	mmp_727	Hypothetical protein / putative uncharacterized oxidoreductase MMAR_0727	Background_Genome	-0.0466	5.0921e-01	6.2036e-01	NO
MMAR_0399	mmp_399	Hypothetical protein / putative uncharacterized oxidoreductase MMAR_0399	Background_Genome	0.0642	5.1011e-01	6.2083e-01	NO
MMAR_1115	mmp_1115	Hypothetical protein / putative uncharacterized oxidoreductase MMAR_1115	Background_Genome	-0.0454	5.1526e-01	6.2646e-01	NO
MMAR_0796	mmp_796	Hypothetical protein / putative uncharacterized oxidoreductase MMAR_0796	Background_Genome	0.0885	5.1720e-01	6.2817e-01	NO
MMAR_0069	mmp_69	Hypothetical protein / putative uncharacterized oxidoreductase MMAR_0069	Background_Genome	0.0531	5.1856e-01	6.2897e-01	NO
MMAR_0282	mmp_282	Hypothetical protein / putative uncharacterized oxidoreductase MMAR_0282	Background_Genome	0.0830	5.1915e-01	6.2897e-01	NO
MMAR_1004	mmp_1004	Hypothetical protein / putative uncharacterized oxidoreductase MMAR_1004	Background_Genome	-0.1152	5.1942e-01	6.2897e-01	NO
MMAR_0990	mmp_990	Hypothetical protein / putative uncharacterized oxidoreductase MMAR_0990	Background_Genome	0.0829	5.2044e-01	6.2956e-01	NO
MMAR_1010	mmp_1010	Hypothetical protein / putative uncharacterized oxidoreductase MMAR_1010	Background_Genome	-0.0639	5.2159e-01	6.3032e-01	NO
MMAR_0177	mmp_177	Hypothetical protein / putative uncharacterized oxidoreductase MMAR_0177	Background_Genome	-0.0514	5.2296e-01	6.3134e-01	NO
MMAR_0643	mmp_643	Hypothetical protein / putative uncharacterized oxidoreductase MMAR_0643	Background_Genome	0.0452	5.2523e-01	6.3344e-01	NO
MMAR_0242	mmp_242	Hypothetical protein / putative uncharacterized oxidoreductase MMAR_0242	Background_Genome	0.1293	5.2641e-01	6.3423e-01	NO
MMAR_1098	mmp_1098	Hypothetical protein / putative uncharacterized oxidoreductase MMAR_1098	Background_Genome	-0.0623	5.2779e-01	6.3525e-01	NO
MMAR_0650	mmp_650	Hypothetical protein / putative uncharacterized oxidoreductase MMAR_0650	Background_Genome	-0.0576	5.2881e-01	6.3584e-01	NO
MMAR_0597	mmp_597	Hypothetical protein / putative uncharacterized oxidoreductase MMAR_0597	Background_Genome	-0.0932	5.3482e-01	6.4114e-01	NO
MMAR_0731	mmp_731	Hypothetical protein / putative uncharacterized oxidoreductase MMAR_0731	Background_Genome	-0.0615	5.3383e-01	6.4114e-01	NO
MMAR_0978	mmp_978	Hypothetical protein / putative uncharacterized oxidoreductase MMAR_0978	Background_Genome	0.0296	5.3447e-01	6.4114e-01	NO
MMAR_0580	mmp_580	Hypothetical protein / putative uncharacterized oxidoreductase MMAR_0580	Background_Genome	-0.0734	5.3767e-01	6.4392e-01	NO
MMAR_0359	mmp_359	Hypothetical protein / putative uncharacterized oxidoreductase MMAR_0359	Background_Genome	0.0691	5.4106e-01	6.4734e-01	NO
MMAR_0705	mmp_705	Hypothetical protein / putative uncharacterized oxidoreductase MMAR_0705	Background_Genome	-0.0619	5.4307e-01	6.4854e-01	NO
MMAR_0896	mmp_896	Hypothetical protein / putative uncharacterized oxidoreductase MMAR_0896	Background_Genome	-0.0723	5.4315e-01	6.4854e-01	NO
MMAR_0178	mmp_178	Hypothetical protein / putative uncharacterized oxidoreductase MMAR_0178	Background_Genome	0.0685	5.4756e-01	6.5315e-01	NO
MMAR_0878	mmp_878	Hypothetical protein / putative uncharacterized oxidoreductase MMAR_0878	Background_Genome	-0.0784	5.5100e-01	6.5624e-01	NO
MMAR_1026	mmp_1026	Hypothetical protein / putative uncharacterized oxidoreductase MMAR_1026	Background_Genome	-0.0404	5.5124e-01	6.5624e-01	NO
MMAR_0183	mmp_183	Hypothetical protein / putative uncharacterized oxidoreductase MMAR_0183	Background_Genome	0.0289	5.5248e-01	6.5706e-01	NO
MMAR_0452	mmp_452	Hypothetical protein / putative uncharacterized oxidoreductase MMAR_0452	Background_Genome	-0.0592	5.5571e-01	6.6024e-01	NO
MMAR_0380	mmp_380	Hypothetical protein / putative uncharacterized oxidoreductase MMAR_0380	Background_Genome	-0.0572	5.5626e-01	6.6025e-01	NO
MMAR_1022	mmp_1022	Hypothetical protein / putative uncharacterized oxidoreductase MMAR_1022	Background_Genome	-0.0635	5.5750e-01	6.6107e-01	NO
MMAR_0383	mmp_383	Hypothetical protein / putative uncharacterized oxidoreductase MMAR_0383	Background_Genome	0.0655	5.5874e-01	6.6166e-01	NO
MMAR_0931	mmp_931	Hypothetical protein / putative uncharacterized oxidoreductase MMAR_0931	Background_Genome	0.0776	5.5910e-01	6.6166e-01	NO
MMAR_0739	mmp_739	Hypothetical protein / putative uncharacterized oxidoreductase MMAR_0739	Background_Genome	-0.0921	5.6076e-01	6.6231e-01	NO
MMAR_1014	mmp_1014	Hypothetical protein / putative uncharacterized oxidoreductase MMAR_1014	Background_Genome	0.0924	5.6054e-01	6.6231e-01	NO
MMAR_0301	mmp_301	Hypothetical protein / putative uncharacterized oxidoreductase MMAR_0301	Background_Genome	-0.0931	5.6553e-01	6.6729e-01	NO
MMAR_1073	mmp_1073	Hypothetical protein / putative uncharacterized oxidoreductase MMAR_1073	Background_Genome	0.0506	5.6747e-01	6.6893e-01	NO
MMAR_0109	mmp_109	Hypothetical protein / putative uncharacterized oxidoreductase MMAR_0109	Background_Genome	0.0488	5.6969e-01	6.7088e-01	NO
MMAR_0132	mmp_132	Hypothetical protein / putative uncharacterized oxidoreductase MMAR_0132	Background_Genome	-0.0647	5.7355e-01	6.7477e-01	NO
MMAR_0998	mmp_998	Hypothetical protein / putative uncharacterized oxidoreductase MMAR_0998	Background_Genome	-0.0661	5.7471e-01	6.7547e-01	NO
MMAR_0865	mmp_865	Hypothetical protein / putative uncharacterized oxidoreductase MMAR_0865	Background_Genome	0.0336	5.7831e-01	6.7903e-01	NO
MMAR_0910	mmp_910	Hypothetical protein / putative uncharacterized oxidoreductase MMAR_0910	Background_Genome	-0.0560	5.7895e-01	6.7913e-01	NO
MMAR_0631	mmp_631	Hypothetical protein / putative uncharacterized oxidoreductase MMAR_0631	Background_Genome	-0.0911	5.8051e-01	6.8028e-01	NO
MMAR_0081	mmp_81	Hypothetical protein / putative uncharacterized oxidoreductase MMAR_0081	Background_Genome	0.0569	5.8188e-01	6.8122e-01	NO
MMAR_0192	mmp_192	Hypothetical protein / putative uncharacterized oxidoreductase MMAR_0192	Background_Genome	0.0662	5.8424e-01	6.8332e-01	NO
MMAR_0956	mmp_956	Hypothetical protein / putative uncharacterized oxidoreductase MMAR_0956	Background_Genome	0.0629	5.8488e-01	6.8340e-01	NO
MMAR_0272	mmp_272	Hypothetical protein / putative uncharacterized oxidoreductase MMAR_0272	Background_Genome	0.0652	5.8933e-01	6.8744e-01	NO
MMAR_1148	mmp_1148	Hypothetical protein / putative uncharacterized oxidoreductase MMAR_1148	Background_Genome	0.0630	5.8948e-01	6.8744e-01	NO
MMAR_0166	mmp_166	Hypothetical protein / putative uncharacterized oxidoreductase MMAR_0166	Background_Genome	0.0797	5.9024e-01	6.8766e-01	NO
MMAR_0319	mmp_319	Hypothetical protein / putative uncharacterized oxidoreductase MMAR_0319	Background_Genome	-0.0514	5.9532e-01	6.9291e-01	NO
MMAR_0371	mmp_371	Hypothetical protein / putative uncharacterized oxidoreductase MMAR_0371	Background_Genome	-0.0808	5.9688e-01	6.9405e-01	NO
MMAR_0494	mmp_494	Hypothetical protein / putative uncharacterized oxidoreductase MMAR_0494	Background_Genome	-0.0462	6.0315e-01	7.0066e-01	NO
MMAR_0353	mmp_353	Hypothetical protein / putative uncharacterized oxidoreductase MMAR_0353	Background_Genome	0.0623	6.0428e-01	7.0130e-01	NO
MMAR_3514	ahpC	Alkyl hydroperoxide reductase subunit C	Oxidative_Stress	0.0537	6.1152e-01	7.0901e-01	NO
MMAR_0962	mmp_962	Hypothetical protein / putative uncharacterized oxidoreductase MMAR_0962	Background_Genome	0.0714	6.1660e-01	7.1394e-01	NO
MMAR_0997	mmp_997	Hypothetical protein / putative uncharacterized oxidoreductase MMAR_0997	Background_Genome	-0.0700	6.1696e-01	7.1394e-01	NO
MMAR_0144	mmp_144	Hypothetical protein / putative uncharacterized oxidoreductase MMAR_0144	Background_Genome	-0.0690	6.1849e-01	7.1462e-01	NO
MMAR_0422	mmp_422	Hypothetical protein / putative uncharacterized oxidoreductase MMAR_0422	Background_Genome	0.0804	6.1874e-01	7.1462e-01	NO
MMAR_0824	mmp_824	Hypothetical protein / putative uncharacterized oxidoreductase MMAR_0824	Background_Genome	-0.0502	6.2826e-01	7.2492e-01	NO
MMAR_0381	mmp_381	Hypothetical protein / putative uncharacterized oxidoreductase MMAR_0381	Background_Genome	-0.0272	6.3035e-01	7.2663e-01	NO
MMAR_1083	mmp_1083	Hypothetical protein / putative uncharacterized oxidoreductase MMAR_1083	Background_Genome	0.0424	6.3164e-01	7.2742e-01	NO
MMAR_0516	mmp_516	Hypothetical protein / putative uncharacterized oxidoreductase MMAR_0516	Background_Genome	-0.0587	6.3262e-01	7.2785e-01	NO
MMAR_0938	mmp_938	Hypothetical protein / putative uncharacterized oxidoreductase MMAR_0938	Background_Genome	0.0594	6.3375e-01	7.2845e-01	NO
MMAR_0274	mmp_274	Hypothetical protein / putative uncharacterized oxidoreductase MMAR_0274	Background_Genome	-0.0271	6.3497e-01	7.2845e-01	NO
MMAR_0278	mmp_278	Hypothetical protein / putative uncharacterized oxidoreductase MMAR_0278	Background_Genome	0.0539	6.3496e-01	7.2845e-01	NO
MMAR_0372	mmp_372	Hypothetical protein / putative uncharacterized oxidoreductase MMAR_0372	Background_Genome	0.0461	6.3611e-01	7.2907e-01	NO
MMAR_0903	mmp_903	Hypothetical protein / putative uncharacterized oxidoreductase MMAR_0903	Background_Genome	0.0553	6.3895e-01	7.3162e-01	NO
MMAR_0085	mmp_85	Hypothetical protein / putative uncharacterized oxidoreductase MMAR_0085	Background_Genome	0.0407	6.4456e-01	7.3679e-01	NO
MMAR_0817	mmp_817	Hypothetical protein / putative uncharacterized oxidoreductase MMAR_0817	Background_Genome	0.0593	6.4469e-01	7.3679e-01	NO
MMAR_0645	mmp_645	Hypothetical protein / putative uncharacterized oxidoreductase MMAR_0645	Background_Genome	-0.0860	6.4533e-01	7.3682e-01	NO
MMAR_0682	mmp_682	Hypothetical protein / putative uncharacterized oxidoreductase MMAR_0682	Background_Genome	0.0354	6.4694e-01	7.3796e-01	NO
MMAR_0519	mmp_519	Hypothetical protein / putative uncharacterized oxidoreductase MMAR_0519	Background_Genome	-0.0937	6.5534e-01	7.4662e-01	NO
MMAR_0790	mmp_790	Hypothetical protein / putative uncharacterized oxidoreductase MMAR_0790	Background_Genome	-0.0581	6.5578e-01	7.4662e-01	NO
MMAR_1088	mmp_1088	Hypothetical protein / putative uncharacterized oxidoreductase MMAR_1088	Background_Genome	-0.0497	6.5658e-01	7.4682e-01	NO
MMAR_1031	mmp_1031	Hypothetical protein / putative uncharacterized oxidoreductase MMAR_1031	Background_Genome	0.0232	6.6415e-01	7.5471e-01	NO
MMAR_0862	mmp_862	Hypothetical protein / putative uncharacterized oxidoreductase MMAR_0862	Background_Genome	0.0455	6.6810e-01	7.5828e-01	NO
MMAR_0904	mmp_904	Hypothetical protein / putative uncharacterized oxidoreductase MMAR_0904	Background_Genome	0.0229	6.6855e-01	7.5828e-01	NO
MMAR_0925	mmp_925	Hypothetical protein / putative uncharacterized oxidoreductase MMAR_0925	Background_Genome	0.0541	6.7047e-01	7.5944e-01	NO
MMAR_1016	mmp_1016	Hypothetical protein / putative uncharacterized oxidoreductase MMAR_1016	Background_Genome	0.0561	6.7147e-01	7.5944e-01	NO
MMAR_1046	mmp_1046	Hypothetical protein / putative uncharacterized oxidoreductase MMAR_1046	Background_Genome	-0.0298	6.7142e-01	7.5944e-01	NO
MMAR_0751	mmp_751	Hypothetical protein / putative uncharacterized oxidoreductase MMAR_0751	Background_Genome	-0.0447	6.7351e-01	7.6103e-01	NO
MMAR_0841	mmp_841	Hypothetical protein / putative uncharacterized oxidoreductase MMAR_0841	Background_Genome	0.0477	6.7489e-01	7.6187e-01	NO
MMAR_1128	mmp_1128	Hypothetical protein / putative uncharacterized oxidoreductase MMAR_1128	Background_Genome	0.0517	6.7556e-01	7.6192e-01	NO
MMAR_0690	mmp_690	Hypothetical protein / putative uncharacterized oxidoreductase MMAR_0690	Background_Genome	0.0321	6.7810e-01	7.6405e-01	NO
MMAR_0338	mmp_338	Hypothetical protein / putative uncharacterized oxidoreductase MMAR_0338	Background_Genome	0.0558	6.7914e-01	7.6451e-01	NO
MMAR_1164	mmp_1164	Hypothetical protein / putative uncharacterized oxidoreductase MMAR_1164	Background_Genome	0.0609	6.8382e-01	7.6906e-01	NO
MMAR_1024	mmp_1024	Hypothetical protein / putative uncharacterized oxidoreductase MMAR_1024	Background_Genome	-0.0546	6.8560e-01	7.7034e-01	NO
MMAR_0168	mmp_168	Hypothetical protein / putative uncharacterized oxidoreductase MMAR_0168	Background_Genome	-0.0092	6.8637e-01	7.7048e-01	NO
MMAR_0639	mmp_639	Hypothetical protein / putative uncharacterized oxidoreductase MMAR_0639	Background_Genome	-0.0403	6.8770e-01	7.7126e-01	NO
MMAR_0793	mmp_793	Hypothetical protein / putative uncharacterized oxidoreductase MMAR_0793	Background_Genome	-0.0239	6.9303e-01	7.7650e-01	NO
MMAR_0539	mmp_539	Hypothetical protein / putative uncharacterized oxidoreductase MMAR_0539	Background_Genome	0.0428	6.9673e-01	7.7992e-01	NO
MMAR_0847	mmp_847	Hypothetical protein / putative uncharacterized oxidoreductase MMAR_0847	Background_Genome	0.0435	6.9943e-01	7.8222e-01	NO
MMAR_0966	mmp_966	Hypothetical protein / putative uncharacterized oxidoreductase MMAR_0966	Background_Genome	0.0107	7.0239e-01	7.8480e-01	NO
MMAR_0831	mmp_831	Hypothetical protein / putative uncharacterized oxidoreductase MMAR_0831	Background_Genome	0.0328	7.1058e-01	7.9321e-01	NO
MMAR_0708	mmp_708	Hypothetical protein / putative uncharacterized oxidoreductase MMAR_0708	Background_Genome	0.0341	7.1218e-01	7.9425e-01	NO
MMAR_0800	mmp_800	Hypothetical protein / putative uncharacterized oxidoreductase MMAR_0800	Background_Genome	0.0420	7.1349e-01	7.9497e-01	NO
MMAR_0740	mmp_740	Hypothetical protein / putative uncharacterized oxidoreductase MMAR_0740	Background_Genome	-0.0539	7.1689e-01	7.9803e-01	NO
MMAR_0569	mmp_569	Hypothetical protein / putative uncharacterized oxidoreductase MMAR_0569	Background_Genome	-0.0120	7.2145e-01	8.0236e-01	NO
MMAR_4101	icd1	Isocitrate dehydrogenase Icd1	Downregulated_Metabolism	0.0422	7.2332e-01	8.0295e-01	NO
MMAR_0825	mmp_825	Hypothetical protein / putative uncharacterized oxidoreductase MMAR_0825	Background_Genome	0.0265	7.2322e-01	8.0295e-01	NO
MMAR_0477	mmp_477	Hypothetical protein / putative uncharacterized oxidoreductase MMAR_0477	Background_Genome	0.0331	7.2737e-01	8.0625e-01	NO
MMAR_0578	mmp_578	Hypothetical protein / putative uncharacterized oxidoreductase MMAR_0578	Background_Genome	-0.0309	7.2764e-01	8.0625e-01	NO
MMAR_0389	mmp_389	Hypothetical protein / putative uncharacterized oxidoreductase MMAR_0389	Background_Genome	-0.0365	7.2960e-01	8.0767e-01	NO
MMAR_0454	mmp_454	Hypothetical protein / putative uncharacterized oxidoreductase MMAR_0454	Background_Genome	-0.0204	7.3199e-01	8.0831e-01	NO
MMAR_1092	mmp_1092	Hypothetical protein / putative uncharacterized oxidoreductase MMAR_1092	Background_Genome	0.0313	7.3219e-01	8.0831e-01	NO
MMAR_1126	mmp_1126	Hypothetical protein / putative uncharacterized oxidoreductase MMAR_1126	Background_Genome	-0.0480	7.3112e-01	8.0831e-01	NO
MMAR_4100	gltA	Citrate synthase GltA	Downregulated_Metabolism	0.0567	7.3811e-01	8.1335e-01	NO
MMAR_0968	mmp_968	Hypothetical protein / putative uncharacterized oxidoreductase MMAR_0968	Background_Genome	0.0309	7.3751e-01	8.1335e-01	NO
MMAR_0210	mmp_210	Hypothetical protein / putative uncharacterized oxidoreductase MMAR_0210	Background_Genome	-0.0314	7.4087e-01	8.1563e-01	NO
MMAR_0336	mmp_336	Hypothetical protein / putative uncharacterized oxidoreductase MMAR_0336	Background_Genome	-0.0312	7.4209e-01	8.1623e-01	NO
MMAR_0238	mmp_238	Hypothetical protein / putative uncharacterized oxidoreductase MMAR_0238	Background_Genome	-0.0171	7.4542e-01	8.1914e-01	NO
MMAR_0331	mmp_331	Hypothetical protein / putative uncharacterized oxidoreductase MMAR_0331	Background_Genome	0.0579	7.4663e-01	8.1972e-01	NO
MMAR_0066	mmp_66	Hypothetical protein / putative uncharacterized oxidoreductase MMAR_0066	Background_Genome	0.0391	7.4909e-01	8.2092e-01	NO
MMAR_0776	mmp_776	Hypothetical protein / putative uncharacterized oxidoreductase MMAR_0776	Background_Genome	-0.0373	7.4845e-01	8.2092e-01	NO
MMAR_0560	mmp_560	Hypothetical protein / putative uncharacterized oxidoreductase MMAR_0560	Background_Genome	0.0221	7.5365e-01	8.2516e-01	NO
MMAR_1100	mmp_1100	Hypothetical protein / putative uncharacterized oxidoreductase MMAR_1100	Background_Genome	-0.0323	7.5564e-01	8.2659e-01	NO
MMAR_0220	mmp_220	Hypothetical protein / putative uncharacterized oxidoreductase MMAR_0220	Background_Genome	0.0366	7.6039e-01	8.3103e-01	NO
MMAR_0074	mmp_74	Hypothetical protein / putative uncharacterized oxidoreductase MMAR_0074	Background_Genome	0.0332	7.6497e-01	8.3528e-01	NO
MMAR_0767	mmp_767	Hypothetical protein / putative uncharacterized oxidoreductase MMAR_0767	Background_Genome	0.0302	7.6788e-01	8.3769e-01	NO
MMAR_0305	mmp_305	Hypothetical protein / putative uncharacterized oxidoreductase MMAR_0305	Background_Genome	0.0181	7.6912e-01	8.3810e-01	NO
MMAR_0649	mmp_649	Hypothetical protein / putative uncharacterized oxidoreductase MMAR_0649	Background_Genome	-0.0398	7.6965e-01	8.3810e-01	NO
MMAR_0175	mmp_175	Hypothetical protein / putative uncharacterized oxidoreductase MMAR_0175	Background_Genome	-0.0255	7.7793e-01	8.4635e-01	NO
MMAR_0905	mmp_905	Hypothetical protein / putative uncharacterized oxidoreductase MMAR_0905	Background_Genome	0.0283	7.8164e-01	8.4961e-01	NO
MMAR_1034	mmp_1034	Hypothetical protein / putative uncharacterized oxidoreductase MMAR_1034	Background_Genome	-0.0246	7.8396e-01	8.5136e-01	NO
MMAR_1095	mmp_1095	Hypothetical protein / putative uncharacterized oxidoreductase MMAR_1095	Background_Genome	0.0206	7.8510e-01	8.5183e-01	NO
MMAR_0391	mmp_391	Hypothetical protein / putative uncharacterized oxidoreductase MMAR_0391	Background_Genome	0.0163	7.9087e-01	8.5500e-01	NO
MMAR_0406	mmp_406	Hypothetical protein / putative uncharacterized oxidoreductase MMAR_0406	Background_Genome	-0.0274	7.9013e-01	8.5500e-01	NO
MMAR_0914	mmp_914	Hypothetical protein / putative uncharacterized oxidoreductase MMAR_0914	Background_Genome	-0.0224	7.8914e-01	8.5500e-01	NO
MMAR_1180	mmp_1180	Hypothetical protein / putative uncharacterized oxidoreductase MMAR_1180	Background_Genome	-0.0358	7.9074e-01	8.5500e-01	NO
MMAR_1070	mmp_1070	Hypothetical protein / putative uncharacterized oxidoreductase MMAR_1070	Background_Genome	-0.0284	7.9255e-01	8.5604e-01	NO
MMAR_0356	mmp_356	Hypothetical protein / putative uncharacterized oxidoreductase MMAR_0356	Background_Genome	0.0349	7.9638e-01	8.5721e-01	NO
MMAR_0589	mmp_589	Hypothetical protein / putative uncharacterized oxidoreductase MMAR_0589	Background_Genome	0.0313	7.9473e-01	8.5721e-01	NO
MMAR_0713	mmp_713	Hypothetical protein / putative uncharacterized oxidoreductase MMAR_0713	Background_Genome	-0.0121	7.9792e-01	8.5721e-01	NO
MMAR_0721	mmp_721	Hypothetical protein / putative uncharacterized oxidoreductase MMAR_0721	Background_Genome	0.0332	7.9650e-01	8.5721e-01	NO
MMAR_0783	mmp_783	Hypothetical protein / putative uncharacterized oxidoreductase MMAR_0783	Background_Genome	0.0298	7.9619e-01	8.5721e-01	NO
MMAR_0900	mmp_900	Hypothetical protein / putative uncharacterized oxidoreductase MMAR_0900	Background_Genome	-0.0349	7.9784e-01	8.5721e-01	NO
MMAR_1021	mmp_1021	Hypothetical protein / putative uncharacterized oxidoreductase MMAR_1021	Background_Genome	-0.0204	7.9933e-01	8.5796e-01	NO
MMAR_0209	mmp_209	Hypothetical protein / putative uncharacterized oxidoreductase MMAR_0209	Background_Genome	-0.0275	8.0284e-01	8.6053e-01	NO
MMAR_0394	mmp_394	Hypothetical protein / putative uncharacterized oxidoreductase MMAR_0394	Background_Genome	0.0160	8.0316e-01	8.6053e-01	NO
MMAR_0627	mmp_627	Hypothetical protein / putative uncharacterized oxidoreductase MMAR_0627	Background_Genome	-0.0270	8.0676e-01	8.6361e-01	NO
MMAR_0558	mmp_558	Hypothetical protein / putative uncharacterized oxidoreductase MMAR_0558	Background_Genome	0.0228	8.1173e-01	8.6739e-01	NO
MMAR_1047	mmp_1047	Hypothetical protein / putative uncharacterized oxidoreductase MMAR_1047	Background_Genome	0.0393	8.1124e-01	8.6739e-01	NO
MMAR_0299	mmp_299	Hypothetical protein / putative uncharacterized oxidoreductase MMAR_0299	Background_Genome	0.0116	8.1508e-01	8.7019e-01	NO
MMAR_0076	mmp_76	Hypothetical protein / putative uncharacterized oxidoreductase MMAR_0076	Background_Genome	0.0227	8.1986e-01	8.7383e-01	NO
MMAR_0191	mmp_191	Hypothetical protein / putative uncharacterized oxidoreductase MMAR_0191	Background_Genome	0.0155	8.1994e-01	8.7383e-01	NO
MMAR_0439	mmp_439	Hypothetical protein / putative uncharacterized oxidoreductase MMAR_0439	Background_Genome	0.0268	8.2241e-01	8.7568e-01	NO
MMAR_5449	mycP1	Subtilisin-like protease MycP1	ESX_Secretion	-0.0275	8.2532e-01	8.7682e-01	NO
MMAR_0234	mmp_234	Hypothetical protein / putative uncharacterized oxidoreductase MMAR_0234	Background_Genome	-0.0129	8.2539e-01	8.7682e-01	NO
MMAR_0421	mmp_421	Hypothetical protein / putative uncharacterized oxidoreductase MMAR_0421	Background_Genome	-0.0184	8.2577e-01	8.7682e-01	NO
MMAR_1091	mmp_1091	Hypothetical protein / putative uncharacterized oxidoreductase MMAR_1091	Background_Genome	0.0366	8.2640e-01	8.7682e-01	NO
MMAR_0741	mmp_741	Hypothetical protein / putative uncharacterized oxidoreductase MMAR_0741	Background_Genome	-0.0276	8.2797e-01	8.7770e-01	NO
MMAR_0641	mmp_641	Hypothetical protein / putative uncharacterized oxidoreductase MMAR_0641	Background_Genome	0.0212	8.2940e-01	8.7783e-01	NO
MMAR_1020	mmp_1020	Hypothetical protein / putative uncharacterized oxidoreductase MMAR_1020	Background_Genome	-0.0269	8.2955e-01	8.7783e-01	NO
MMAR_0392	mmpL3	Trehalose monomycolate flippase MmpL3	Cell_Wall_Lipids	0.0178	8.3054e-01	8.7810e-01	NO
MMAR_0600	mmp_600	Hypothetical protein / putative uncharacterized oxidoreductase MMAR_0600	Background_Genome	0.0138	8.3272e-01	8.7963e-01	NO
MMAR_0416	mmp_416	Hypothetical protein / putative uncharacterized oxidoreductase MMAR_0416	Background_Genome	-0.0215	8.3553e-01	8.8182e-01	NO
MMAR_0149	mmp_149	Hypothetical protein / putative uncharacterized oxidoreductase MMAR_0149	Background_Genome	-0.0125	8.3895e-01	8.8466e-01	NO
MMAR_0478	mmp_478	Hypothetical protein / putative uncharacterized oxidoreductase MMAR_0478	Background_Genome	-0.0303	8.4103e-01	8.8608e-01	NO
MMAR_0647	mmp_647	Hypothetical protein / putative uncharacterized oxidoreductase MMAR_0647	Background_Genome	0.0268	8.4357e-01	8.8797e-01	NO
MMAR_0241	mmp_241	Hypothetical protein / putative uncharacterized oxidoreductase MMAR_0241	Background_Genome	0.0225	8.5108e-01	8.9290e-01	NO
MMAR_0262	mmp_262	Hypothetical protein / putative uncharacterized oxidoreductase MMAR_0262	Background_Genome	0.0182	8.5272e-01	8.9290e-01	NO
MMAR_0357	mmp_357	Hypothetical protein / putative uncharacterized oxidoreductase MMAR_0357	Background_Genome	0.0067	8.5185e-01	8.9290e-01	NO
MMAR_0470	mmp_470	Hypothetical protein / putative uncharacterized oxidoreductase MMAR_0470	Background_Genome	0.0146	8.5220e-01	8.9290e-01	NO
MMAR_0571	mmp_571	Hypothetical protein / putative uncharacterized oxidoreductase MMAR_0571	Background_Genome	-0.0286	8.5067e-01	8.9290e-01	NO
MMAR_0593	mmp_593	Hypothetical protein / putative uncharacterized oxidoreductase MMAR_0593	Background_Genome	-0.0212	8.4929e-01	8.9290e-01	NO
MMAR_0845	mmp_845	Hypothetical protein / putative uncharacterized oxidoreductase MMAR_0845	Background_Genome	0.0169	8.5436e-01	8.9383e-01	NO
MMAR_0608	mmp_608	Hypothetical protein / putative uncharacterized oxidoreductase MMAR_0608	Background_Genome	0.0170	8.5734e-01	8.9617e-01	NO
MMAR_0297	mmp_297	Hypothetical protein / putative uncharacterized oxidoreductase MMAR_0297	Background_Genome	0.0301	8.6018e-01	8.9836e-01	NO
MMAR_0068	mmp_68	Hypothetical protein / putative uncharacterized oxidoreductase MMAR_0068	Background_Genome	-0.0164	8.6125e-01	8.9870e-01	NO
MMAR_1167	mmp_1167	Hypothetical protein / putative uncharacterized oxidoreductase MMAR_1167	Background_Genome	-0.0195	8.6625e-01	9.0313e-01	NO
MMAR_0078	mmp_78	Hypothetical protein / putative uncharacterized oxidoreductase MMAR_0078	Background_Genome	-0.0156	8.6783e-01	9.0399e-01	NO
MMAR_0384	mmp_384	Hypothetical protein / putative uncharacterized oxidoreductase MMAR_0384	Background_Genome	0.0109	8.7083e-01	9.0554e-01	NO
MMAR_0683	mmp_683	Hypothetical protein / putative uncharacterized oxidoreductase MMAR_0683	Background_Genome	0.0162	8.7013e-01	9.0554e-01	NO
MMAR_0243	mmp_243	Hypothetical protein / putative uncharacterized oxidoreductase MMAR_0243	Background_Genome	-0.0150	8.7718e-01	9.1136e-01	NO
MMAR_0432	mmp_432	Hypothetical protein / putative uncharacterized oxidoreductase MMAR_0432	Background_Genome	-0.0101	8.8263e-01	9.1622e-01	NO
MMAR_0868	mmp_868	Hypothetical protein / putative uncharacterized oxidoreductase MMAR_0868	Background_Genome	0.0246	8.8369e-01	9.1653e-01	NO
MMAR_0497	mmp_497	Hypothetical protein / putative uncharacterized oxidoreductase MMAR_0497	Background_Genome	-0.0164	8.8603e-01	9.1724e-01	NO
MMAR_1116	mmp_1116	Hypothetical protein / putative uncharacterized oxidoreductase MMAR_1116	Background_Genome	0.0190	8.8611e-01	9.1724e-01	NO
MMAR_1168	mmp_1168	Hypothetical protein / putative uncharacterized oxidoreductase MMAR_1168	Background_Genome	-0.0113	8.8666e-01	9.1724e-01	NO
MMAR_0368	mmp_368	Hypothetical protein / putative uncharacterized oxidoreductase MMAR_0368	Background_Genome	0.0254	8.8753e-01	9.1734e-01	NO
MMAR_1124	mmp_1124	Hypothetical protein / putative uncharacterized oxidoreductase MMAR_1124	Background_Genome	0.0217	8.9054e-01	9.1967e-01	NO
MMAR_1114	mmp_1114	Hypothetical protein / putative uncharacterized oxidoreductase MMAR_1114	Background_Genome	-0.0179	8.9173e-01	9.2010e-01	NO
MMAR_0213	mmp_213	Hypothetical protein / putative uncharacterized oxidoreductase MMAR_0213	Background_Genome	-0.0089	8.9626e-01	9.2319e-01	NO
MMAR_0803	mmp_803	Hypothetical protein / putative uncharacterized oxidoreductase MMAR_0803	Background_Genome	-0.0182	8.9602e-01	9.2319e-01	NO
MMAR_1130	mmp_1130	Hypothetical protein / putative uncharacterized oxidoreductase MMAR_1130	Background_Genome	0.0080	9.0581e-01	9.3222e-01	NO
MMAR_0313	mmp_313	Hypothetical protein / putative uncharacterized oxidoreductase MMAR_0313	Background_Genome	-0.0112	9.0878e-01	9.3448e-01	NO
MMAR_0595	mmp_595	Hypothetical protein / putative uncharacterized oxidoreductase MMAR_0595	Background_Genome	0.0125	9.0986e-01	9.3478e-01	NO
MMAR_0481	mmp_481	Hypothetical protein / putative uncharacterized oxidoreductase MMAR_0481	Background_Genome	-0.0127	9.1256e-01	9.3676e-01	NO
MMAR_0141	mmp_141	Hypothetical protein / putative uncharacterized oxidoreductase MMAR_0141	Background_Genome	-0.0071	9.1526e-01	9.3713e-01	NO
MMAR_0249	mmp_249	Hypothetical protein / putative uncharacterized oxidoreductase MMAR_0249	Background_Genome	-0.0178	9.1483e-01	9.3713e-01	NO
MMAR_0634	mmp_634	Hypothetical protein / putative uncharacterized oxidoreductase MMAR_0634	Background_Genome	0.0112	9.1442e-01	9.3713e-01	NO
MMAR_0127	mmp_127	Hypothetical protein / putative uncharacterized oxidoreductase MMAR_0127	Background_Genome	0.0155	9.2022e-01	9.4140e-01	NO
MMAR_0217	mmp_217	Hypothetical protein / putative uncharacterized oxidoreductase MMAR_0217	Background_Genome	-0.0118	9.2736e-01	9.4548e-01	NO
MMAR_0775	mmp_775	Hypothetical protein / putative uncharacterized oxidoreductase MMAR_0775	Background_Genome	0.0137	9.2580e-01	9.4548e-01	NO
MMAR_0882	mmp_882	Hypothetical protein / putative uncharacterized oxidoreductase MMAR_0882	Background_Genome	-0.0121	9.2617e-01	9.4548e-01	NO
MMAR_0920	mmp_920	Hypothetical protein / putative uncharacterized oxidoreductase MMAR_0920	Background_Genome	0.0114	9.2668e-01	9.4548e-01	NO
MMAR_0582	mmp_582	Hypothetical protein / putative uncharacterized oxidoreductase MMAR_0582	Background_Genome	-0.0091	9.2849e-01	9.4583e-01	NO
MMAR_0250	mmp_250	Hypothetical protein / putative uncharacterized oxidoreductase MMAR_0250	Background_Genome	-0.0108	9.3161e-01	9.4821e-01	NO
MMAR_0071	mmp_71	Hypothetical protein / putative uncharacterized oxidoreductase MMAR_0071	Background_Genome	-0.0031	9.3253e-01	9.4833e-01	NO
MMAR_0431	mmp_431	Hypothetical protein / putative uncharacterized oxidoreductase MMAR_0431	Background_Genome	0.0136	9.3441e-01	9.4945e-01	NO
MMAR_0520	mmp_520	Hypothetical protein / putative uncharacterized oxidoreductase MMAR_0520	Background_Genome	-0.0044	9.4166e-01	9.5600e-01	NO
MMAR_0977	mmp_977	Hypothetical protein / putative uncharacterized oxidoreductase MMAR_0977	Background_Genome	0.0072	9.4349e-01	9.5705e-01	NO
MMAR_0370	mmp_370	Hypothetical protein / putative uncharacterized oxidoreductase MMAR_0370	Background_Genome	-0.0086	9.4642e-01	9.5921e-01	NO
MMAR_0897	mmp_897	Hypothetical protein / putative uncharacterized oxidoreductase MMAR_0897	Background_Genome	0.0065	9.5055e-01	9.6258e-01	NO
MMAR_0550	mmp_550	Hypothetical protein / putative uncharacterized oxidoreductase MMAR_0550	Background_Genome	-0.0056	9.5518e-01	9.6646e-01	NO
MMAR_0839	mmp_839	Hypothetical protein / putative uncharacterized oxidoreductase MMAR_0839	Background_Genome	-0.0034	9.6050e-01	9.7102e-01	NO
MMAR_0592	mmp_592	Hypothetical protein / putative uncharacterized oxidoreductase MMAR_0592	Background_Genome	-0.0053	9.7394e-01	9.8378e-01	NO
MMAR_2351	nuoB	NADH-quinone oxidoreductase subunit B	Downregulated_Metabolism	-0.0025	9.7622e-01	9.8442e-01	NO
MMAR_0610	mmp_610	Hypothetical protein / putative uncharacterized oxidoreductase MMAR_0610	Background_Genome	0.0024	9.7549e-01	9.8442e-01	NO
MMAR_1044	mmp_1044	Hypothetical protein / putative uncharacterized oxidoreductase MMAR_1044	Background_Genome	0.0019	9.8320e-01	9.8980e-01	NO
MMAR_1161	mmp_1161	Hypothetical protein / putative uncharacterized oxidoreductase MMAR_1161	Background_Genome	0.0035	9.8245e-01	9.8980e-01	NO
MMAR_0469	mmp_469	Hypothetical protein / putative uncharacterized oxidoreductase MMAR_0469	Background_Genome	0.0011	9.8438e-01	9.9016e-01	NO
MMAR_0160	mmp_160	Hypothetical protein / putative uncharacterized oxidoreductase MMAR_0160	Background_Genome	0.0009	9.8546e-01	9.9041e-01	NO
MMAR_3400	secA	Protein translocase subunit SecA	Housekeeping	0.0009	9.9195e-01	9.9527e-01	NO
MMAR_0295	mmp_295	Hypothetical protein / putative uncharacterized oxidoreductase MMAR_0295	Background_Genome	-0.0007	9.9172e-01	9.9527e-01	NO
MMAR_0801	mmp_801	Hypothetical protein / putative uncharacterized oxidoreductase MMAR_0801	Background_Genome	0.0010	9.9373e-01	9.9622e-01	NO
MMAR_5238	sodA	Superoxide dismutase SodA (Mn/Fe cofactor)	Oxidative_Stress	0.0001	9.9935e-01	9.9935e-01	NO
MMAR_0377	mmp_377	Hypothetical protein / putative uncharacterized oxidoreductase MMAR_0377	Background_Genome	0.0002	9.9769e-01	9.9935e-01	NO
MMAR_1079	mmp_1079	Hypothetical protein / putative uncharacterized oxidoreductase MMAR_1079	Background_Genome	0.0002	9.9867e-01	9.9935e-01	NO
